{
"type": "FeatureCollection",
"name": "geo_32_2",
"crs": { "type": "name", "properties": { "name": "urn:ogc:def:crs:OGC:1.3:CRS84" } },
"features": [
{ "type": "Feature", "properties": { "ID": 3222323101440, "正式名称": "医療法人つたや会　在宅診療所まつえ", "機関区分": 2, "都道府県コード": 32, "市区町村コード": 201, "所在地": "島根県松江市嫁島町８８番地１", "緯度": 35.449591, "経度": 133.047637, "url": "https://www.iryou.teikyouseido.mhlw.go.jp/znk-web/juminkanja/S2430/initialize?prefCd=32&kikanCd=2323101440&kikanKbn=2", "url2": "https://www.medicalco-tsutaya.jp/index.html", "内容": "医療法人つたや会　在宅診療所まつえ【2:診療所】【診療科目:内科_麻酔科】島根県松江市嫁島町８８番地１" }, "geometry": { "type": "Point", "coordinates": [ 133.047637, 35.449591 ] } },
{ "type": "Feature", "properties": { "ID": 3222323106230, "正式名称": "笠木医院", "機関区分": 2, "都道府県コード": 32, "市区町村コード": 201, "所在地": "島根県松江市外中原町２３－１", "緯度": 35.46969, "経度": 133.042895, "url": "https://www.iryou.teikyouseido.mhlw.go.jp/znk-web/juminkanja/S2430/initialize?prefCd=32&kikanCd=2323106230&kikanKbn=2", "url2": null, "内容": "笠木医院【2:診療所】【診療科目:内科_歯科】島根県松江市外中原町２３－１" }, "geometry": { "type": "Point", "coordinates": [ 133.042895, 35.46969 ] } },
{ "type": "Feature", "properties": { "ID": 3222323106780, "正式名称": "うえだ内科ファミリークリニック", "機関区分": 2, "都道府県コード": 32, "市区町村コード": 201, "所在地": "島根県松江市西津田七丁目１１番１５号", "緯度": 35.45707, "経度": 133.067254, "url": "https://www.iryou.teikyouseido.mhlw.go.jp/znk-web/juminkanja/S2430/initialize?prefCd=32&kikanCd=2323106780&kikanKbn=2", "url2": null, "内容": "うえだ内科ファミリークリニック【2:診療所】【診療科目:内科_消化器内科_小児科】島根県松江市西津田七丁目１１番１５号" }, "geometry": { "type": "Point", "coordinates": [ 133.067254, 35.45707 ] } },
{ "type": "Feature", "properties": { "ID": 3222323107400, "正式名称": "心療内科心身一如松江ホリスティッククリニック", "機関区分": 2, "都道府県コード": 32, "市区町村コード": 201, "所在地": "島根県松江市東朝日町１３６－２", "緯度": 35.465411, "経度": 133.065603, "url": "https://www.iryou.teikyouseido.mhlw.go.jp/znk-web/juminkanja/S2430/initialize?prefCd=32&kikanCd=2323107400&kikanKbn=2", "url2": null, "内容": "心療内科心身一如松江ホリスティッククリニック【2:診療所】【診療科目:漢方内科_精神科_心療内科_アレルギー科_リハビリテーション科】島根県松江市東朝日町１３６－２" }, "geometry": { "type": "Point", "coordinates": [ 133.065603, 35.465411 ] } },
{ "type": "Feature", "properties": { "ID": 3222323107790, "正式名称": "東京ノーストクリニック", "機関区分": 2, "都道府県コード": 32, "市区町村コード": 201, "所在地": "島根県松江市朝日町４９２－５国神ビル４Ｆ", "緯度": 35.464544, "経度": 133.060569, "url": "https://www.iryou.teikyouseido.mhlw.go.jp/znk-web/juminkanja/S2430/initialize?prefCd=32&kikanCd=2323107790&kikanKbn=2", "url2": null, "内容": "東京ノーストクリニック【2:診療所】【診療科目:形成外科_泌尿器科】島根県松江市朝日町４９２－５国神ビル４Ｆ" }, "geometry": { "type": "Point", "coordinates": [ 133.060569, 35.464544 ] } },
{ "type": "Feature", "properties": { "ID": 3222323109130, "正式名称": "心と体の診療所　おくだクリニック", "機関区分": 2, "都道府県コード": 32, "市区町村コード": 201, "所在地": "島根県松江市嫁島町１４－１２", "緯度": 35.450962, "経度": 133.049033, "url": "https://www.iryou.teikyouseido.mhlw.go.jp/znk-web/juminkanja/S2430/initialize?prefCd=32&kikanCd=2323109130&kikanKbn=2", "url2": "https://www.okudaclinic-psy.com/", "内容": "心と体の診療所　おくだクリニック【2:診療所】【診療科目:内科_精神科_心療内科】島根県松江市嫁島町１４－１２" }, "geometry": { "type": "Point", "coordinates": [ 133.049033, 35.450962 ] } },
{ "type": "Feature", "properties": { "ID": 3222323109680, "正式名称": "まつえ城下町レディースクリニック", "機関区分": 2, "都道府県コード": 32, "市区町村コード": 201, "所在地": "島根県松江市殿町２２２", "緯度": 35.474631, "経度": 133.054278, "url": "https://www.iryou.teikyouseido.mhlw.go.jp/znk-web/juminkanja/S2430/initialize?prefCd=32&kikanCd=2323109680&kikanKbn=2", "url2": null, "内容": "まつえ城下町レディースクリニック【2:診療所】【診療科目:内科_乳腺外科_肛門外科_婦人科】島根県松江市殿町２２２" }, "geometry": { "type": "Point", "coordinates": [ 133.054278, 35.474631 ] } },
{ "type": "Feature", "properties": { "ID": 3222323109840, "正式名称": "ただ内科・呼吸器クリニック", "機関区分": 2, "都道府県コード": 32, "市区町村コード": 201, "所在地": "島根県松江市北田町３３－３ただ内科・呼吸器クリニック", "緯度": 35.47755, "経度": 133.058422, "url": "https://www.iryou.teikyouseido.mhlw.go.jp/znk-web/juminkanja/S2430/initialize?prefCd=32&kikanCd=2323109840&kikanKbn=2", "url2": null, "内容": "ただ内科・呼吸器クリニック【2:診療所】【診療科目:内科_呼吸器内科】島根県松江市北田町３３－３ただ内科・呼吸器クリニック" }, "geometry": { "type": "Point", "coordinates": [ 133.058422, 35.47755 ] } },
{ "type": "Feature", "properties": { "ID": 3222323111120, "正式名称": "かわつ田中クリニック", "機関区分": 2, "都道府県コード": 32, "市区町村コード": 201, "所在地": "島根県松江市西川津町６２３－６かわつ田中クリニック", "緯度": 35.492853, "経度": 133.076086, "url": "https://www.iryou.teikyouseido.mhlw.go.jp/znk-web/juminkanja/S2430/initialize?prefCd=32&kikanCd=2323111120&kikanKbn=2", "url2": "https://t-clinic.site", "内容": "かわつ田中クリニック【2:診療所】【診療科目:内科_糖尿病・代謝内科_老年内科_眼科_歯科】島根県松江市西川津町６２３－６かわつ田中クリニック" }, "geometry": { "type": "Point", "coordinates": [ 133.076086, 35.492853 ] } },
{ "type": "Feature", "properties": { "ID": 3222323111410, "正式名称": "たなか脳神経内科", "機関区分": 2, "都道府県コード": 32, "市区町村コード": 201, "所在地": "島根県松江市古志原２丁目２２ー２８", "緯度": 35.450446, "経度": 133.083783, "url": "https://www.iryou.teikyouseido.mhlw.go.jp/znk-web/juminkanja/S2430/initialize?prefCd=32&kikanCd=2323111410&kikanKbn=2", "url2": "https://www.tananou.com/", "内容": "たなか脳神経内科【2:診療所】【診療科目:内科_神経内科】島根県松江市古志原２丁目２２ー２８" }, "geometry": { "type": "Point", "coordinates": [ 133.083783, 35.450446 ] } },
{ "type": "Feature", "properties": { "ID": 3222323112710, "正式名称": "救護施設　泉の園　医務室", "機関区分": 2, "都道府県コード": 32, "市区町村コード": 201, "所在地": "島根県松江市矢田町５３４－４", "緯度": 35.443308, "経度": 133.102606, "url": "https://www.iryou.teikyouseido.mhlw.go.jp/znk-web/juminkanja/S2430/initialize?prefCd=32&kikanCd=2323112710&kikanKbn=2", "url2": null, "内容": "救護施設　泉の園　医務室【2:診療所】【診療科目:内科_精神科】島根県松江市矢田町５３４－４" }, "geometry": { "type": "Point", "coordinates": [ 133.102606, 35.443308 ] } },
{ "type": "Feature", "properties": { "ID": 3222323114440, "正式名称": "ブランクリニック　松江院", "機関区分": 2, "都道府県コード": 32, "市区町村コード": 201, "所在地": "島根県松江市東朝日町１３６番地４ＴＭＤビル", "緯度": 35.465411, "経度": 133.065603, "url": "https://www.iryou.teikyouseido.mhlw.go.jp/znk-web/juminkanja/S2430/initialize?prefCd=32&kikanCd=2323114440&kikanKbn=2", "url2": "https://bccl.jp/about/matsue/", "内容": "ブランクリニック　松江院【2:診療所】【診療科目:美容皮膚科】島根県松江市東朝日町１３６番地４ＴＭＤビル" }, "geometry": { "type": "Point", "coordinates": [ 133.065603, 35.465411 ] } },
{ "type": "Feature", "properties": { "ID": 3222323114570, "正式名称": "陽だまりこどもクリニック", "機関区分": 2, "都道府県コード": 32, "市区町村コード": 201, "所在地": "島根県松江市東出雲町出雲郷８６２－１", "緯度": 35.430982, "経度": 133.132184, "url": "https://www.iryou.teikyouseido.mhlw.go.jp/znk-web/juminkanja/S2430/initialize?prefCd=32&kikanCd=2323114570&kikanKbn=2", "url2": null, "内容": "陽だまりこどもクリニック【2:診療所】【診療科目:小児科_アレルギー科】島根県松江市東出雲町出雲郷８６２－１" }, "geometry": { "type": "Point", "coordinates": [ 133.132184, 35.430982 ] } },
{ "type": "Feature", "properties": { "ID": 3222323114600, "正式名称": "秀黄内科クリニック", "機関区分": 2, "都道府県コード": 32, "市区町村コード": 201, "所在地": "島根県松江市幸町８２９－３３", "緯度": 35.457617, "経度": 133.054972, "url": "https://www.iryou.teikyouseido.mhlw.go.jp/znk-web/juminkanja/S2430/initialize?prefCd=32&kikanCd=2323114600&kikanKbn=2", "url2": null, "内容": "秀黄内科クリニック【2:診療所】【診療科目:内科】島根県松江市幸町８２９－３３" }, "geometry": { "type": "Point", "coordinates": [ 133.054972, 35.457617 ] } },
{ "type": "Feature", "properties": { "ID": 3222323114730, "正式名称": "いちえ内科・呼吸器クリニック", "機関区分": 2, "都道府県コード": 32, "市区町村コード": 201, "所在地": "島根県松江市浜乃木三丁目３－２４", "緯度": 35.443096, "経度": 133.045817, "url": "https://www.iryou.teikyouseido.mhlw.go.jp/znk-web/juminkanja/S2430/initialize?prefCd=32&kikanCd=2323114730&kikanKbn=2", "url2": null, "内容": "いちえ内科・呼吸器クリニック【2:診療所】【診療科目:内科_呼吸器内科】島根県松江市浜乃木三丁目３－２４" }, "geometry": { "type": "Point", "coordinates": [ 133.045817, 35.443096 ] } },
{ "type": "Feature", "properties": { "ID": 3222323114860, "正式名称": "ＴＣＢ　東京中央美容外科・ＴＣＢ　スキンクリニック　松江院", "機関区分": 2, "都道府県コード": 32, "市区町村コード": 201, "所在地": "島根県松江市朝日町４８０−８松江ＳＫＹビル２Ｆ", "緯度": 35.464521, "経度": 133.061487, "url": "https://www.iryou.teikyouseido.mhlw.go.jp/znk-web/juminkanja/S2430/initialize?prefCd=32&kikanCd=2323114860&kikanKbn=2", "url2": "https://aoki-tsuyoshi.com/", "内容": "ＴＣＢ　東京中央美容外科・ＴＣＢ　スキンクリニック　松江院【2:診療所】【診療科目:形成外科_美容外科_皮膚科_美容皮膚科】島根県松江市朝日町４８０−８松江ＳＫＹビル２Ｆ" }, "geometry": { "type": "Point", "coordinates": [ 133.061487, 35.464521 ] } },
{ "type": "Feature", "properties": { "ID": 3222323114990, "正式名称": "医療法人社団　泉胃腸科医院", "機関区分": 2, "都道府県コード": 32, "市区町村コード": 201, "所在地": "島根県松江市黒田町９３－７", "緯度": 35.482043, "経度": 133.041893, "url": "https://www.iryou.teikyouseido.mhlw.go.jp/znk-web/juminkanja/S2430/initialize?prefCd=32&kikanCd=2323114990&kikanKbn=2", "url2": null, "内容": "医療法人社団　泉胃腸科医院【2:診療所】【診療科目:内科_消化器内科_内視鏡内科_肛門外科】島根県松江市黒田町９３－７" }, "geometry": { "type": "Point", "coordinates": [ 133.041893, 35.482043 ] } },
{ "type": "Feature", "properties": { "ID": 3222323115160, "正式名称": "はまもとクリニック", "機関区分": 2, "都道府県コード": 32, "市区町村コード": 201, "所在地": "島根県松江市大庭１４４番地１", "緯度": 35.43086, "経度": 133.086634, "url": "https://www.iryou.teikyouseido.mhlw.go.jp/znk-web/juminkanja/S2430/initialize?prefCd=32&kikanCd=2323115160&kikanKbn=2", "url2": "https://hamamoto-seikei.com/", "内容": "はまもとクリニック【2:診療所】【診療科目:外科_整形外科_リウマチ科_リハビリテーション科】島根県松江市大庭１４４番地１" }, "geometry": { "type": "Point", "coordinates": [ 133.086634, 35.43086 ] } },
{ "type": "Feature", "properties": { "ID": 3222323115320, "正式名称": "たけだ医院", "機関区分": 2, "都道府県コード": 32, "市区町村コード": 201, "所在地": "島根県松江市大庭町１８０１－１", "緯度": 35.43797, "経度": 133.084534, "url": "https://www.iryou.teikyouseido.mhlw.go.jp/znk-web/juminkanja/S2430/initialize?prefCd=32&kikanCd=2323115320&kikanKbn=2", "url2": "https://takeda-iin.jp/", "内容": "たけだ医院【2:診療所】【診療科目:内科_呼吸器内科_消化器内科_腫瘍内科_内視鏡内科】島根県松江市大庭町１８０１－１" }, "geometry": { "type": "Point", "coordinates": [ 133.084534, 35.43797 ] } },
{ "type": "Feature", "properties": { "ID": 3222323115610, "正式名称": "たなか内科クリニック", "機関区分": 2, "都道府県コード": 32, "市区町村コード": 201, "所在地": "島根県松江市上乃木９丁目９番２７号", "緯度": 35.441891, "経度": 133.061758, "url": "https://www.iryou.teikyouseido.mhlw.go.jp/znk-web/juminkanja/S2430/initialize?prefCd=32&kikanCd=2323115610&kikanKbn=2", "url2": null, "内容": "たなか内科クリニック【2:診療所】【診療科目:内科】島根県松江市上乃木９丁目９番２７号" }, "geometry": { "type": "Point", "coordinates": [ 133.061758, 35.441891 ] } },
{ "type": "Feature", "properties": { "ID": 3222323121930, "正式名称": "たわやま清水眼科", "機関区分": 2, "都道府県コード": 32, "市区町村コード": 201, "所在地": "島根県松江市乃白町２２５２", "緯度": 35.433696, "経度": 133.05574, "url": "https://www.iryou.teikyouseido.mhlw.go.jp/znk-web/juminkanja/S2430/initialize?prefCd=32&kikanCd=2323121930&kikanKbn=2", "url2": "https://tawayama-shimizuganka.com", "内容": "たわやま清水眼科【2:診療所】【診療科目:眼科】島根県松江市乃白町２２５２" }, "geometry": { "type": "Point", "coordinates": [ 133.05574, 35.433696 ] } },
{ "type": "Feature", "properties": { "ID": 3222323122070, "正式名称": "医療法人野田眼科医院", "機関区分": 2, "都道府県コード": 32, "市区町村コード": 201, "所在地": "島根県松江市北田町１－１", "緯度": 35.475154, "経度": 133.063441, "url": "https://www.iryou.teikyouseido.mhlw.go.jp/znk-web/juminkanja/S2430/initialize?prefCd=32&kikanCd=2323122070&kikanKbn=2", "url2": "https://www.noda-eyeclinic.com", "内容": "医療法人野田眼科医院【2:診療所】【診療科目:眼科】島根県松江市北田町１－１" }, "geometry": { "type": "Point", "coordinates": [ 133.063441, 35.475154 ] } },
{ "type": "Feature", "properties": { "ID": 322232312281, "正式名称": "きらり形成外科・お肌クリニック", "機関区分": 2, "都道府県コード": 32, "市区町村コード": 201, "所在地": "島根県松江市乃白町２２４９", "緯度": 35.436634, "経度": 133.0525, "url": "https://www.iryou.teikyouseido.mhlw.go.jp/znk-web/juminkanja/S2430/initialize?prefCd=32&kikanCd=232312281&kikanKbn=2", "url2": "https://kira-cli.com/", "内容": "きらり形成外科・お肌クリニック【2:診療所】【診療科目:形成外科_皮膚科_美容皮膚科】島根県松江市乃白町２２４９" }, "geometry": { "type": "Point", "coordinates": [ 133.0525, 35.436634 ] } },
{ "type": "Feature", "properties": { "ID": 3222325100290, "正式名称": "石田内科小児科医院", "機関区分": 2, "都道府県コード": 32, "市区町村コード": 201, "所在地": "島根県松江市春日町５８３－３", "緯度": 35.469308, "経度": 133.05838, "url": "https://www.iryou.teikyouseido.mhlw.go.jp/znk-web/juminkanja/S2430/initialize?prefCd=32&kikanCd=2325100290&kikanKbn=2", "url2": null, "内容": "石田内科小児科医院【2:診療所】【診療科目:内科_小児科】島根県松江市春日町５８３－３" }, "geometry": { "type": "Point", "coordinates": [ 133.05838, 35.469308 ] } },
{ "type": "Feature", "properties": { "ID": 3222325101620, "正式名称": "葛尾内科医院", "機関区分": 2, "都道府県コード": 32, "市区町村コード": 201, "所在地": "島根県松江市東奥谷町３－６", "緯度": 35.482653, "経度": 133.060889, "url": "https://www.iryou.teikyouseido.mhlw.go.jp/znk-web/juminkanja/S2430/initialize?prefCd=32&kikanCd=2325101620&kikanKbn=2", "url2": null, "内容": "葛尾内科医院【2:診療所】【診療科目:内科_呼吸器内科_循環器内科_消化器内科】島根県松江市東奥谷町３－６" }, "geometry": { "type": "Point", "coordinates": [ 133.060889, 35.482653 ] } },
{ "type": "Feature", "properties": { "ID": 3222325101910, "正式名称": "医療法人　街道会　小林医院", "機関区分": 2, "都道府県コード": 32, "市区町村コード": 201, "所在地": "島根県松江市雑賀町２６４－３", "緯度": 35.458758, "経度": 133.058761, "url": "https://www.iryou.teikyouseido.mhlw.go.jp/znk-web/juminkanja/S2430/initialize?prefCd=32&kikanCd=2325101910&kikanKbn=2", "url2": null, "内容": "医療法人　街道会　小林医院【2:診療所】【診療科目:内科_循環器内科_胃腸内科_小児科】島根県松江市雑賀町２６４－３" }, "geometry": { "type": "Point", "coordinates": [ 133.058761, 35.458758 ] } },
{ "type": "Feature", "properties": { "ID": 3222325102340, "正式名称": "佐野内科循環器科医院", "機関区分": 2, "都道府県コード": 32, "市区町村コード": 201, "所在地": "島根県松江市松江市浜乃木１ー１７ー７", "緯度": 35.4461, "経度": 133.05568, "url": "https://www.iryou.teikyouseido.mhlw.go.jp/znk-web/juminkanja/S2430/initialize?prefCd=32&kikanCd=2325102340&kikanKbn=2", "url2": null, "内容": "佐野内科循環器科医院【2:診療所】【診療科目:内科_循環器内科】島根県松江市松江市浜乃木１ー１７ー７" }, "geometry": { "type": "Point", "coordinates": [ 133.05568, 35.4461 ] } },
{ "type": "Feature", "properties": { "ID": 3222325102920, "正式名称": "信太内科医院", "機関区分": 2, "都道府県コード": 32, "市区町村コード": 201, "所在地": "島根県松江市殿町３３２", "緯度": 35.473702, "経度": 133.054727, "url": "https://www.iryou.teikyouseido.mhlw.go.jp/znk-web/juminkanja/S2430/initialize?prefCd=32&kikanCd=2325102920&kikanKbn=2", "url2": null, "内容": "信太内科医院【2:診療所】【診療科目:内科_循環器内科_消化器内科】島根県松江市殿町３３２" }, "geometry": { "type": "Point", "coordinates": [ 133.054727, 35.473702 ] } },
{ "type": "Feature", "properties": { "ID": 3222325103190, "正式名称": "鈴木内科医院", "機関区分": 2, "都道府県コード": 32, "市区町村コード": 201, "所在地": "島根県松江市西川津町１１９８－５", "緯度": 35.4876, "経度": 133.073777, "url": "https://www.iryou.teikyouseido.mhlw.go.jp/znk-web/juminkanja/S2430/initialize?prefCd=32&kikanCd=2325103190&kikanKbn=2", "url2": null, "内容": "鈴木内科医院【2:診療所】【診療科目:内科_呼吸器内科_循環器内科_消化器内科_胃腸内科_アレルギー疾患内科_小児科】島根県松江市西川津町１１９８－５" }, "geometry": { "type": "Point", "coordinates": [ 133.073777, 35.4876 ] } },
{ "type": "Feature", "properties": { "ID": 3222325104100, "正式名称": "医療法人　仁心会　津森医院", "機関区分": 2, "都道府県コード": 32, "市区町村コード": 201, "所在地": "島根県松江市本庄町５６７－１", "緯度": 35.509719, "経度": 133.128939, "url": "https://www.iryou.teikyouseido.mhlw.go.jp/znk-web/juminkanja/S2430/initialize?prefCd=32&kikanCd=2325104100&kikanKbn=2", "url2": "https://www.tsumori-clinic.com/", "内容": "医療法人　仁心会　津森医院【2:診療所】【診療科目:内科_外科】島根県松江市本庄町５６７－１" }, "geometry": { "type": "Point", "coordinates": [ 133.128939, 35.509719 ] } },
{ "type": "Feature", "properties": { "ID": 3222325104810, "正式名称": "野津医院", "機関区分": 2, "都道府県コード": 32, "市区町村コード": 201, "所在地": "島根県松江市本庄町５６５ー１", "緯度": 35.509458, "経度": 133.128929, "url": "https://www.iryou.teikyouseido.mhlw.go.jp/znk-web/juminkanja/S2430/initialize?prefCd=32&kikanCd=2325104810&kikanKbn=2", "url2": null, "内容": "野津医院【2:診療所】【診療科目:内科_血液内科_小児科】島根県松江市本庄町５６５ー１" }, "geometry": { "type": "Point", "coordinates": [ 133.128929, 35.509458 ] } },
{ "type": "Feature", "properties": { "ID": 3222325105370, "正式名称": "幡医院", "機関区分": 2, "都道府県コード": 32, "市区町村コード": 201, "所在地": "島根県松江市片原町８７", "緯度": 35.469814, "経度": 133.051722, "url": "https://www.iryou.teikyouseido.mhlw.go.jp/znk-web/juminkanja/S2430/initialize?prefCd=32&kikanCd=2325105370&kikanKbn=2", "url2": "https://www.hataiin-matsue.com/", "内容": "幡医院【2:診療所】【診療科目:内科_呼吸器内科_循環器内科_消化器内科】島根県松江市片原町８７" }, "geometry": { "type": "Point", "coordinates": [ 133.051722, 35.469814 ] } },
{ "type": "Feature", "properties": { "ID": 3222325105820, "正式名称": "古瀬眼科医院", "機関区分": 2, "都道府県コード": 32, "市区町村コード": 201, "所在地": "島根県松江市大正町４０１－６", "緯度": 35.461543, "経度": 133.062779, "url": "https://www.iryou.teikyouseido.mhlw.go.jp/znk-web/juminkanja/S2430/initialize?prefCd=32&kikanCd=2325105820&kikanKbn=2", "url2": null, "内容": "古瀬眼科医院【2:診療所】【診療科目:眼科】島根県松江市大正町４０１－６" }, "geometry": { "type": "Point", "coordinates": [ 133.062779, 35.461543 ] } },
{ "type": "Feature", "properties": { "ID": 3222325106090, "正式名称": "星野医院", "機関区分": 2, "都道府県コード": 32, "市区町村コード": 201, "所在地": "島根県松江市古曽志町７３３番地", "緯度": 35.479572, "経度": 132.998719, "url": "https://www.iryou.teikyouseido.mhlw.go.jp/znk-web/juminkanja/S2430/initialize?prefCd=32&kikanCd=2325106090&kikanKbn=2", "url2": null, "内容": "星野医院【2:診療所】【診療科目:内科】島根県松江市古曽志町７３３番地" }, "geometry": { "type": "Point", "coordinates": [ 132.998719, 35.479572 ] } },
{ "type": "Feature", "properties": { "ID": 3222325106250, "正式名称": "医療法人堀内科胃腸科医院", "機関区分": 2, "都道府県コード": 32, "市区町村コード": 201, "所在地": "島根県松江市大正町４４５－２", "緯度": 35.462569, "経度": 133.063309, "url": "https://www.iryou.teikyouseido.mhlw.go.jp/znk-web/juminkanja/S2430/initialize?prefCd=32&kikanCd=2325106250&kikanKbn=2", "url2": "https://www.horinaika.net", "内容": "医療法人堀内科胃腸科医院【2:診療所】【診療科目:内科_消化器内科_小児科】島根県松江市大正町４４５－２" }, "geometry": { "type": "Point", "coordinates": [ 133.063309, 35.462569 ] } },
{ "type": "Feature", "properties": { "ID": 3222325108010, "正式名称": "桑原整形外科医院", "機関区分": 2, "都道府県コード": 32, "市区町村コード": 201, "所在地": "島根県松江市袖師町９－２６桑原整形外科医院", "緯度": 35.452786, "経度": 133.050614, "url": "https://www.iryou.teikyouseido.mhlw.go.jp/znk-web/juminkanja/S2430/initialize?prefCd=32&kikanCd=2325108010&kikanKbn=2", "url2": "https://www.kuwaharaseikei.com/", "内容": "桑原整形外科医院【2:診療所】【診療科目:整形外科_リウマチ科_リハビリテーション科】島根県松江市袖師町９－２６桑原整形外科医院" }, "geometry": { "type": "Point", "coordinates": [ 133.050614, 35.452786 ] } },
{ "type": "Feature", "properties": { "ID": 3222325108560, "正式名称": "医療法人佐藤クリニック", "機関区分": 2, "都道府県コード": 32, "市区町村コード": 201, "所在地": "島根県松江市外中原町１２１－２", "緯度": 35.471931, "経度": 133.043592, "url": "https://www.iryou.teikyouseido.mhlw.go.jp/znk-web/juminkanja/S2430/initialize?prefCd=32&kikanCd=2325108560&kikanKbn=2", "url2": null, "内容": "医療法人佐藤クリニック【2:診療所】【診療科目:外科_整形外科_リウマチ科_リハビリテーション科】島根県松江市外中原町１２１－２" }, "geometry": { "type": "Point", "coordinates": [ 133.043592, 35.471931 ] } },
{ "type": "Feature", "properties": { "ID": 3222325108850, "正式名称": "医療法人福間内科医院", "機関区分": 2, "都道府県コード": 32, "市区町村コード": 201, "所在地": "島根県松江市雑賀町４５番地", "緯度": 35.457585, "経度": 133.056713, "url": "https://www.iryou.teikyouseido.mhlw.go.jp/znk-web/juminkanja/S2430/initialize?prefCd=32&kikanCd=2325108850&kikanKbn=2", "url2": "https://fukuma-naika.doctorsfile.jp/", "内容": "医療法人福間内科医院【2:診療所】【診療科目:内科_循環器内科_消化器内科_胃腸内科】島根県松江市雑賀町４５番地" }, "geometry": { "type": "Point", "coordinates": [ 133.056713, 35.457585 ] } },
{ "type": "Feature", "properties": { "ID": 3222325108980, "正式名称": "津田小学校前よしの医院", "機関区分": 2, "都道府県コード": 32, "市区町村コード": 201, "所在地": "島根県松江市東津田町１１９５－３", "緯度": 35.456933, "経度": 133.082361, "url": "https://www.iryou.teikyouseido.mhlw.go.jp/znk-web/juminkanja/S2430/initialize?prefCd=32&kikanCd=2325108980&kikanKbn=2", "url2": "http://www.yoshino-cl.com", "内容": "津田小学校前よしの医院【2:診療所】【診療科目:内科_消化器内科_胃腸内科】島根県松江市東津田町１１９５－３" }, "geometry": { "type": "Point", "coordinates": [ 133.082361, 35.456933 ] } },
{ "type": "Feature", "properties": { "ID": 3222325109860, "正式名称": "厚生センター診療所", "機関区分": 2, "都道府県コード": 32, "市区町村コード": 201, "所在地": "島根県松江市上乃木７丁目１－２８", "緯度": 35.445312, "経度": 133.068611, "url": "https://www.iryou.teikyouseido.mhlw.go.jp/znk-web/juminkanja/S2430/initialize?prefCd=32&kikanCd=2325109860&kikanKbn=2", "url2": null, "内容": "厚生センター診療所【2:診療所】【診療科目:内科_胃腸内科_整形外科_精神科】島根県松江市上乃木７丁目１－２８" }, "geometry": { "type": "Point", "coordinates": [ 133.068611, 35.445312 ] } },
{ "type": "Feature", "properties": { "ID": 3222325110420, "正式名称": "医療法人　湯原内科医院", "機関区分": 2, "都道府県コード": 32, "市区町村コード": 201, "所在地": "島根県松江市苧町９番地１", "緯度": 35.468953, "経度": 133.049083, "url": "https://www.iryou.teikyouseido.mhlw.go.jp/znk-web/juminkanja/S2430/initialize?prefCd=32&kikanCd=2325110420&kikanKbn=2", "url2": null, "内容": "医療法人　湯原内科医院【2:診療所】【診療科目:内科_循環器内科】島根県松江市苧町９番地１" }, "geometry": { "type": "Point", "coordinates": [ 133.049083, 35.468953 ] } },
{ "type": "Feature", "properties": { "ID": 3222325110550, "正式名称": "医療法人社団乃木クリニック", "機関区分": 2, "都道府県コード": 32, "市区町村コード": 201, "所在地": "島根県松江市浜乃木２－７－１７", "緯度": 35.446658, "経度": 133.054258, "url": "https://www.iryou.teikyouseido.mhlw.go.jp/znk-web/juminkanja/S2430/initialize?prefCd=32&kikanCd=2325110550&kikanKbn=2", "url2": null, "内容": "医療法人社団乃木クリニック【2:診療所】【診療科目:内科_呼吸器内科_消化器内科_放射線科】島根県松江市浜乃木２－７－１７" }, "geometry": { "type": "Point", "coordinates": [ 133.054258, 35.446658 ] } },
{ "type": "Feature", "properties": { "ID": 3222325110840, "正式名称": "医療法人片山医院　片山内科胃腸科医院", "機関区分": 2, "都道府県コード": 32, "市区町村コード": 201, "所在地": "島根県松江市上乃木４－２０－２６", "緯度": 35.444872, "経度": 133.065158, "url": "https://www.iryou.teikyouseido.mhlw.go.jp/znk-web/juminkanja/S2430/initialize?prefCd=32&kikanCd=2325110840&kikanKbn=2", "url2": null, "内容": "医療法人片山医院　片山内科胃腸科医院【2:診療所】【診療科目:内科_消化器内科_胃腸内科】島根県松江市上乃木４－２０－２６" }, "geometry": { "type": "Point", "coordinates": [ 133.065158, 35.444872 ] } },
{ "type": "Feature", "properties": { "ID": 3222325111560, "正式名称": "はしだ小児科医院", "機関区分": 2, "都道府県コード": 32, "市区町村コード": 201, "所在地": "島根県松江市八幡町８－３", "緯度": 35.439089, "経度": 133.118645, "url": "https://www.iryou.teikyouseido.mhlw.go.jp/znk-web/juminkanja/S2430/initialize?prefCd=32&kikanCd=2325111560&kikanKbn=2", "url2": "https://itp.ne.jp/zenkoku/shimane/matsueshi/yawatachiyo/iryo-kaigo/iryo/sanfujinka/sanka/329924263400000899", "内容": "はしだ小児科医院【2:診療所】【診療科目:小児科】島根県松江市八幡町８－３" }, "geometry": { "type": "Point", "coordinates": [ 133.118645, 35.439089 ] } },
{ "type": "Feature", "properties": { "ID": 3222325111980, "正式名称": "医療法人大畑整形外科", "機関区分": 2, "都道府県コード": 32, "市区町村コード": 201, "所在地": "島根県松江市西川津町７７４－６", "緯度": 35.494508, "経度": 133.074754, "url": "https://www.iryou.teikyouseido.mhlw.go.jp/znk-web/juminkanja/S2430/initialize?prefCd=32&kikanCd=2325111980&kikanKbn=2", "url2": "https://www.ohataseikeigeka.com/", "内容": "医療法人大畑整形外科【2:診療所】【診療科目:整形外科】島根県松江市西川津町７７４－６" }, "geometry": { "type": "Point", "coordinates": [ 133.074754, 35.494508 ] } },
{ "type": "Feature", "properties": { "ID": 3222325112020, "正式名称": "医療法人　古沢整形外科医院　かもと整形外科クリニック", "機関区分": 2, "都道府県コード": 32, "市区町村コード": 201, "所在地": "島根県松江市上乃木七丁目６－１", "緯度": 35.445981, "経度": 133.071356, "url": "https://www.iryou.teikyouseido.mhlw.go.jp/znk-web/juminkanja/S2430/initialize?prefCd=32&kikanCd=2325112020&kikanKbn=2", "url2": "http://hu-su-no", "内容": "医療法人　古沢整形外科医院　かもと整形外科クリニック【2:診療所】【診療科目:整形外科_リハビリテーション科】島根県松江市上乃木七丁目６－１" }, "geometry": { "type": "Point", "coordinates": [ 133.071356, 35.445981 ] } },
{ "type": "Feature", "properties": { "ID": 3222325112150, "正式名称": "特別養護老人ホームコーポ上口診療室", "機関区分": 2, "都道府県コード": 32, "市区町村コード": 201, "所在地": "島根県松江市古志原六丁目８番１０号", "緯度": 35.440876, "経度": 133.079007, "url": "https://www.iryou.teikyouseido.mhlw.go.jp/znk-web/juminkanja/S2430/initialize?prefCd=32&kikanCd=2325112150&kikanKbn=2", "url2": null, "内容": "特別養護老人ホームコーポ上口診療室【2:診療所】【診療科目:内科】島根県松江市古志原六丁目８番１０号" }, "geometry": { "type": "Point", "coordinates": [ 133.079007, 35.440876 ] } },
{ "type": "Feature", "properties": { "ID": 3222325112280, "正式名称": "医療法人　敬愛会　森脇医院", "機関区分": 2, "都道府県コード": 32, "市区町村コード": 201, "所在地": "島根県松江市砂子町２０２－３", "緯度": 35.473142, "経度": 133.043976, "url": "https://www.iryou.teikyouseido.mhlw.go.jp/znk-web/juminkanja/S2430/initialize?prefCd=32&kikanCd=2325112280&kikanKbn=2", "url2": "keiaikai-moriwaki.info", "内容": "医療法人　敬愛会　森脇医院【2:診療所】【診療科目:内科_腎臓内科_小児科】島根県松江市砂子町２０２－３" }, "geometry": { "type": "Point", "coordinates": [ 133.043976, 35.473142 ] } },
{ "type": "Feature", "properties": { "ID": 3222325112310, "正式名称": "医療法人佼真会岡本整形外科医院", "機関区分": 2, "都道府県コード": 32, "市区町村コード": 201, "所在地": "島根県松江市殿町３８３山陰中央ビル５階", "緯度": 35.471895, "経度": 133.054624, "url": "https://www.iryou.teikyouseido.mhlw.go.jp/znk-web/juminkanja/S2430/initialize?prefCd=32&kikanCd=2325112310&kikanKbn=2", "url2": null, "内容": "医療法人佼真会岡本整形外科医院【2:診療所】【診療科目:整形外科_リウマチ科】島根県松江市殿町３８３山陰中央ビル５階" }, "geometry": { "type": "Point", "coordinates": [ 133.054624, 35.471895 ] } },
{ "type": "Feature", "properties": { "ID": 3222325112860, "正式名称": "福庭内科医院", "機関区分": 2, "都道府県コード": 32, "市区町村コード": 201, "所在地": "島根県松江市殿町３８３番地山陰中央ビル５Ｆ", "緯度": 35.471978, "経度": 133.054475, "url": "https://www.iryou.teikyouseido.mhlw.go.jp/znk-web/juminkanja/S2430/initialize?prefCd=32&kikanCd=2325112860&kikanKbn=2", "url2": null, "内容": "福庭内科医院【2:診療所】【診療科目:内科_糖尿病・代謝内科】島根県松江市殿町３８３番地山陰中央ビル５Ｆ" }, "geometry": { "type": "Point", "coordinates": [ 133.054475, 35.471978 ] } },
{ "type": "Feature", "properties": { "ID": 3222325113160, "正式名称": "中国電力株式会社島根原子力発電所健康管理センター", "機関区分": 2, "都道府県コード": 32, "市区町村コード": 201, "所在地": "島根県松江市鹿島町片句６５４－１", "緯度": 35.538431, "経度": 132.998914, "url": "https://www.iryou.teikyouseido.mhlw.go.jp/znk-web/juminkanja/S2430/initialize?prefCd=32&kikanCd=2325113160&kikanKbn=2", "url2": null, "内容": "中国電力株式会社島根原子力発電所健康管理センター【2:診療所】【診療科目:内科】島根県松江市鹿島町片句６５４－１" }, "geometry": { "type": "Point", "coordinates": [ 132.998914, 35.538431 ] } },
{ "type": "Feature", "properties": { "ID": 3222325114170, "正式名称": "医療法人　仁心会　津森医院　千酌出張所", "機関区分": 2, "都道府県コード": 32, "市区町村コード": 201, "所在地": "島根県松江市美保関町千酌９４４－３", "緯度": 35.561287, "経度": 133.137344, "url": "https://www.iryou.teikyouseido.mhlw.go.jp/znk-web/juminkanja/S2430/initialize?prefCd=32&kikanCd=2325114170&kikanKbn=2", "url2": "https://www.tsumori-clinic.com/contact", "内容": "医療法人　仁心会　津森医院　千酌出張所【2:診療所】【診療科目:内科_外科】島根県松江市美保関町千酌９４４－３" }, "geometry": { "type": "Point", "coordinates": [ 133.137344, 35.561287 ] } },
{ "type": "Feature", "properties": { "ID": 3222325114620, "正式名称": "医療法人伊藤医院", "機関区分": 2, "都道府県コード": 32, "市区町村コード": 201, "所在地": "島根県松江市東出雲町揖屋１０３１－２", "緯度": 35.430167, "経度": 133.15198, "url": "https://www.iryou.teikyouseido.mhlw.go.jp/znk-web/juminkanja/S2430/initialize?prefCd=32&kikanCd=2325114620&kikanKbn=2", "url2": "https//www.medic-ito.com", "内容": "医療法人伊藤医院【2:診療所】【診療科目:内科_消化器内科_小児科】島根県松江市東出雲町揖屋１０３１－２" }, "geometry": { "type": "Point", "coordinates": [ 133.15198, 35.430167 ] } },
{ "type": "Feature", "properties": { "ID": 3222325114750, "正式名称": "医療法人伊藤医院出雲郷出張所", "機関区分": 2, "都道府県コード": 32, "市区町村コード": 201, "所在地": "島根県松江市東出雲町出雲郷４００番地３", "緯度": 35.432822, "経度": 133.130672, "url": "https://www.iryou.teikyouseido.mhlw.go.jp/znk-web/juminkanja/S2430/initialize?prefCd=32&kikanCd=2325114750&kikanKbn=2", "url2": null, "内容": "医療法人伊藤医院出雲郷出張所【2:診療所】【診療科目:内科】島根県松江市東出雲町出雲郷４００番地３" }, "geometry": { "type": "Point", "coordinates": [ 133.130672, 35.432822 ] } },
{ "type": "Feature", "properties": { "ID": 3222325115180, "正式名称": "医療法人伊藤医院下意東出張所", "機関区分": 2, "都道府県コード": 32, "市区町村コード": 201, "所在地": "島根県松江市東出雲町下意東６９７番地５", "緯度": 35.441074, "経度": 133.168816, "url": "https://www.iryou.teikyouseido.mhlw.go.jp/znk-web/juminkanja/S2430/initialize?prefCd=32&kikanCd=2325115180&kikanKbn=2", "url2": null, "内容": "医療法人伊藤医院下意東出張所【2:診療所】【診療科目:内科】島根県松江市東出雲町下意東６９７番地５" }, "geometry": { "type": "Point", "coordinates": [ 133.168816, 35.441074 ] } },
{ "type": "Feature", "properties": { "ID": 3222325115210, "正式名称": "医療法人　三浦医院", "機関区分": 2, "都道府県コード": 32, "市区町村コード": 201, "所在地": "島根県松江市東出雲町揖屋１１７８番地６", "緯度": 35.427233, "経度": 133.153332, "url": "https://www.iryou.teikyouseido.mhlw.go.jp/znk-web/juminkanja/S2430/initialize?prefCd=32&kikanCd=2325115210&kikanKbn=2", "url2": "https://miura-cl.net/", "内容": "医療法人　三浦医院【2:診療所】【診療科目:内科_消化器内科_皮膚科】島根県松江市東出雲町揖屋１１７８番地６" }, "geometry": { "type": "Point", "coordinates": [ 133.153332, 35.427233 ] } },
{ "type": "Feature", "properties": { "ID": 3222325115890, "正式名称": "医療法人　奥村医院", "機関区分": 2, "都道府県コード": 32, "市区町村コード": 201, "所在地": "島根県松江市玉湯町湯町９５６", "緯度": 35.431784, "経度": 133.009797, "url": "https://www.iryou.teikyouseido.mhlw.go.jp/znk-web/juminkanja/S2430/initialize?prefCd=32&kikanCd=2325115890&kikanKbn=2", "url2": null, "内容": "医療法人　奥村医院【2:診療所】【診療科目:内科_消化器内科_小児科】島根県松江市玉湯町湯町９５６" }, "geometry": { "type": "Point", "coordinates": [ 133.009797, 35.431784 ] } },
{ "type": "Feature", "properties": { "ID": 3222325116640, "正式名称": "医療法人坪内内科小児科医院", "機関区分": 2, "都道府県コード": 32, "市区町村コード": 201, "所在地": "島根県松江市宍道町宍道１２９６－６", "緯度": 35.404458, "経度": 132.904778, "url": "https://www.iryou.teikyouseido.mhlw.go.jp/znk-web/juminkanja/S2430/initialize?prefCd=32&kikanCd=2325116640&kikanKbn=2", "url2": null, "内容": "医療法人坪内内科小児科医院【2:診療所】【診療科目:内科_循環器内科_小児科】島根県松江市宍道町宍道１２９６－６" }, "geometry": { "type": "Point", "coordinates": [ 132.904778, 35.404458 ] } },
{ "type": "Feature", "properties": { "ID": 3222325117230, "正式名称": "医療法人　若槻内科医院", "機関区分": 2, "都道府県コード": 32, "市区町村コード": 201, "所在地": "島根県松江市山代町４８０－５", "緯度": 35.439968, "経度": 133.086131, "url": "https://www.iryou.teikyouseido.mhlw.go.jp/znk-web/juminkanja/S2430/initialize?prefCd=32&kikanCd=2325117230&kikanKbn=2", "url2": null, "内容": "医療法人　若槻内科医院【2:診療所】【診療科目:内科_糖尿病・内分泌内科_呼吸器内科_循環器内科_消化器内科_放射線科】島根県松江市山代町４８０－５" }, "geometry": { "type": "Point", "coordinates": [ 133.086131, 35.439968 ] } },
{ "type": "Feature", "properties": { "ID": 3222325117490, "正式名称": "長命園診療所", "機関区分": 2, "都道府県コード": 32, "市区町村コード": 201, "所在地": "島根県松江市上乃木１０丁目５番２号特別養護老人ホーム長命園", "緯度": 35.43335, "経度": 133.060168, "url": "https://www.iryou.teikyouseido.mhlw.go.jp/znk-web/juminkanja/S2430/initialize?prefCd=32&kikanCd=2325117490&kikanKbn=2", "url2": null, "内容": "長命園診療所【2:診療所】【診療科目:内科】島根県松江市上乃木１０丁目５番２号特別養護老人ホーム長命園" }, "geometry": { "type": "Point", "coordinates": [ 133.060168, 35.43335 ] } },
{ "type": "Feature", "properties": { "ID": 3222325118660, "正式名称": "医療法人吉岡医院", "機関区分": 2, "都道府県コード": 32, "市区町村コード": 201, "所在地": "島根県松江市八束町波入６０７番地１", "緯度": 35.487213, "経度": 133.178744, "url": "https://www.iryou.teikyouseido.mhlw.go.jp/znk-web/juminkanja/S2430/initialize?prefCd=32&kikanCd=2325118660&kikanKbn=2", "url2": null, "内容": "医療法人吉岡医院【2:診療所】【診療科目:内科_外科_整形外科】島根県松江市八束町波入６０７番地１" }, "geometry": { "type": "Point", "coordinates": [ 133.178744, 35.487213 ] } },
{ "type": "Feature", "properties": { "ID": 3222325119090, "正式名称": "医療法人勝部医院", "機関区分": 2, "都道府県コード": 32, "市区町村コード": 201, "所在地": "島根県松江市春日町３６５－３", "緯度": 35.485022, "経度": 133.043946, "url": "https://www.iryou.teikyouseido.mhlw.go.jp/znk-web/juminkanja/S2430/initialize?prefCd=32&kikanCd=2325119090&kikanKbn=2", "url2": "katsube-re.jp", "内容": "医療法人勝部医院【2:診療所】【診療科目:内科_呼吸器内科_小児科_アレルギー科】島根県松江市春日町３６５－３" }, "geometry": { "type": "Point", "coordinates": [ 133.043946, 35.485022 ] } },
{ "type": "Feature", "properties": { "ID": 3222325119540, "正式名称": "医療法人茗山会　清水眼科", "機関区分": 2, "都道府県コード": 32, "市区町村コード": 201, "所在地": "島根県松江市上乃木４丁目１番３号", "緯度": 35.446209, "経度": 133.05817, "url": "https://www.iryou.teikyouseido.mhlw.go.jp/znk-web/juminkanja/S2430/initialize?prefCd=32&kikanCd=2325119540&kikanKbn=2", "url2": "https://meizankai-shimizuganka.com", "内容": "医療法人茗山会　清水眼科【2:診療所】【診療科目:眼科】島根県松江市上乃木４丁目１番３号" }, "geometry": { "type": "Point", "coordinates": [ 133.05817, 35.446209 ] } },
{ "type": "Feature", "properties": { "ID": 3222325119960, "正式名称": "医療法人正誼堂　森本産婦人科医院", "機関区分": 2, "都道府県コード": 32, "市区町村コード": 201, "所在地": "島根県松江市雑賀町８２", "緯度": 35.457992, "経度": 133.057159, "url": "https://www.iryou.teikyouseido.mhlw.go.jp/znk-web/juminkanja/S2430/initialize?prefCd=32&kikanCd=2325119960&kikanKbn=2", "url2": "http://www.morimotosanfujinka.com/", "内容": "医療法人正誼堂　森本産婦人科医院【2:診療所】【診療科目:産婦人科】島根県松江市雑賀町８２" }, "geometry": { "type": "Point", "coordinates": [ 133.057159, 35.457992 ] } },
{ "type": "Feature", "properties": { "ID": 3222325120070, "正式名称": "小竹原医院", "機関区分": 2, "都道府県コード": 32, "市区町村コード": 201, "所在地": "島根県松江市大輪町３９６", "緯度": 35.480849, "経度": 133.059033, "url": "https://www.iryou.teikyouseido.mhlw.go.jp/znk-web/juminkanja/S2430/initialize?prefCd=32&kikanCd=2325120070&kikanKbn=2", "url2": null, "内容": "小竹原医院【2:診療所】【診療科目:内科_呼吸器内科_循環器内科_小児科_皮膚科_アレルギー科】島根県松江市大輪町３９６" }, "geometry": { "type": "Point", "coordinates": [ 133.059033, 35.480849 ] } },
{ "type": "Feature", "properties": { "ID": 3222325120100, "正式名称": "医療法人幸永会　春木内科クリニック", "機関区分": 2, "都道府県コード": 32, "市区町村コード": 201, "所在地": "島根県松江市古志原２丁目１番３７号", "緯度": 35.445439, "経度": 133.075778, "url": "https://www.iryou.teikyouseido.mhlw.go.jp/znk-web/juminkanja/S2430/initialize?prefCd=32&kikanCd=2325120100&kikanKbn=2", "url2": "haruki-naika.com", "内容": "医療法人幸永会　春木内科クリニック【2:診療所】【診療科目:内科_呼吸器内科_循環器内科】島根県松江市古志原２丁目１番３７号" }, "geometry": { "type": "Point", "coordinates": [ 133.075778, 35.445439 ] } },
{ "type": "Feature", "properties": { "ID": 3222325120520, "正式名称": "医療法人社団入江内科医院", "機関区分": 2, "都道府県コード": 32, "市区町村コード": 201, "所在地": "島根県松江市西川津町７６６－５", "緯度": 35.493169, "経度": 133.075314, "url": "https://www.iryou.teikyouseido.mhlw.go.jp/znk-web/juminkanja/S2430/initialize?prefCd=32&kikanCd=2325120520&kikanKbn=2", "url2": null, "内容": "医療法人社団入江内科医院【2:診療所】【診療科目:内科_糖尿病・内分泌内科_循環器内科_小児科】島根県松江市西川津町７６６－５" }, "geometry": { "type": "Point", "coordinates": [ 133.075314, 35.493169 ] } },
{ "type": "Feature", "properties": { "ID": 3222325120650, "正式名称": "かじたに整形外科医院", "機関区分": 2, "都道府県コード": 32, "市区町村コード": 201, "所在地": "島根県松江市朝日町４５２あおとビル２階", "緯度": 35.463316, "経度": 133.064051, "url": "https://www.iryou.teikyouseido.mhlw.go.jp/znk-web/juminkanja/S2430/initialize?prefCd=32&kikanCd=2325120650&kikanKbn=2", "url2": null, "内容": "かじたに整形外科医院【2:診療所】【診療科目:整形外科_リハビリテーション科】島根県松江市朝日町４５２あおとビル２階" }, "geometry": { "type": "Point", "coordinates": [ 133.064051, 35.463316 ] } },
{ "type": "Feature", "properties": { "ID": 3222325120780, "正式名称": "特別養護老人ホーム東寿苑診療所", "機関区分": 2, "都道府県コード": 32, "市区町村コード": 201, "所在地": "島根県松江市東出雲町出雲郷４９３", "緯度": 35.43255, "経度": 133.127736, "url": "https://www.iryou.teikyouseido.mhlw.go.jp/znk-web/juminkanja/S2430/initialize?prefCd=32&kikanCd=2325120780&kikanKbn=2", "url2": null, "内容": "特別養護老人ホーム東寿苑診療所【2:診療所】【診療科目:内科】島根県松江市東出雲町出雲郷４９３" }, "geometry": { "type": "Point", "coordinates": [ 133.127736, 35.43255 ] } },
{ "type": "Feature", "properties": { "ID": 3222325121110, "正式名称": "運動公園前はやしだクリニック", "機関区分": 2, "都道府県コード": 32, "市区町村コード": 201, "所在地": "島根県松江市上乃木９丁目２０ー２８", "緯度": 35.439111, "経度": 133.06587, "url": "https://www.iryou.teikyouseido.mhlw.go.jp/znk-web/juminkanja/S2430/initialize?prefCd=32&kikanCd=2325121110&kikanKbn=2", "url2": "https://hayashida-cl.jp/", "内容": "運動公園前はやしだクリニック【2:診療所】【診療科目:形成外科_精神科】島根県松江市上乃木９丁目２０ー２８" }, "geometry": { "type": "Point", "coordinates": [ 133.06587, 35.439111 ] } },
{ "type": "Feature", "properties": { "ID": 3222325121370, "正式名称": "特別養護老人ホームうぐいす苑医務室", "機関区分": 2, "都道府県コード": 32, "市区町村コード": 201, "所在地": "島根県松江市西法吉町３６－１", "緯度": 35.494822, "経度": 133.042728, "url": "https://www.iryou.teikyouseido.mhlw.go.jp/znk-web/juminkanja/S2430/initialize?prefCd=32&kikanCd=2325121370&kikanKbn=2", "url2": null, "内容": "特別養護老人ホームうぐいす苑医務室【2:診療所】【診療科目:内科_脳神経外科】島根県松江市西法吉町３６－１" }, "geometry": { "type": "Point", "coordinates": [ 133.042728, 35.494822 ] } },
{ "type": "Feature", "properties": { "ID": 3222325121660, "正式名称": "医療法人釜瀬クリニック", "機関区分": 2, "都道府県コード": 32, "市区町村コード": 201, "所在地": "島根県松江市竪町８１", "緯度": 35.460103, "経度": 133.057222, "url": "https://www.iryou.teikyouseido.mhlw.go.jp/znk-web/juminkanja/S2430/initialize?prefCd=32&kikanCd=2325121660&kikanKbn=2", "url2": null, "内容": "医療法人釜瀬クリニック【2:診療所】【診療科目:内科_精神科_心療内科】島根県松江市竪町８１" }, "geometry": { "type": "Point", "coordinates": [ 133.057222, 35.460103 ] } },
{ "type": "Feature", "properties": { "ID": 3222325121950, "正式名称": "だて整形外科クリニック", "機関区分": 2, "都道府県コード": 32, "市区町村コード": 201, "所在地": "島根県松江市黒田町４８６－５", "緯度": 35.469557, "経度": 133.061519, "url": "https://www.iryou.teikyouseido.mhlw.go.jp/znk-web/juminkanja/S2430/initialize?prefCd=32&kikanCd=2325121950&kikanKbn=2", "url2": null, "内容": "だて整形外科クリニック【2:診療所】【診療科目:整形外科】島根県松江市黒田町４８６－５" }, "geometry": { "type": "Point", "coordinates": [ 133.061519, 35.469557 ] } },
{ "type": "Feature", "properties": { "ID": 3222325122090, "正式名称": "浅野小児科医院", "機関区分": 2, "都道府県コード": 32, "市区町村コード": 201, "所在地": "島根県松江市末次町７４", "緯度": 35.469608, "経度": 133.046742, "url": "https://www.iryou.teikyouseido.mhlw.go.jp/znk-web/juminkanja/S2430/initialize?prefCd=32&kikanCd=2325122090&kikanKbn=2", "url2": null, "内容": "浅野小児科医院【2:診療所】【診療科目:小児科】島根県松江市末次町７４" }, "geometry": { "type": "Point", "coordinates": [ 133.046742, 35.469608 ] } },
{ "type": "Feature", "properties": { "ID": 3222325122120, "正式名称": "公益財団法人　島根県環境保健公社", "機関区分": 2, "都道府県コード": 32, "市区町村コード": 201, "所在地": "島根県松江市古志原１丁目４番６号", "緯度": 35.445047, "経度": 133.073631, "url": "https://www.iryou.teikyouseido.mhlw.go.jp/znk-web/juminkanja/S2430/initialize?prefCd=32&kikanCd=2325122120&kikanKbn=2", "url2": null, "内容": "公益財団法人　島根県環境保健公社【2:診療所】【診療科目:健診検査】島根県松江市古志原１丁目４番６号" }, "geometry": { "type": "Point", "coordinates": [ 133.073631, 35.445047 ] } },
{ "type": "Feature", "properties": { "ID": 3222325122250, "正式名称": "医療法人泉仁会なかじま耳鼻科", "機関区分": 2, "都道府県コード": 32, "市区町村コード": 201, "所在地": "島根県松江市学園２丁目１１－２", "緯度": 35.482756, "経度": 133.065897, "url": "https://www.iryou.teikyouseido.mhlw.go.jp/znk-web/juminkanja/S2430/initialize?prefCd=32&kikanCd=2325122250&kikanKbn=2", "url2": null, "内容": "医療法人泉仁会なかじま耳鼻科【2:診療所】【診療科目:気管食道内科_小児耳鼻いんこう科】島根県松江市学園２丁目１１－２" }, "geometry": { "type": "Point", "coordinates": [ 133.065897, 35.482756 ] } },
{ "type": "Feature", "properties": { "ID": 3222325122540, "正式名称": "慈光苑診察室", "機関区分": 2, "都道府県コード": 32, "市区町村コード": 201, "所在地": "島根県松江市島根町大芦５７０７養護老人ホーム慈光苑", "緯度": 35.547075, "経度": 133.055864, "url": "https://www.iryou.teikyouseido.mhlw.go.jp/znk-web/juminkanja/S2430/initialize?prefCd=32&kikanCd=2325122540&kikanKbn=2", "url2": null, "内容": "慈光苑診察室【2:診療所】【診療科目:内科_皮膚科_泌尿器科_歯科】島根県松江市島根町大芦５７０７養護老人ホーム慈光苑" }, "geometry": { "type": "Point", "coordinates": [ 133.055864, 35.547075 ] } },
{ "type": "Feature", "properties": { "ID": 3222325123550, "正式名称": "心療内科漢方内科全人統合医療日本ホリスティッククリニックインターナショナルディビジョン", "機関区分": 2, "都道府県コード": 32, "市区町村コード": 201, "所在地": "島根県松江市学園１－７－３０", "緯度": 35.479484, "経度": 133.066193, "url": "https://www.iryou.teikyouseido.mhlw.go.jp/znk-web/juminkanja/S2430/initialize?prefCd=32&kikanCd=2325123550&kikanKbn=2", "url2": null, "内容": "心療内科漢方内科全人統合医療日本ホリスティッククリニックインターナショナルディビジョン【2:診療所】【診療科目:漢方内科_精神科_心療内科_アレルギー科_リハビリテーション科】島根県松江市学園１－７－３０" }, "geometry": { "type": "Point", "coordinates": [ 133.066193, 35.479484 ] } },
{ "type": "Feature", "properties": { "ID": 3222325124300, "正式名称": "松江東健康クリニック", "機関区分": 2, "都道府県コード": 32, "市区町村コード": 201, "所在地": "島根県松江市西尾町１３－１", "緯度": 35.478153, "経度": 133.067364, "url": "https://www.iryou.teikyouseido.mhlw.go.jp/znk-web/juminkanja/S2430/initialize?prefCd=32&kikanCd=2325124300&kikanKbn=2", "url2": null, "内容": "松江東健康クリニック【2:診療所】【診療科目:内科_脳神経内科_循環器内科_消化器内科_小児科】島根県松江市西尾町１３－１" }, "geometry": { "type": "Point", "coordinates": [ 133.067364, 35.478153 ] } },
{ "type": "Feature", "properties": { "ID": 3222325124720, "正式名称": "マザリー産科婦人科医院", "機関区分": 2, "都道府県コード": 32, "市区町村コード": 201, "所在地": "島根県松江市西津田２－１２－３３", "緯度": 35.460503, "経度": 133.078581, "url": "https://www.iryou.teikyouseido.mhlw.go.jp/znk-web/juminkanja/S2430/initialize?prefCd=32&kikanCd=2325124720&kikanKbn=2", "url2": "https://www.motherly.or.jp", "内容": "マザリー産科婦人科医院【2:診療所】【診療科目:産婦人科】島根県松江市西津田２－１２－３３" }, "geometry": { "type": "Point", "coordinates": [ 133.078581, 35.460503 ] } },
{ "type": "Feature", "properties": { "ID": 3222325124980, "正式名称": "医療法人けんクリニック柴田脳神経外科", "機関区分": 2, "都道府県コード": 32, "市区町村コード": 201, "所在地": "島根県松江市北堀町１３", "緯度": 35.47783, "経度": 133.053144, "url": "https://www.iryou.teikyouseido.mhlw.go.jp/znk-web/juminkanja/S2430/initialize?prefCd=32&kikanCd=2325124980&kikanKbn=2", "url2": "https://shibata-nsc.jp/", "内容": "医療法人けんクリニック柴田脳神経外科【2:診療所】【診療科目:内科_脳神経内科_脳神経外科_放射線科】島根県松江市北堀町１３" }, "geometry": { "type": "Point", "coordinates": [ 133.053144, 35.47783 ] } },
{ "type": "Feature", "properties": { "ID": 3222325125020, "正式名称": "つきざわ内科医院", "機関区分": 2, "都道府県コード": 32, "市区町村コード": 201, "所在地": "島根県松江市西津田１０丁目１７－２０－１１", "緯度": 35.452378, "経度": 133.082092, "url": "https://www.iryou.teikyouseido.mhlw.go.jp/znk-web/juminkanja/S2430/initialize?prefCd=32&kikanCd=2325125020&kikanKbn=2", "url2": null, "内容": "つきざわ内科医院【2:診療所】【診療科目:内科_消化器内科_胃腸内科】島根県松江市西津田１０丁目１７－２０－１１" }, "geometry": { "type": "Point", "coordinates": [ 133.082092, 35.452378 ] } },
{ "type": "Feature", "properties": { "ID": 3222325125280, "正式名称": "島根大学松江保健管理センター", "機関区分": 2, "都道府県コード": 32, "市区町村コード": 201, "所在地": "島根県松江市西川津町１０６０", "緯度": 35.484972, "経度": 133.068261, "url": "https://www.iryou.teikyouseido.mhlw.go.jp/znk-web/juminkanja/S2430/initialize?prefCd=32&kikanCd=2325125280&kikanKbn=2", "url2": "https://health.shimane-u.ac.jp/", "内容": "島根大学松江保健管理センター【2:診療所】【診療科目:内科_婦人科_精神科】島根県松江市西川津町１０６０" }, "geometry": { "type": "Point", "coordinates": [ 133.068261, 35.484972 ] } },
{ "type": "Feature", "properties": { "ID": 3222325125440, "正式名称": "医療法人佐々木医院", "機関区分": 2, "都道府県コード": 32, "市区町村コード": 201, "所在地": "島根県松江市美保関町森山７２６番地１１", "緯度": 35.551651, "経度": 133.232609, "url": "https://www.iryou.teikyouseido.mhlw.go.jp/znk-web/juminkanja/S2430/initialize?prefCd=32&kikanCd=2325125440&kikanKbn=2", "url2": null, "内容": "医療法人佐々木医院【2:診療所】【診療科目:内科_循環器内科_胃腸内科_外科】島根県松江市美保関町森山７２６番地１１" }, "geometry": { "type": "Point", "coordinates": [ 133.232609, 35.551651 ] } },
{ "type": "Feature", "properties": { "ID": 3222325125730, "正式名称": "特別養護老人ホームゆめハウス診療室", "機関区分": 2, "都道府県コード": 32, "市区町村コード": 201, "所在地": "島根県松江市宍道町西来待２０７１－１特別養護老人ホームゆめハウス", "緯度": 35.41338, "経度": 132.935496, "url": "https://www.iryou.teikyouseido.mhlw.go.jp/znk-web/juminkanja/S2430/initialize?prefCd=32&kikanCd=2325125730&kikanKbn=2", "url2": null, "内容": "特別養護老人ホームゆめハウス診療室【2:診療所】【診療科目:内科】島根県松江市宍道町西来待２０７１－１特別養護老人ホームゆめハウス" }, "geometry": { "type": "Point", "coordinates": [ 132.935496, 35.41338 ] } },
{ "type": "Feature", "properties": { "ID": 3222325125990, "正式名称": "特別養護老人ホーム津田の里診療所", "機関区分": 2, "都道府県コード": 32, "市区町村コード": 201, "所在地": "島根県松江市西津田十丁目１９－５０", "緯度": 35.452828, "経度": 133.079714, "url": "https://www.iryou.teikyouseido.mhlw.go.jp/znk-web/juminkanja/S2430/initialize?prefCd=32&kikanCd=2325125990&kikanKbn=2", "url2": null, "内容": "特別養護老人ホーム津田の里診療所【2:診療所】【診療科目:内科】島根県松江市西津田十丁目１９－５０" }, "geometry": { "type": "Point", "coordinates": [ 133.079714, 35.452828 ] } },
{ "type": "Feature", "properties": { "ID": 3222325126290, "正式名称": "きたに内科クリニック", "機関区分": 2, "都道府県コード": 32, "市区町村コード": 201, "所在地": "島根県松江市矢田町４７８−５", "緯度": 35.445481, "経度": 133.102266, "url": "https://www.iryou.teikyouseido.mhlw.go.jp/znk-web/juminkanja/S2430/initialize?prefCd=32&kikanCd=2325126290&kikanKbn=2", "url2": "http://www5.ocn.ne.jp/~kitanicl/index.html", "内容": "きたに内科クリニック【2:診療所】【診療科目:内科_呼吸器内科_循環器内科_アレルギー疾患内科_小児科_アレルギー科_リウマチ科】島根県松江市矢田町４７８−５" }, "geometry": { "type": "Point", "coordinates": [ 133.102266, 35.445481 ] } },
{ "type": "Feature", "properties": { "ID": 3222325126320, "正式名称": "救護施設　新生園　医務室", "機関区分": 2, "都道府県コード": 32, "市区町村コード": 201, "所在地": "島根県松江市八束町波入４３－２", "緯度": 35.491076, "経度": 133.168285, "url": "https://www.iryou.teikyouseido.mhlw.go.jp/znk-web/juminkanja/S2430/initialize?prefCd=32&kikanCd=2325126320&kikanKbn=2", "url2": null, "内容": "救護施設　新生園　医務室【2:診療所】【診療科目:内科_精神科】島根県松江市八束町波入４３－２" }, "geometry": { "type": "Point", "coordinates": [ 133.168285, 35.491076 ] } },
{ "type": "Feature", "properties": { "ID": 3222325126450, "正式名称": "特別養護老人ホーム　ゆうなぎ苑医務室", "機関区分": 2, "都道府県コード": 32, "市区町村コード": 201, "所在地": "島根県松江市島根町大芦５７０７", "緯度": 35.547075, "経度": 133.055864, "url": "https://www.iryou.teikyouseido.mhlw.go.jp/znk-web/juminkanja/S2430/initialize?prefCd=32&kikanCd=2325126450&kikanKbn=2", "url2": null, "内容": "特別養護老人ホーム　ゆうなぎ苑医務室【2:診療所】【診療科目:内科】島根県松江市島根町大芦５７０７" }, "geometry": { "type": "Point", "coordinates": [ 133.055864, 35.547075 ] } },
{ "type": "Feature", "properties": { "ID": 3222325126580, "正式名称": "医療法人弥生会　山本内科医院", "機関区分": 2, "都道府県コード": 32, "市区町村コード": 201, "所在地": "島根県松江市堂形町７５４", "緯度": 35.467547, "経度": 133.043478, "url": "https://www.iryou.teikyouseido.mhlw.go.jp/znk-web/juminkanja/S2430/initialize?prefCd=32&kikanCd=2325126580&kikanKbn=2", "url2": null, "内容": "医療法人弥生会　山本内科医院【2:診療所】【診療科目:内科_糖尿病・内分泌内科_循環器内科_消化器内科】島根県松江市堂形町７５４" }, "geometry": { "type": "Point", "coordinates": [ 133.043478, 35.467547 ] } },
{ "type": "Feature", "properties": { "ID": 3222325126610, "正式名称": "医療法人　おおさわ耳鼻咽喉科", "機関区分": 2, "都道府県コード": 32, "市区町村コード": 201, "所在地": "島根県松江市上乃木１丁目２番１８号", "緯度": 35.452875, "経度": 133.060439, "url": "https://www.iryou.teikyouseido.mhlw.go.jp/znk-web/juminkanja/S2430/initialize?prefCd=32&kikanCd=2325126610&kikanKbn=2", "url2": null, "内容": "医療法人　おおさわ耳鼻咽喉科【2:診療所】【診療科目:耳鼻いんこう科】島根県松江市上乃木１丁目２番１８号" }, "geometry": { "type": "Point", "coordinates": [ 133.060439, 35.452875 ] } },
{ "type": "Feature", "properties": { "ID": 3222325126900, "正式名称": "さかい耳鼻咽喉科医院", "機関区分": 2, "都道府県コード": 32, "市区町村コード": 201, "所在地": "島根県松江市古志原５－１７－２", "緯度": 35.441529, "経度": 133.084136, "url": "https://www.iryou.teikyouseido.mhlw.go.jp/znk-web/juminkanja/S2430/initialize?prefCd=32&kikanCd=2325126900&kikanKbn=2", "url2": null, "内容": "さかい耳鼻咽喉科医院【2:診療所】【診療科目:耳鼻いんこう科】島根県松江市古志原５－１７－２" }, "geometry": { "type": "Point", "coordinates": [ 133.084136, 35.441529 ] } },
{ "type": "Feature", "properties": { "ID": 3222325127040, "正式名称": "堀江耳鼻咽喉科医院", "機関区分": 2, "都道府県コード": 32, "市区町村コード": 201, "所在地": "島根県松江市黒田町４２２－５", "緯度": 35.476542, "経度": 133.043187, "url": "https://www.iryou.teikyouseido.mhlw.go.jp/znk-web/juminkanja/S2430/initialize?prefCd=32&kikanCd=2325127040&kikanKbn=2", "url2": null, "内容": "堀江耳鼻咽喉科医院【2:診療所】【診療科目:耳鼻いんこう科】島根県松江市黒田町４２２－５" }, "geometry": { "type": "Point", "coordinates": [ 133.043187, 35.476542 ] } },
{ "type": "Feature", "properties": { "ID": 3222325127170, "正式名称": "市岡眼科クリニック", "機関区分": 2, "都道府県コード": 32, "市区町村コード": 201, "所在地": "島根県松江市古志原５－１７－１８", "緯度": 35.441142, "経度": 133.084617, "url": "https://www.iryou.teikyouseido.mhlw.go.jp/znk-web/juminkanja/S2430/initialize?prefCd=32&kikanCd=2325127170&kikanKbn=2", "url2": null, "内容": "市岡眼科クリニック【2:診療所】【診療科目:眼科】島根県松江市古志原５－１７－１８" }, "geometry": { "type": "Point", "coordinates": [ 133.084617, 35.441142 ] } },
{ "type": "Feature", "properties": { "ID": 3222325127200, "正式名称": "前之園泌尿器科内科医院", "機関区分": 2, "都道府県コード": 32, "市区町村コード": 201, "所在地": "島根県松江市乃白町薬師前１－１", "緯度": 35.436634, "経度": 133.0525, "url": "https://www.iryou.teikyouseido.mhlw.go.jp/znk-web/juminkanja/S2430/initialize?prefCd=32&kikanCd=2325127200&kikanKbn=2", "url2": null, "内容": "前之園泌尿器科内科医院【2:診療所】【診療科目:内科_泌尿器科】島根県松江市乃白町薬師前１－１" }, "geometry": { "type": "Point", "coordinates": [ 133.0525, 35.436634 ] } },
{ "type": "Feature", "properties": { "ID": 3222325127460, "正式名称": "医療法人　皮フ科鈴木クリニック", "機関区分": 2, "都道府県コード": 32, "市区町村コード": 201, "所在地": "島根県松江市学園２丁目４－２３", "緯度": 35.481509, "経度": 133.064474, "url": "https://www.iryou.teikyouseido.mhlw.go.jp/znk-web/juminkanja/S2430/initialize?prefCd=32&kikanCd=2325127460&kikanKbn=2", "url2": null, "内容": "医療法人　皮フ科鈴木クリニック【2:診療所】【診療科目:皮膚科_美容皮膚科】島根県松江市学園２丁目４－２３" }, "geometry": { "type": "Point", "coordinates": [ 133.064474, 35.481509 ] } },
{ "type": "Feature", "properties": { "ID": 3222325127590, "正式名称": "公益財団法人島根県環境保健公社総合健診センター", "機関区分": 2, "都道府県コード": 32, "市区町村コード": 201, "所在地": "島根県松江市古志原１丁目４番６号", "緯度": 35.445046, "経度": 133.073573, "url": "https://www.iryou.teikyouseido.mhlw.go.jp/znk-web/juminkanja/S2430/initialize?prefCd=32&kikanCd=2325127590&kikanKbn=2", "url2": null, "内容": "公益財団法人島根県環境保健公社総合健診センター【2:診療所】【診療科目:内科_健康診断のみ実施】島根県松江市古志原１丁目４番６号" }, "geometry": { "type": "Point", "coordinates": [ 133.073573, 35.445046 ] } },
{ "type": "Feature", "properties": { "ID": 3222325127620, "正式名称": "淞北台メディカルスクエアふじい眼科", "機関区分": 2, "都道府県コード": 32, "市区町村コード": 201, "所在地": "島根県松江市東奥谷町１４４－１６", "緯度": 35.485934, "経度": 133.055518, "url": "https://www.iryou.teikyouseido.mhlw.go.jp/znk-web/juminkanja/S2430/initialize?prefCd=32&kikanCd=2325127620&kikanKbn=2", "url2": null, "内容": "淞北台メディカルスクエアふじい眼科【2:診療所】【診療科目:眼科】島根県松江市東奥谷町１４４－１６" }, "geometry": { "type": "Point", "coordinates": [ 133.055518, 35.485934 ] } },
{ "type": "Feature", "properties": { "ID": 3222325127750, "正式名称": "淞北台メディカルスクエア　よねだ内科", "機関区分": 2, "都道府県コード": 32, "市区町村コード": 201, "所在地": "島根県松江市東奥谷町１４４番地１２", "緯度": 35.485795, "経度": 133.055518, "url": "https://www.iryou.teikyouseido.mhlw.go.jp/znk-web/juminkanja/S2430/initialize?prefCd=32&kikanCd=2325127750&kikanKbn=2", "url2": null, "内容": "淞北台メディカルスクエア　よねだ内科【2:診療所】【診療科目:内科_循環器内科_小児科】島根県松江市東奥谷町１４４番地１２" }, "geometry": { "type": "Point", "coordinates": [ 133.055518, 35.485795 ] } },
{ "type": "Feature", "properties": { "ID": 3222325128050, "正式名称": "医療法人福田内科医院", "機関区分": 2, "都道府県コード": 32, "市区町村コード": 201, "所在地": "島根県松江市北堀町３３番地２３", "緯度": 35.477381, "経度": 133.053714, "url": "https://www.iryou.teikyouseido.mhlw.go.jp/znk-web/juminkanja/S2430/initialize?prefCd=32&kikanCd=2325128050&kikanKbn=2", "url2": null, "内容": "医療法人福田内科医院【2:診療所】【診療科目:内科】島根県松江市北堀町３３番地２３" }, "geometry": { "type": "Point", "coordinates": [ 133.053714, 35.477381 ] } },
{ "type": "Feature", "properties": { "ID": 3222325128210, "正式名称": "内田クリニック", "機関区分": 2, "都道府県コード": 32, "市区町村コード": 201, "所在地": "島根県松江市浜乃木２－６－１３", "緯度": 35.446309, "経度": 133.054813, "url": "https://www.iryou.teikyouseido.mhlw.go.jp/znk-web/juminkanja/S2430/initialize?prefCd=32&kikanCd=2325128210&kikanKbn=2", "url2": "http://www.uchida-clinic.info/", "内容": "内田クリニック【2:診療所】【診療科目:内科_胃腸内科_産科_婦人科】島根県松江市浜乃木２－６－１３" }, "geometry": { "type": "Point", "coordinates": [ 133.054813, 35.446309 ] } },
{ "type": "Feature", "properties": { "ID": 3222325128340, "正式名称": "特別養護老人ホームやくも光陽の里診療所", "機関区分": 2, "都道府県コード": 32, "市区町村コード": 201, "所在地": "島根県松江市八雲町東岩坂８０６", "緯度": 35.414228, "経度": 133.099431, "url": "https://www.iryou.teikyouseido.mhlw.go.jp/znk-web/juminkanja/S2430/initialize?prefCd=32&kikanCd=2325128340&kikanKbn=2", "url2": null, "内容": "特別養護老人ホームやくも光陽の里診療所【2:診療所】【診療科目:内科_内科】島根県松江市八雲町東岩坂８０６" }, "geometry": { "type": "Point", "coordinates": [ 133.099431, 35.414228 ] } },
{ "type": "Feature", "properties": { "ID": 3222325129060, "正式名称": "医療法人　学園クリニック", "機関区分": 2, "都道府県コード": 32, "市区町村コード": 201, "所在地": "島根県松江市学園１－９－２１", "緯度": 35.480228, "経度": 133.067928, "url": "https://www.iryou.teikyouseido.mhlw.go.jp/znk-web/juminkanja/S2430/initialize?prefCd=32&kikanCd=2325129060&kikanKbn=2", "url2": null, "内容": "医療法人　学園クリニック【2:診療所】【診療科目:内科】島根県松江市学園１－９－２１" }, "geometry": { "type": "Point", "coordinates": [ 133.067928, 35.480228 ] } },
{ "type": "Feature", "properties": { "ID": 3222325129350, "正式名称": "特別養護老人ホームあいかの里医務室", "機関区分": 2, "都道府県コード": 32, "市区町村コード": 201, "所在地": "島根県松江市岡本町１１３８－１社会福祉法人湖北ふれあい", "緯度": 35.480557, "経度": 132.950973, "url": "https://www.iryou.teikyouseido.mhlw.go.jp/znk-web/juminkanja/S2430/initialize?prefCd=32&kikanCd=2325129350&kikanKbn=2", "url2": null, "内容": "特別養護老人ホームあいかの里医務室【2:診療所】【診療科目:特養施設内診療所】島根県松江市岡本町１１３８－１社会福祉法人湖北ふれあい" }, "geometry": { "type": "Point", "coordinates": [ 132.950973, 35.480557 ] } },
{ "type": "Feature", "properties": { "ID": 3222325129640, "正式名称": "くまの診療所金森クリニック", "機関区分": 2, "都道府県コード": 32, "市区町村コード": 201, "所在地": "島根県松江市八雲町熊野８０３－９", "緯度": 35.371364, "経度": 133.070925, "url": "https://www.iryou.teikyouseido.mhlw.go.jp/znk-web/juminkanja/S2430/initialize?prefCd=32&kikanCd=2325129640&kikanKbn=2", "url2": null, "内容": "くまの診療所金森クリニック【2:診療所】【診療科目:内科】島根県松江市八雲町熊野８０３－９" }, "geometry": { "type": "Point", "coordinates": [ 133.070925, 35.371364 ] } },
{ "type": "Feature", "properties": { "ID": 3222325129800, "正式名称": "医療法人おがわ耳鼻咽喉科", "機関区分": 2, "都道府県コード": 32, "市区町村コード": 206, "所在地": "島根県安来市飯島町５３１ー１", "緯度": 35.433205, "経度": 133.24089, "url": "https://www.iryou.teikyouseido.mhlw.go.jp/znk-web/juminkanja/S2430/initialize?prefCd=32&kikanCd=2325129800&kikanKbn=2", "url2": "https://www.ogawa-jibiinkouka.com/", "内容": "医療法人おがわ耳鼻咽喉科【2:診療所】【診療科目:小児耳鼻いんこう科_耳鼻いんこう科_気管食道・耳鼻いんこう科_頭頸部・耳鼻いんこう科】島根県安来市飯島町５３１ー１" }, "geometry": { "type": "Point", "coordinates": [ 133.24089, 35.433205 ] } },
{ "type": "Feature", "properties": { "ID": 3222325130200, "正式名称": "小林クリニック", "機関区分": 2, "都道府県コード": 32, "市区町村コード": 201, "所在地": "島根県松江市比津町１４９－１", "緯度": 35.490567, "経度": 133.036706, "url": "https://www.iryou.teikyouseido.mhlw.go.jp/znk-web/juminkanja/S2430/initialize?prefCd=32&kikanCd=2325130200&kikanKbn=2", "url2": null, "内容": "小林クリニック【2:診療所】【診療科目:内科_小児科】島根県松江市比津町１４９－１" }, "geometry": { "type": "Point", "coordinates": [ 133.036706, 35.490567 ] } },
{ "type": "Feature", "properties": { "ID": 3222325130620, "正式名称": "特別養護老人ホーム美保の里", "機関区分": 2, "都道府県コード": 32, "市区町村コード": 201, "所在地": "島根県松江市美保関町片江７９番地", "緯度": 35.558828, "経度": 133.183304, "url": "https://www.iryou.teikyouseido.mhlw.go.jp/znk-web/juminkanja/S2430/initialize?prefCd=32&kikanCd=2325130620&kikanKbn=2", "url2": null, "内容": "特別養護老人ホーム美保の里【2:診療所】【診療科目:内科_整形外科】島根県松江市美保関町片江７９番地" }, "geometry": { "type": "Point", "coordinates": [ 133.183304, 35.558828 ] } },
{ "type": "Feature", "properties": { "ID": 3222325130750, "正式名称": "特別養護老人ホーム詔光の里", "機関区分": 2, "都道府県コード": 32, "市区町村コード": 201, "所在地": "島根県松江市山代町９３４番地５", "緯度": 35.440014, "経度": 133.095492, "url": "https://www.iryou.teikyouseido.mhlw.go.jp/znk-web/juminkanja/S2430/initialize?prefCd=32&kikanCd=2325130750&kikanKbn=2", "url2": null, "内容": "特別養護老人ホーム詔光の里【2:診療所】【診療科目:内科】島根県松江市山代町９３４番地５" }, "geometry": { "type": "Point", "coordinates": [ 133.095492, 35.440014 ] } },
{ "type": "Feature", "properties": { "ID": 3222325130880, "正式名称": "尼子苑診療所", "機関区分": 2, "都道府県コード": 32, "市区町村コード": 206, "所在地": "島根県安来市広瀬町下山佐３３０番地２", "緯度": 35.349481, "経度": 133.157244, "url": "https://www.iryou.teikyouseido.mhlw.go.jp/znk-web/juminkanja/S2430/initialize?prefCd=32&kikanCd=2325130880&kikanKbn=2", "url2": null, "内容": "尼子苑診療所【2:診療所】【診療科目:内科】島根県安来市広瀬町下山佐３３０番地２" }, "geometry": { "type": "Point", "coordinates": [ 133.157244, 35.349481 ] } },
{ "type": "Feature", "properties": { "ID": 3222325131050, "正式名称": "特別養護老人ホーム　伯寿の郷医務室", "機関区分": 2, "都道府県コード": 32, "市区町村コード": 206, "所在地": "島根県安来市伯太町安田１７０５特別養護老人ホーム伯寿の郷", "緯度": 35.371209, "経度": 133.272941, "url": "https://www.iryou.teikyouseido.mhlw.go.jp/znk-web/juminkanja/S2430/initialize?prefCd=32&kikanCd=2325131050&kikanKbn=2", "url2": null, "内容": "特別養護老人ホーム　伯寿の郷医務室【2:診療所】【診療科目:内科】島根県安来市伯太町安田１７０５特別養護老人ホーム伯寿の郷" }, "geometry": { "type": "Point", "coordinates": [ 133.272941, 35.371209 ] } },
{ "type": "Feature", "properties": { "ID": 3222325131180, "正式名称": "ふれあい診療所", "機関区分": 2, "都道府県コード": 32, "市区町村コード": 201, "所在地": "島根県松江市西津田７丁目１４－２１", "緯度": 35.45507, "経度": 133.067473, "url": "https://www.iryou.teikyouseido.mhlw.go.jp/znk-web/juminkanja/S2430/initialize?prefCd=32&kikanCd=2325131180&kikanKbn=2", "url2": "https://www.matsue-seikyo.jp/", "内容": "ふれあい診療所【2:診療所】【診療科目:内科_脳神経内科_呼吸器内科_循環器内科_消化器内科_外科_脳神経外科_乳腺外科_肛門外科_整形外科_産婦人科_眼科_耳鼻いんこう科_皮膚科_泌尿器科_精神科_リハビリテーション科_放射線科】島根県松江市西津田７丁目１４－２１" }, "geometry": { "type": "Point", "coordinates": [ 133.067473, 35.45507 ] } },
{ "type": "Feature", "properties": { "ID": 3222325131630, "正式名称": "医療法人　中村内科循環器クリニック", "機関区分": 2, "都道府県コード": 32, "市区町村コード": 201, "所在地": "島根県松江市西川津町３９８番地５１", "緯度": 35.484276, "経度": 133.081338, "url": "https://www.iryou.teikyouseido.mhlw.go.jp/znk-web/juminkanja/S2430/initialize?prefCd=32&kikanCd=2325131630&kikanKbn=2", "url2": null, "内容": "医療法人　中村内科循環器クリニック【2:診療所】【診療科目:内科_循環器内科】島根県松江市西川津町３９８番地５１" }, "geometry": { "type": "Point", "coordinates": [ 133.081338, 35.484276 ] } },
{ "type": "Feature", "properties": { "ID": 3222325131760, "正式名称": "ほしの内科・胃腸科クリニック", "機関区分": 2, "都道府県コード": 32, "市区町村コード": 201, "所在地": "島根県松江市西津田５丁目２１－１５", "緯度": 35.454871, "経度": 133.070797, "url": "https://www.iryou.teikyouseido.mhlw.go.jp/znk-web/juminkanja/S2430/initialize?prefCd=32&kikanCd=2325131760&kikanKbn=2", "url2": "https://www.hoshino-naikaichouka.com/", "内容": "ほしの内科・胃腸科クリニック【2:診療所】【診療科目:内科_糖尿病・代謝内科_消化器内科_胃腸内科_肝臓内科】島根県松江市西津田５丁目２１－１５" }, "geometry": { "type": "Point", "coordinates": [ 133.070797, 35.454871 ] } },
{ "type": "Feature", "properties": { "ID": 3222325131890, "正式名称": "岩坂診療所", "機関区分": 2, "都道府県コード": 32, "市区町村コード": 201, "所在地": "島根県松江市八雲町東岩坂２８７", "緯度": 35.408833, "経度": 133.101634, "url": "https://www.iryou.teikyouseido.mhlw.go.jp/znk-web/juminkanja/S2430/initialize?prefCd=32&kikanCd=2325131890&kikanKbn=2", "url2": null, "内容": "岩坂診療所【2:診療所】【診療科目:内科】島根県松江市八雲町東岩坂２８７" }, "geometry": { "type": "Point", "coordinates": [ 133.101634, 35.408833 ] } },
{ "type": "Feature", "properties": { "ID": 3222325131920, "正式名称": "たくわ小児科クリニック", "機関区分": 2, "都道府県コード": 32, "市区町村コード": 201, "所在地": "島根県松江市学園２ー６ー２７", "緯度": 35.482693, "経度": 133.06923, "url": "https://www.iryou.teikyouseido.mhlw.go.jp/znk-web/juminkanja/S2430/initialize?prefCd=32&kikanCd=2325131920&kikanKbn=2", "url2": "https://www.takuwa-cl.com/", "内容": "たくわ小児科クリニック【2:診療所】【診療科目:小児科_アレルギー科】島根県松江市学園２ー６ー２７" }, "geometry": { "type": "Point", "coordinates": [ 133.06923, 35.482693 ] } },
{ "type": "Feature", "properties": { "ID": 3222325132220, "正式名称": "すまいる苑診療所", "機関区分": 2, "都道府県コード": 32, "市区町村コード": 201, "所在地": "島根県松江市法吉町６２６ー１特別養護老人ホームすまいる苑", "緯度": 35.494015, "経度": 133.05765, "url": "https://www.iryou.teikyouseido.mhlw.go.jp/znk-web/juminkanja/S2430/initialize?prefCd=32&kikanCd=2325132220&kikanKbn=2", "url2": null, "内容": "すまいる苑診療所【2:診療所】【診療科目:内科_糖尿病・内分泌内科】島根県松江市法吉町６２６ー１特別養護老人ホームすまいる苑" }, "geometry": { "type": "Point", "coordinates": [ 133.05765, 35.494015 ] } },
{ "type": "Feature", "properties": { "ID": 3222325132350, "正式名称": "シリウス苑医務室", "機関区分": 2, "都道府県コード": 32, "市区町村コード": 201, "所在地": "島根県松江市法吉町６２４－１", "緯度": 35.469276, "経度": 133.056105, "url": "https://www.iryou.teikyouseido.mhlw.go.jp/znk-web/juminkanja/S2430/initialize?prefCd=32&kikanCd=2325132350&kikanKbn=2", "url2": null, "内容": "シリウス苑医務室【2:診療所】【診療科目:内科_神経内科_脳神経外科】島根県松江市法吉町６２４－１" }, "geometry": { "type": "Point", "coordinates": [ 133.056105, 35.469276 ] } },
{ "type": "Feature", "properties": { "ID": 3222325132480, "正式名称": "医療法人　後藤クリニック", "機関区分": 2, "都道府県コード": 32, "市区町村コード": 201, "所在地": "島根県松江市大庭町１２９－６", "緯度": 35.433125, "経度": 133.086317, "url": "https://www.iryou.teikyouseido.mhlw.go.jp/znk-web/juminkanja/S2430/initialize?prefCd=32&kikanCd=2325132480&kikanKbn=2", "url2": "gotocli.jp", "内容": "医療法人　後藤クリニック【2:診療所】【診療科目:内科_呼吸器内科_循環器内科_消化器内科_外科_小児科_リハビリテーション科】島根県松江市大庭町１２９－６" }, "geometry": { "type": "Point", "coordinates": [ 133.086317, 35.433125 ] } },
{ "type": "Feature", "properties": { "ID": 3222325132510, "正式名称": "医療法人松江腎クリニック", "機関区分": 2, "都道府県コード": 32, "市区町村コード": 201, "所在地": "島根県松江市南田町１１０", "緯度": 35.473666, "経度": 133.060131, "url": "https://www.iryou.teikyouseido.mhlw.go.jp/znk-web/juminkanja/S2430/initialize?prefCd=32&kikanCd=2325132510&kikanKbn=2", "url2": "https://www.hdf.jp", "内容": "医療法人松江腎クリニック【2:診療所】【診療科目:内科_人工透析内科】島根県松江市南田町１１０" }, "geometry": { "type": "Point", "coordinates": [ 133.060131, 35.473666 ] } },
{ "type": "Feature", "properties": { "ID": 3222325132770, "正式名称": "医療法人たわら眼科", "機関区分": 2, "都道府県コード": 32, "市区町村コード": 206, "所在地": "島根県安来市南十神町１７－２", "緯度": 35.429418, "経度": 133.260669, "url": "https://www.iryou.teikyouseido.mhlw.go.jp/znk-web/juminkanja/S2430/initialize?prefCd=32&kikanCd=2325132770&kikanKbn=2", "url2": "https://www.citydo.com/prf/shimane/guide/sg/470000500.html", "内容": "医療法人たわら眼科【2:診療所】【診療科目:眼科】島根県安来市南十神町１７－２" }, "geometry": { "type": "Point", "coordinates": [ 133.260669, 35.429418 ] } },
{ "type": "Feature", "properties": { "ID": 3222325132800, "正式名称": "医療法人　嶋本医院", "機関区分": 2, "都道府県コード": 32, "市区町村コード": 201, "所在地": "島根県松江市黒田町４４９－１", "緯度": 35.476986, "経度": 133.043217, "url": "https://www.iryou.teikyouseido.mhlw.go.jp/znk-web/juminkanja/S2430/initialize?prefCd=32&kikanCd=2325132800&kikanKbn=2", "url2": null, "内容": "医療法人　嶋本医院【2:診療所】【診療科目:外科_皮膚科_泌尿器科】島根県松江市黒田町４４９－１" }, "geometry": { "type": "Point", "coordinates": [ 133.043217, 35.476986 ] } },
{ "type": "Feature", "properties": { "ID": 3222325132930, "正式名称": "湖北つきはしクリニック", "機関区分": 2, "都道府県コード": 32, "市区町村コード": 201, "所在地": "島根県松江市岡本町１０４１－２", "緯度": 35.475844, "経度": 132.950947, "url": "https://www.iryou.teikyouseido.mhlw.go.jp/znk-web/juminkanja/S2430/initialize?prefCd=32&kikanCd=2325132930&kikanKbn=2", "url2": null, "内容": "湖北つきはしクリニック【2:診療所】【診療科目:内科_循環器内科】島根県松江市岡本町１０４１－２" }, "geometry": { "type": "Point", "coordinates": [ 132.950947, 35.475844 ] } },
{ "type": "Feature", "properties": { "ID": 3222325133070, "正式名称": "おむら内科クリニック", "機関区分": 2, "都道府県コード": 32, "市区町村コード": 201, "所在地": "島根県松江市古志原５丁目４番８号", "緯度": 35.444647, "経度": 133.081233, "url": "https://www.iryou.teikyouseido.mhlw.go.jp/znk-web/juminkanja/S2430/initialize?prefCd=32&kikanCd=2325133070&kikanKbn=2", "url2": null, "内容": "おむら内科クリニック【2:診療所】【診療科目:内科_消化器内科】島根県松江市古志原５丁目４番８号" }, "geometry": { "type": "Point", "coordinates": [ 133.081233, 35.444647 ] } },
{ "type": "Feature", "properties": { "ID": 3222325133100, "正式名称": "株式会社プロテリアル　安来工場　健康管理室", "機関区分": 2, "都道府県コード": 32, "市区町村コード": 206, "所在地": "島根県安来市飯島町１２４０－２（株）プロテリアル安来工場内", "緯度": 35.433205, "経度": 133.24089, "url": "https://www.iryou.teikyouseido.mhlw.go.jp/znk-web/juminkanja/S2430/initialize?prefCd=32&kikanCd=2325133100&kikanKbn=2", "url2": null, "内容": "株式会社プロテリアル　安来工場　健康管理室【2:診療所】【診療科目:内科】島根県安来市飯島町１２４０－２（株）プロテリアル安来工場内" }, "geometry": { "type": "Point", "coordinates": [ 133.24089, 35.433205 ] } },
{ "type": "Feature", "properties": { "ID": 3222325133230, "正式名称": "並河内科クリニック", "機関区分": 2, "都道府県コード": 32, "市区町村コード": 201, "所在地": "島根県松江市北田町２ー３", "緯度": 35.475154, "経度": 133.063306, "url": "https://www.iryou.teikyouseido.mhlw.go.jp/znk-web/juminkanja/S2430/initialize?prefCd=32&kikanCd=2325133230&kikanKbn=2", "url2": null, "内容": "並河内科クリニック【2:診療所】【診療科目:内科_リハビリテーション科】島根県松江市北田町２ー３" }, "geometry": { "type": "Point", "coordinates": [ 133.063306, 35.475154 ] } },
{ "type": "Feature", "properties": { "ID": 3222325133360, "正式名称": "ぽよぽよクリニック", "機関区分": 2, "都道府県コード": 32, "市区町村コード": 201, "所在地": "島根県松江市東津田町１１９８番地３", "緯度": 35.45604, "経度": 133.082243, "url": "https://www.iryou.teikyouseido.mhlw.go.jp/znk-web/juminkanja/S2430/initialize?prefCd=32&kikanCd=2325133360&kikanKbn=2", "url2": "https://www.poyopoyo.jp", "内容": "ぽよぽよクリニック【2:診療所】【診療科目:小児科_アレルギー科】島根県松江市東津田町１１９８番地３" }, "geometry": { "type": "Point", "coordinates": [ 133.082243, 35.45604 ] } },
{ "type": "Feature", "properties": { "ID": 3222325133490, "正式名称": "医療法人社団村上医院", "機関区分": 2, "都道府県コード": 32, "市区町村コード": 206, "所在地": "島根県安来市伯太町東母里４５９－５", "緯度": 35.354584, "経度": 133.278533, "url": "https://www.iryou.teikyouseido.mhlw.go.jp/znk-web/juminkanja/S2430/initialize?prefCd=32&kikanCd=2325133490&kikanKbn=2", "url2": null, "内容": "医療法人社団村上医院【2:診療所】【診療科目:内科】島根県安来市伯太町東母里４５９－５" }, "geometry": { "type": "Point", "coordinates": [ 133.278533, 35.354584 ] } },
{ "type": "Feature", "properties": { "ID": 3222325133650, "正式名称": "いわもと耳鼻咽喉科医院", "機関区分": 2, "都道府県コード": 32, "市区町村コード": 201, "所在地": "島根県松江市春日町１８８－１", "緯度": 35.486511, "経度": 133.045669, "url": "https://www.iryou.teikyouseido.mhlw.go.jp/znk-web/juminkanja/S2430/initialize?prefCd=32&kikanCd=2325133650&kikanKbn=2", "url2": null, "内容": "いわもと耳鼻咽喉科医院【2:診療所】【診療科目:耳鼻いんこう科】島根県松江市春日町１８８－１" }, "geometry": { "type": "Point", "coordinates": [ 133.045669, 35.486511 ] } },
{ "type": "Feature", "properties": { "ID": 3222325133780, "正式名称": "須山医院", "機関区分": 2, "都道府県コード": 32, "市区町村コード": 201, "所在地": "島根県松江市黒田町３０－４", "緯度": 35.484806, "経度": 133.040076, "url": "https://www.iryou.teikyouseido.mhlw.go.jp/znk-web/juminkanja/S2430/initialize?prefCd=32&kikanCd=2325133780&kikanKbn=2", "url2": null, "内容": "須山医院【2:診療所】【診療科目:内科_循環器内科】島根県松江市黒田町３０－４" }, "geometry": { "type": "Point", "coordinates": [ 133.040076, 35.484806 ] } },
{ "type": "Feature", "properties": { "ID": 3222325133810, "正式名称": "小松クリニック", "機関区分": 2, "都道府県コード": 32, "市区町村コード": 201, "所在地": "島根県松江市黒田町３０番地４", "緯度": 35.484887, "経度": 133.039734, "url": "https://www.iryou.teikyouseido.mhlw.go.jp/znk-web/juminkanja/S2430/initialize?prefCd=32&kikanCd=2325133810&kikanKbn=2", "url2": null, "内容": "小松クリニック【2:診療所】【診療科目:内科_心臓内科_精神科】島根県松江市黒田町３０番地４" }, "geometry": { "type": "Point", "coordinates": [ 133.039734, 35.484887 ] } },
{ "type": "Feature", "properties": { "ID": 3222325133940, "正式名称": "特別養護老人ホームあとむ苑医務室", "機関区分": 2, "都道府県コード": 32, "市区町村コード": 201, "所在地": "島根県松江市鹿島町北講武８８５番地６", "緯度": 35.52265, "経度": 133.026692, "url": "https://www.iryou.teikyouseido.mhlw.go.jp/znk-web/juminkanja/S2430/initialize?prefCd=32&kikanCd=2325133940&kikanKbn=2", "url2": null, "内容": "特別養護老人ホームあとむ苑医務室【2:診療所】【診療科目:内科】島根県松江市鹿島町北講武８８５番地６" }, "geometry": { "type": "Point", "coordinates": [ 133.026692, 35.52265 ] } },
{ "type": "Feature", "properties": { "ID": 3222325134110, "正式名称": "医療法人社団佐貫内科医院", "機関区分": 2, "都道府県コード": 32, "市区町村コード": 201, "所在地": "島根県松江市八雲町日吉１９４－１０", "緯度": 35.417081, "経度": 133.096158, "url": "https://www.iryou.teikyouseido.mhlw.go.jp/znk-web/juminkanja/S2430/initialize?prefCd=32&kikanCd=2325134110&kikanKbn=2", "url2": "https://sanuki-naika.com", "内容": "医療法人社団佐貫内科医院【2:診療所】【診療科目:内科_循環器内科_消化器内科_小児科】島根県松江市八雲町日吉１９４－１０" }, "geometry": { "type": "Point", "coordinates": [ 133.096158, 35.417081 ] } },
{ "type": "Feature", "properties": { "ID": 322232513437, "正式名称": "しみず内科クリニック", "機関区分": 2, "都道府県コード": 32, "市区町村コード": 201, "所在地": "島根県松江市比津が丘２丁目２－１４", "緯度": 35.494089, "経度": 133.036144, "url": "https://www.iryou.teikyouseido.mhlw.go.jp/znk-web/juminkanja/S2430/initialize?prefCd=32&kikanCd=232513437&kikanKbn=2", "url2": null, "内容": "しみず内科クリニック【2:診療所】【診療科目:内科_胃腸内科】島根県松江市比津が丘２丁目２－１４" }, "geometry": { "type": "Point", "coordinates": [ 133.036144, 35.494089 ] } },
{ "type": "Feature", "properties": { "ID": 3222325134400, "正式名称": "いんべ杉谷内科小児科醫院", "機関区分": 2, "都道府県コード": 32, "市区町村コード": 201, "所在地": "島根県松江市東忌部町８３－２２", "緯度": 35.415804, "経度": 133.044439, "url": "https://www.iryou.teikyouseido.mhlw.go.jp/znk-web/juminkanja/S2430/initialize?prefCd=32&kikanCd=2325134400&kikanKbn=2", "url2": null, "内容": "いんべ杉谷内科小児科醫院【2:診療所】【診療科目:内科_糖尿病内科_内分泌内科_呼吸器内科_循環器内科_消化器内科_胃腸内科_小児科_心療内科_アレルギー科_リハビリテーション科】島根県松江市東忌部町８３－２２" }, "geometry": { "type": "Point", "coordinates": [ 133.044439, 35.415804 ] } },
{ "type": "Feature", "properties": { "ID": 3222325134790, "正式名称": "たけはな整形外科クリニック", "機関区分": 2, "都道府県コード": 32, "市区町村コード": 201, "所在地": "島根県松江市東出雲町錦新町２－２－３", "緯度": 35.433739, "経度": 133.138283, "url": "https://www.iryou.teikyouseido.mhlw.go.jp/znk-web/juminkanja/S2430/initialize?prefCd=32&kikanCd=2325134790&kikanKbn=2", "url2": null, "内容": "たけはな整形外科クリニック【2:診療所】【診療科目:整形外科】島根県松江市東出雲町錦新町２－２－３" }, "geometry": { "type": "Point", "coordinates": [ 133.138283, 35.433739 ] } },
{ "type": "Feature", "properties": { "ID": 3222325134820, "正式名称": "さんメンタルクリニック", "機関区分": 2, "都道府県コード": 32, "市区町村コード": 201, "所在地": "島根県松江市南田町９５番地１７あさひビル３階", "緯度": 35.471533, "経度": 133.060364, "url": "https://www.iryou.teikyouseido.mhlw.go.jp/znk-web/juminkanja/S2430/initialize?prefCd=32&kikanCd=2325134820&kikanKbn=2", "url2": null, "内容": "さんメンタルクリニック【2:診療所】【診療科目:精神科_心療内科】島根県松江市南田町９５番地１７あさひビル３階" }, "geometry": { "type": "Point", "coordinates": [ 133.060364, 35.471533 ] } },
{ "type": "Feature", "properties": { "ID": 3222325135090, "正式名称": "医療法人広明会伊藤皮膚科クリニック", "機関区分": 2, "都道府県コード": 32, "市区町村コード": 201, "所在地": "島根県松江市田和山町１０９", "緯度": 35.441619, "経度": 133.054325, "url": "https://www.iryou.teikyouseido.mhlw.go.jp/znk-web/juminkanja/S2430/initialize?prefCd=32&kikanCd=2325135090&kikanKbn=2", "url2": null, "内容": "医療法人広明会伊藤皮膚科クリニック【2:診療所】【診療科目:皮膚科】島根県松江市田和山町１０９" }, "geometry": { "type": "Point", "coordinates": [ 133.054325, 35.441619 ] } },
{ "type": "Feature", "properties": { "ID": 3222325135250, "正式名称": "特別養護老人ホーム明翔苑医務室", "機関区分": 2, "都道府県コード": 32, "市区町村コード": 201, "所在地": "島根県松江市西浜佐陀町１３９９－３４", "緯度": 35.4764, "経度": 132.993447, "url": "https://www.iryou.teikyouseido.mhlw.go.jp/znk-web/juminkanja/S2430/initialize?prefCd=32&kikanCd=2325135250&kikanKbn=2", "url2": null, "内容": "特別養護老人ホーム明翔苑医務室【2:診療所】【診療科目:脳神経内科_皮膚科_泌尿器科】島根県松江市西浜佐陀町１３９９－３４" }, "geometry": { "type": "Point", "coordinates": [ 132.993447, 35.4764 ] } },
{ "type": "Feature", "properties": { "ID": 3222325135540, "正式名称": "みどり眼科", "機関区分": 2, "都道府県コード": 32, "市区町村コード": 201, "所在地": "島根県松江市学園２－２６－３３", "緯度": 35.483896, "経度": 133.069326, "url": "https://www.iryou.teikyouseido.mhlw.go.jp/znk-web/juminkanja/S2430/initialize?prefCd=32&kikanCd=2325135540&kikanKbn=2", "url2": "https://www.midoriganka-matsue.com/", "内容": "みどり眼科【2:診療所】【診療科目:眼科】島根県松江市学園２－２６－３３" }, "geometry": { "type": "Point", "coordinates": [ 133.069326, 35.483896 ] } },
{ "type": "Feature", "properties": { "ID": 3222325135670, "正式名称": "医療法人社団　太田脳神経外科クリニック", "機関区分": 2, "都道府県コード": 32, "市区町村コード": 201, "所在地": "島根県松江市砂子町１９６ー３", "緯度": 35.473362, "経度": 133.04482, "url": "https://www.iryou.teikyouseido.mhlw.go.jp/znk-web/juminkanja/S2430/initialize?prefCd=32&kikanCd=2325135670&kikanKbn=2", "url2": null, "内容": "医療法人社団　太田脳神経外科クリニック【2:診療所】【診療科目:脳神経内科_外科_脳神経外科_リハビリテーション科】島根県松江市砂子町１９６ー３" }, "geometry": { "type": "Point", "coordinates": [ 133.04482, 35.473362 ] } },
{ "type": "Feature", "properties": { "ID": 3222325136130, "正式名称": "まつしま脳神経内科クリニック", "機関区分": 2, "都道府県コード": 32, "市区町村コード": 201, "所在地": "島根県松江市下東川津町４２－５", "緯度": 35.497095, "経度": 133.080424, "url": "https://www.iryou.teikyouseido.mhlw.go.jp/znk-web/juminkanja/S2430/initialize?prefCd=32&kikanCd=2325136130&kikanKbn=2", "url2": null, "内容": "まつしま脳神経内科クリニック【2:診療所】【診療科目:内科_脳神経内科_リハビリテーション科】島根県松江市下東川津町４２－５" }, "geometry": { "type": "Point", "coordinates": [ 133.080424, 35.497095 ] } },
{ "type": "Feature", "properties": { "ID": 3222325136390, "正式名称": "島根県立心と体の相談センター", "機関区分": 2, "都道府県コード": 32, "市区町村コード": 201, "所在地": "島根県松江市東津田町１７４１－３", "緯度": 35.447293, "経度": 133.085164, "url": "https://www.iryou.teikyouseido.mhlw.go.jp/znk-web/juminkanja/S2430/initialize?prefCd=32&kikanCd=2325136390&kikanKbn=2", "url2": null, "内容": "島根県立心と体の相談センター【2:診療所】【診療科目:内科_精神科】島根県松江市東津田町１７４１－３" }, "geometry": { "type": "Point", "coordinates": [ 133.085164, 35.447293 ] } },
{ "type": "Feature", "properties": { "ID": 3222325136420, "正式名称": "松江市国民健康保険来待診療所", "機関区分": 2, "都道府県コード": 32, "市区町村コード": 201, "所在地": "島根県松江市宍道町上来待２１３－１", "緯度": 35.402645, "経度": 132.961013, "url": "https://www.iryou.teikyouseido.mhlw.go.jp/znk-web/juminkanja/S2430/initialize?prefCd=32&kikanCd=2325136420&kikanKbn=2", "url2": null, "内容": "松江市国民健康保険来待診療所【2:診療所】【診療科目:内科_整形外科_小児科_眼科】島根県松江市宍道町上来待２１３－１" }, "geometry": { "type": "Point", "coordinates": [ 132.961013, 35.402645 ] } },
{ "type": "Feature", "properties": { "ID": 3222325136550, "正式名称": "医療法人　入澤クリニック", "機関区分": 2, "都道府県コード": 32, "市区町村コード": 201, "所在地": "島根県松江市八幡町２８５ー６", "緯度": 35.440121, "経度": 133.117736, "url": "https://www.iryou.teikyouseido.mhlw.go.jp/znk-web/juminkanja/S2430/initialize?prefCd=32&kikanCd=2325136550&kikanKbn=2", "url2": null, "内容": "医療法人　入澤クリニック【2:診療所】【診療科目:内科_呼吸器内科_消化器内科】島根県松江市八幡町２８５ー６" }, "geometry": { "type": "Point", "coordinates": [ 133.117736, 35.440121 ] } },
{ "type": "Feature", "properties": { "ID": 3222325136680, "正式名称": "医療法人社団たかお皮フ科クリニック", "機関区分": 2, "都道府県コード": 32, "市区町村コード": 201, "所在地": "島根県松江市新雑賀町４－１７", "緯度": 35.460647, "経度": 133.064708, "url": "https://www.iryou.teikyouseido.mhlw.go.jp/znk-web/juminkanja/S2430/initialize?prefCd=32&kikanCd=2325136680&kikanKbn=2", "url2": "http://www.takaohifuka.com", "内容": "医療法人社団たかお皮フ科クリニック【2:診療所】【診療科目:皮膚科_美容皮膚科】島根県松江市新雑賀町４－１７" }, "geometry": { "type": "Point", "coordinates": [ 133.064708, 35.460647 ] } },
{ "type": "Feature", "properties": { "ID": 3222325136710, "正式名称": "医療法人社団はっとり皮ふ科クリニック", "機関区分": 2, "都道府県コード": 32, "市区町村コード": 201, "所在地": "島根県松江市東津田町１７６９ー２", "緯度": 35.446306, "経度": 133.08492, "url": "https://www.iryou.teikyouseido.mhlw.go.jp/znk-web/juminkanja/S2430/initialize?prefCd=32&kikanCd=2325136710&kikanKbn=2", "url2": null, "内容": "医療法人社団はっとり皮ふ科クリニック【2:診療所】【診療科目:皮膚科】島根県松江市東津田町１７６９ー２" }, "geometry": { "type": "Point", "coordinates": [ 133.08492, 35.446306 ] } },
{ "type": "Feature", "properties": { "ID": 3222325137270, "正式名称": "医療法人　さとう耳鼻咽喉科", "機関区分": 2, "都道府県コード": 32, "市区町村コード": 201, "所在地": "島根県松江市東出雲町錦新町７丁目４－１２", "緯度": 35.430506, "経度": 133.142658, "url": "https://www.iryou.teikyouseido.mhlw.go.jp/znk-web/juminkanja/S2430/initialize?prefCd=32&kikanCd=2325137270&kikanKbn=2", "url2": null, "内容": "医療法人　さとう耳鼻咽喉科【2:診療所】【診療科目:耳鼻いんこう科】島根県松江市東出雲町錦新町７丁目４－１２" }, "geometry": { "type": "Point", "coordinates": [ 133.142658, 35.430506 ] } },
{ "type": "Feature", "properties": { "ID": 3222325137430, "正式名称": "医療法人　佐藤内科医院", "機関区分": 2, "都道府県コード": 32, "市区町村コード": 201, "所在地": "島根県松江市天神町１５番地ウィステリア天神１階", "緯度": 35.464049, "経度": 133.055774, "url": "https://www.iryou.teikyouseido.mhlw.go.jp/znk-web/juminkanja/S2430/initialize?prefCd=32&kikanCd=2325137430&kikanKbn=2", "url2": null, "内容": "医療法人　佐藤内科医院【2:診療所】【診療科目:内科_循環器内科_消化器内科】島根県松江市天神町１５番地ウィステリア天神１階" }, "geometry": { "type": "Point", "coordinates": [ 133.055774, 35.464049 ] } },
{ "type": "Feature", "properties": { "ID": 3222325137690, "正式名称": "医療法人わたなべ耳鼻咽喉科医院", "機関区分": 2, "都道府県コード": 32, "市区町村コード": 201, "所在地": "島根県松江市東朝日町字小浜２１１", "緯度": 35.462169, "経度": 133.075184, "url": "https://www.iryou.teikyouseido.mhlw.go.jp/znk-web/juminkanja/S2430/initialize?prefCd=32&kikanCd=2325137690&kikanKbn=2", "url2": "watanabe-jibika.net", "内容": "医療法人わたなべ耳鼻咽喉科医院【2:診療所】【診療科目:耳鼻いんこう科】島根県松江市東朝日町字小浜２１１" }, "geometry": { "type": "Point", "coordinates": [ 133.075184, 35.462169 ] } },
{ "type": "Feature", "properties": { "ID": 3222325137850, "正式名称": "特別養護老人ホーム　大野の郷", "機関区分": 2, "都道府県コード": 32, "市区町村コード": 201, "所在地": "島根県松江市大野町１６７番地", "緯度": 35.49071, "経度": 132.9148, "url": "https://www.iryou.teikyouseido.mhlw.go.jp/znk-web/juminkanja/S2430/initialize?prefCd=32&kikanCd=2325137850&kikanKbn=2", "url2": null, "内容": "特別養護老人ホーム　大野の郷【2:診療所】【診療科目:内科】島根県松江市大野町１６７番地" }, "geometry": { "type": "Point", "coordinates": [ 132.9148, 35.49071 ] } },
{ "type": "Feature", "properties": { "ID": 3222325138280, "正式名称": "あさひまちクリニック", "機関区分": 2, "都道府県コード": 32, "市区町村コード": 201, "所在地": "島根県松江市朝日町４７６番地７", "緯度": 35.464939, "経度": 133.062617, "url": "https://www.iryou.teikyouseido.mhlw.go.jp/znk-web/juminkanja/S2430/initialize?prefCd=32&kikanCd=2325138280&kikanKbn=2", "url2": "asahimachi-clinic-matsue.com", "内容": "あさひまちクリニック【2:診療所】【診療科目:内科_消化器内科_産婦人科_婦人科】島根県松江市朝日町４７６番地７" }, "geometry": { "type": "Point", "coordinates": [ 133.062617, 35.464939 ] } },
{ "type": "Feature", "properties": { "ID": 3222325138310, "正式名称": "心療内科漢方松江クリニック", "機関区分": 2, "都道府県コード": 32, "市区町村コード": 201, "所在地": "島根県松江市学園１－７－３５", "緯度": 35.479481, "経度": 133.065672, "url": "https://www.iryou.teikyouseido.mhlw.go.jp/znk-web/juminkanja/S2430/initialize?prefCd=32&kikanCd=2325138310&kikanKbn=2", "url2": null, "内容": "心療内科漢方松江クリニック【2:診療所】【診療科目:漢方内科_精神科_心療内科_アレルギー科_リハビリテーション科】島根県松江市学園１－７－３５" }, "geometry": { "type": "Point", "coordinates": [ 133.065672, 35.479481 ] } },
{ "type": "Feature", "properties": { "ID": 3222325138440, "正式名称": "市岡眼科", "機関区分": 2, "都道府県コード": 32, "市区町村コード": 201, "所在地": "島根県松江市朝日町４７６－７", "緯度": 35.464939, "経度": 133.062617, "url": "https://www.iryou.teikyouseido.mhlw.go.jp/znk-web/juminkanja/S2430/initialize?prefCd=32&kikanCd=2325138440&kikanKbn=2", "url2": null, "内容": "市岡眼科【2:診療所】【診療科目:眼科】島根県松江市朝日町４７６－７" }, "geometry": { "type": "Point", "coordinates": [ 133.062617, 35.464939 ] } },
{ "type": "Feature", "properties": { "ID": 3222325138600, "正式名称": "飯島クリニック", "機関区分": 2, "都道府県コード": 32, "市区町村コード": 201, "所在地": "島根県松江市御手船場町５６８太田ビル３階", "緯度": 35.465629, "経度": 133.062835, "url": "https://www.iryou.teikyouseido.mhlw.go.jp/znk-web/juminkanja/S2430/initialize?prefCd=32&kikanCd=2325138600&kikanKbn=2", "url2": "http://iijimaclinic.jp", "内容": "飯島クリニック【2:診療所】【診療科目:精神科_神経科_心療内科】島根県松江市御手船場町５６８太田ビル３階" }, "geometry": { "type": "Point", "coordinates": [ 133.062835, 35.465629 ] } },
{ "type": "Feature", "properties": { "ID": 3222325138730, "正式名称": "医療法人　大学前のつ内科クリニック", "機関区分": 2, "都道府県コード": 32, "市区町村コード": 201, "所在地": "島根県松江市学園２丁目２７−１７ＳＴＨビル", "緯度": 35.483317, "経度": 133.064064, "url": "https://www.iryou.teikyouseido.mhlw.go.jp/znk-web/juminkanja/S2430/initialize?prefCd=32&kikanCd=2325138730&kikanKbn=2", "url2": null, "内容": "医療法人　大学前のつ内科クリニック【2:診療所】【診療科目:内科_婦人科】島根県松江市学園２丁目２７−１７ＳＴＨビル" }, "geometry": { "type": "Point", "coordinates": [ 133.064064, 35.483317 ] } },
{ "type": "Feature", "properties": { "ID": 3222325139030, "正式名称": "医療法人周晴会林医院", "機関区分": 2, "都道府県コード": 32, "市区町村コード": 201, "所在地": "島根県松江市北堀町５７番地４", "緯度": 35.478684, "経度": 133.056577, "url": "https://www.iryou.teikyouseido.mhlw.go.jp/znk-web/juminkanja/S2430/initialize?prefCd=32&kikanCd=2325139030&kikanKbn=2", "url2": null, "内容": "医療法人周晴会林医院【2:診療所】【診療科目:内科】島根県松江市北堀町５７番地４" }, "geometry": { "type": "Point", "coordinates": [ 133.056577, 35.478684 ] } },
{ "type": "Feature", "properties": { "ID": 3222325139160, "正式名称": "門脇医院", "機関区分": 2, "都道府県コード": 32, "市区町村コード": 201, "所在地": "島根県松江市八束町遅江３８４－２", "緯度": 35.494356, "経度": 133.182642, "url": "https://www.iryou.teikyouseido.mhlw.go.jp/znk-web/juminkanja/S2430/initialize?prefCd=32&kikanCd=2325139160&kikanKbn=2", "url2": null, "内容": "門脇医院【2:診療所】【診療科目:内科_消化器内科_外科_肛門外科】島根県松江市八束町遅江３８４－２" }, "geometry": { "type": "Point", "coordinates": [ 133.182642, 35.494356 ] } },
{ "type": "Feature", "properties": { "ID": 3222325139290, "正式名称": "医療法人かじクリニック", "機関区分": 2, "都道府県コード": 32, "市区町村コード": 201, "所在地": "島根県松江市殿町５１６番地山陰鴻池ビル２Ｆ", "緯度": 35.471689, "経度": 133.053903, "url": "https://www.iryou.teikyouseido.mhlw.go.jp/znk-web/juminkanja/S2430/initialize?prefCd=32&kikanCd=2325139290&kikanKbn=2", "url2": "www.kaji-cl.com", "内容": "医療法人かじクリニック【2:診療所】【診療科目:形成外科_皮膚科】島根県松江市殿町５１６番地山陰鴻池ビル２Ｆ" }, "geometry": { "type": "Point", "coordinates": [ 133.053903, 35.471689 ] } },
{ "type": "Feature", "properties": { "ID": 3222325139610, "正式名称": "医療法人いきいき．クリニック", "機関区分": 2, "都道府県コード": 32, "市区町村コード": 201, "所在地": "島根県松江市東津田町１７６８－２", "緯度": 35.446439, "経度": 133.085047, "url": "https://www.iryou.teikyouseido.mhlw.go.jp/znk-web/juminkanja/S2430/initialize?prefCd=32&kikanCd=2325139610&kikanKbn=2", "url2": "http://ikiiki-clinic.jp/", "内容": "医療法人いきいき．クリニック【2:診療所】【診療科目:内科_形成外科_泌尿器科】島根県松江市東津田町１７６８－２" }, "geometry": { "type": "Point", "coordinates": [ 133.085047, 35.446439 ] } },
{ "type": "Feature", "properties": { "ID": 3222325140140, "正式名称": "医療法人いざみ　ＫＡＺＵＫＩプライベートクリニック", "機関区分": 2, "都道府県コード": 32, "市区町村コード": 201, "所在地": "島根県松江市朝日町４８４－１３三洋苑松江ビルⅡ３Ｆ及び５Ｆ", "緯度": 35.464142, "経度": 133.061094, "url": "https://www.iryou.teikyouseido.mhlw.go.jp/znk-web/juminkanja/S2430/initialize?prefCd=32&kikanCd=2325140140&kikanKbn=2", "url2": null, "内容": "医療法人いざみ　ＫＡＺＵＫＩプライベートクリニック【2:診療所】【診療科目:形成外科_美容外科_眼科_皮膚科_美容皮膚科_男性泌尿器科】島根県松江市朝日町４８４－１３三洋苑松江ビルⅡ３Ｆ及び５Ｆ" }, "geometry": { "type": "Point", "coordinates": [ 133.061094, 35.464142 ] } },
{ "type": "Feature", "properties": { "ID": 3222325140270, "正式名称": "くらたこどもクリニック", "機関区分": 2, "都道府県コード": 32, "市区町村コード": 201, "所在地": "島根県松江市東朝日町２３２－１０", "緯度": 35.461844, "経度": 133.076593, "url": "https://www.iryou.teikyouseido.mhlw.go.jp/znk-web/juminkanja/S2430/initialize?prefCd=32&kikanCd=2325140270&kikanKbn=2", "url2": "kuratakodomo.jp", "内容": "くらたこどもクリニック【2:診療所】【診療科目:小児科_心療内科_アレルギー科】島根県松江市東朝日町２３２－１０" }, "geometry": { "type": "Point", "coordinates": [ 133.076593, 35.461844 ] } },
{ "type": "Feature", "properties": { "ID": 3222325140720, "正式名称": "養護老人ホーム花仙", "機関区分": 2, "都道府県コード": 32, "市区町村コード": 201, "所在地": "島根県松江市玉湯町湯町１９２４番地１", "緯度": 35.426764, "経度": 133.006569, "url": "https://www.iryou.teikyouseido.mhlw.go.jp/znk-web/juminkanja/S2430/initialize?prefCd=32&kikanCd=2325140720&kikanKbn=2", "url2": null, "内容": "養護老人ホーム花仙【2:診療所】【診療科目:内科】島根県松江市玉湯町湯町１９２４番地１" }, "geometry": { "type": "Point", "coordinates": [ 133.006569, 35.426764 ] } },
{ "type": "Feature", "properties": { "ID": 3222325140850, "正式名称": "地域密着型特別養護老人ホームたまゆの杜", "機関区分": 2, "都道府県コード": 32, "市区町村コード": 201, "所在地": "島根県松江市玉湯町湯町１９２４番地１", "緯度": 35.426764, "経度": 133.006569, "url": "https://www.iryou.teikyouseido.mhlw.go.jp/znk-web/juminkanja/S2430/initialize?prefCd=32&kikanCd=2325140850&kikanKbn=2", "url2": null, "内容": "地域密着型特別養護老人ホームたまゆの杜【2:診療所】【診療科目:内科】島根県松江市玉湯町湯町１９２４番地１" }, "geometry": { "type": "Point", "coordinates": [ 133.006569, 35.426764 ] } },
{ "type": "Feature", "properties": { "ID": 3222325141310, "正式名称": "かつべ整形外科医院", "機関区分": 2, "都道府県コード": 32, "市区町村コード": 201, "所在地": "島根県松江市南田町２５－１", "緯度": 35.468869, "経度": 133.056006, "url": "https://www.iryou.teikyouseido.mhlw.go.jp/znk-web/juminkanja/S2430/initialize?prefCd=32&kikanCd=2325141310&kikanKbn=2", "url2": null, "内容": "かつべ整形外科医院【2:診療所】【診療科目:整形外科_リハビリテーション科】島根県松江市南田町２５－１" }, "geometry": { "type": "Point", "coordinates": [ 133.056006, 35.468869 ] } },
{ "type": "Feature", "properties": { "ID": 3222325141860, "正式名称": "メディカルカウンセリングセンタークリニック大竹", "機関区分": 2, "都道府県コード": 32, "市区町村コード": 201, "所在地": "島根県松江市学園南２ー１２ー５ＨＯＹＯパークサイドビル", "緯度": 35.473324, "経度": 133.0684, "url": "https://www.iryou.teikyouseido.mhlw.go.jp/znk-web/juminkanja/S2430/initialize?prefCd=32&kikanCd=2325141860&kikanKbn=2", "url2": null, "内容": "メディカルカウンセリングセンタークリニック大竹【2:診療所】【診療科目:内科_精神科_心療内科】島根県松江市学園南２ー１２ー５ＨＯＹＯパークサイドビル" }, "geometry": { "type": "Point", "coordinates": [ 133.0684, 35.473324 ] } },
{ "type": "Feature", "properties": { "ID": 3222325142450, "正式名称": "いしはら眼科", "機関区分": 2, "都道府県コード": 32, "市区町村コード": 201, "所在地": "島根県松江市東出雲町意宇東２－６－７", "緯度": 35.434303, "経度": 133.137468, "url": "https://www.iryou.teikyouseido.mhlw.go.jp/znk-web/juminkanja/S2430/initialize?prefCd=32&kikanCd=2325142450&kikanKbn=2", "url2": "https://www.ishihara-eyeclinic.jp", "内容": "いしはら眼科【2:診療所】【診療科目:眼科】島根県松江市東出雲町意宇東２－６－７" }, "geometry": { "type": "Point", "coordinates": [ 133.137468, 35.434303 ] } },
{ "type": "Feature", "properties": { "ID": 3222325143880, "正式名称": "たまゆ内科クリニック", "機関区分": 2, "都道府県コード": 32, "市区町村コード": 201, "所在地": "島根県松江市玉湯町湯町８２５ー１", "緯度": 35.431767, "経度": 133.00781, "url": "https://www.iryou.teikyouseido.mhlw.go.jp/znk-web/juminkanja/S2430/initialize?prefCd=32&kikanCd=2325143880&kikanKbn=2", "url2": "https://www.tamayunaika-clinic.jp/", "内容": "たまゆ内科クリニック【2:診療所】【診療科目:内科_呼吸器内科_消化器内科】島根県松江市玉湯町湯町８２５ー１" }, "geometry": { "type": "Point", "coordinates": [ 133.00781, 35.431767 ] } },
{ "type": "Feature", "properties": { "ID": 3222325144210, "正式名称": "高梨眼科医院", "機関区分": 2, "都道府県コード": 32, "市区町村コード": 201, "所在地": "島根県松江市春日町５８６－２", "緯度": 35.482301, "経度": 133.049205, "url": "https://www.iryou.teikyouseido.mhlw.go.jp/znk-web/juminkanja/S2430/initialize?prefCd=32&kikanCd=2325144210&kikanKbn=2", "url2": null, "内容": "高梨眼科医院【2:診療所】【診療科目:眼科】島根県松江市春日町５８６－２" }, "geometry": { "type": "Point", "coordinates": [ 133.049205, 35.482301 ] } },
{ "type": "Feature", "properties": { "ID": 3222325144340, "正式名称": "医療法人　大國内科クリニック", "機関区分": 2, "都道府県コード": 32, "市区町村コード": 201, "所在地": "島根県松江市乃木福富町４１３－２", "緯度": 35.436427, "経度": 133.041485, "url": "https://www.iryou.teikyouseido.mhlw.go.jp/znk-web/juminkanja/S2430/initialize?prefCd=32&kikanCd=2325144340&kikanKbn=2", "url2": "http://www.oguni-clinic.jp", "内容": "医療法人　大國内科クリニック【2:診療所】【診療科目:内科_糖尿病内科_内分泌内科_糖尿病・内分泌内科】島根県松江市乃木福富町４１３－２" }, "geometry": { "type": "Point", "coordinates": [ 133.041485, 35.436427 ] } },
{ "type": "Feature", "properties": { "ID": 3222325144920, "正式名称": "八重垣レディースクリニック", "機関区分": 2, "都道府県コード": 32, "市区町村コード": 201, "所在地": "島根県松江市東出雲町意宇南５丁目４－２", "緯度": 35.427902, "経度": 133.129923, "url": "https://www.iryou.teikyouseido.mhlw.go.jp/znk-web/juminkanja/S2430/initialize?prefCd=32&kikanCd=2325144920&kikanKbn=2", "url2": "https://www.yaegaki-lc.jp/", "内容": "八重垣レディースクリニック【2:診療所】【診療科目:産婦人科（生殖医療）】島根県松江市東出雲町意宇南５丁目４－２" }, "geometry": { "type": "Point", "coordinates": [ 133.129923, 35.427902 ] } },
{ "type": "Feature", "properties": { "ID": 3222325145060, "正式名称": "心療内科医食同源松江ホリスティッククリニック", "機関区分": 2, "都道府県コード": 32, "市区町村コード": 201, "所在地": "島根県松江市東朝日町１３６－２", "緯度": 35.465385, "経度": 133.065577, "url": "https://www.iryou.teikyouseido.mhlw.go.jp/znk-web/juminkanja/S2430/initialize?prefCd=32&kikanCd=2325145060&kikanKbn=2", "url2": null, "内容": "心療内科医食同源松江ホリスティッククリニック【2:診療所】【診療科目:漢方内科_精神科_心療内科_アレルギー科_リハビリテーション科】島根県松江市東朝日町１３６－２" }, "geometry": { "type": "Point", "coordinates": [ 133.065577, 35.465385 ] } },
{ "type": "Feature", "properties": { "ID": 3222325145220, "正式名称": "漢方女性クリニック・ｍｉｏ", "機関区分": 2, "都道府県コード": 32, "市区町村コード": 201, "所在地": "島根県松江市朝日町４９８松江センタービル２階", "緯度": 35.464444, "経度": 133.059833, "url": "https://www.iryou.teikyouseido.mhlw.go.jp/znk-web/juminkanja/S2430/initialize?prefCd=32&kikanCd=2325145220&kikanKbn=2", "url2": null, "内容": "漢方女性クリニック・ｍｉｏ【2:診療所】【診療科目:婦人科_精神科_心療内科】島根県松江市朝日町４９８松江センタービル２階" }, "geometry": { "type": "Point", "coordinates": [ 133.059833, 35.464444 ] } },
{ "type": "Feature", "properties": { "ID": 3222325145350, "正式名称": "社会福祉法人つわぶき　つわぶきクリニックやましろ", "機関区分": 2, "都道府県コード": 32, "市区町村コード": 201, "所在地": "島根県松江市山代町１００１", "緯度": 35.445178, "経度": 133.085627, "url": "https://www.iryou.teikyouseido.mhlw.go.jp/znk-web/juminkanja/S2430/initialize?prefCd=32&kikanCd=2325145350&kikanKbn=2", "url2": "http://www.tsuwabuki.jp/yamashiro/clinic/index.html", "内容": "社会福祉法人つわぶき　つわぶきクリニックやましろ【2:診療所】【診療科目:小児科_児童精神科】島根県松江市山代町１００１" }, "geometry": { "type": "Point", "coordinates": [ 133.085627, 35.445178 ] } },
{ "type": "Feature", "properties": { "ID": 3222325146360, "正式名称": "レディースメンタルクリニック一粒の麦", "機関区分": 2, "都道府県コード": 32, "市区町村コード": 201, "所在地": "島根県松江市西津田３丁目１３－２１レディースメンタルクリニック一粒の麦", "緯度": 35.456, "経度": 133.080928, "url": "https://www.iryou.teikyouseido.mhlw.go.jp/znk-web/juminkanja/S2430/initialize?prefCd=32&kikanCd=2325146360&kikanKbn=2", "url2": "http://hitotsubuno-mugi.com", "内容": "レディースメンタルクリニック一粒の麦【2:診療所】【診療科目:精神科_心療内科】島根県松江市西津田３丁目１３－２１レディースメンタルクリニック一粒の麦" }, "geometry": { "type": "Point", "coordinates": [ 133.080928, 35.456 ] } },
{ "type": "Feature", "properties": { "ID": 3222325146650, "正式名称": "地域密着型介護老人福祉施設ゆうなぎホーム医務室", "機関区分": 2, "都道府県コード": 32, "市区町村コード": 201, "所在地": "島根県松江市島根町野波２３１８－３", "緯度": 35.586322, "経度": 133.101289, "url": "https://www.iryou.teikyouseido.mhlw.go.jp/znk-web/juminkanja/S2430/initialize?prefCd=32&kikanCd=2325146650&kikanKbn=2", "url2": null, "内容": "地域密着型介護老人福祉施設ゆうなぎホーム医務室【2:診療所】【診療科目:内科】島根県松江市島根町野波２３１８－３" }, "geometry": { "type": "Point", "coordinates": [ 133.101289, 35.586322 ] } },
{ "type": "Feature", "properties": { "ID": 3222325146780, "正式名称": "山口整形外科医院", "機関区分": 2, "都道府県コード": 32, "市区町村コード": 201, "所在地": "島根県松江市学園南１丁目１３－３４", "緯度": 35.470612, "経度": 133.069621, "url": "https://www.iryou.teikyouseido.mhlw.go.jp/znk-web/juminkanja/S2430/initialize?prefCd=32&kikanCd=2325146780&kikanKbn=2", "url2": "www.yamaguchiseikei-matsue.com", "内容": "山口整形外科医院【2:診療所】【診療科目:整形外科_リハビリテーション科】島根県松江市学園南１丁目１３－３４" }, "geometry": { "type": "Point", "coordinates": [ 133.069621, 35.470612 ] } },
{ "type": "Feature", "properties": { "ID": 3222325146810, "正式名称": "みやけ眼科", "機関区分": 2, "都道府県コード": 32, "市区町村コード": 201, "所在地": "島根県松江市東津田町１１１３−１", "緯度": 35.456993, "経度": 133.084523, "url": "https://www.iryou.teikyouseido.mhlw.go.jp/znk-web/juminkanja/S2430/initialize?prefCd=32&kikanCd=2325146810&kikanKbn=2", "url2": null, "内容": "みやけ眼科【2:診療所】【診療科目:眼科】島根県松江市東津田町１１１３−１" }, "geometry": { "type": "Point", "coordinates": [ 133.084523, 35.456993 ] } },
{ "type": "Feature", "properties": { "ID": 3222325146940, "正式名称": "医療法人やました整形外科", "機関区分": 2, "都道府県コード": 32, "市区町村コード": 206, "所在地": "島根県安来市南十神町１７－１", "緯度": 35.429292, "経度": 133.260328, "url": "https://www.iryou.teikyouseido.mhlw.go.jp/znk-web/juminkanja/S2430/initialize?prefCd=32&kikanCd=2325146940&kikanKbn=2", "url2": "https://yamashita-orthopedic-clinic.jimdofree.com/", "内容": "医療法人やました整形外科【2:診療所】【診療科目:整形外科_リハビリテーション科】島根県安来市南十神町１７－１" }, "geometry": { "type": "Point", "coordinates": [ 133.260328, 35.429292 ] } },
{ "type": "Feature", "properties": { "ID": 3222325147110, "正式名称": "山口整形東本町クリニック", "機関区分": 2, "都道府県コード": 32, "市区町村コード": 201, "所在地": "島根県松江市東本町３丁目１０", "緯度": 35.4687, "経度": 133.058454, "url": "https://www.iryou.teikyouseido.mhlw.go.jp/znk-web/juminkanja/S2430/initialize?prefCd=32&kikanCd=2325147110&kikanKbn=2", "url2": "www.yamaguchiseikei-matsue.com", "内容": "山口整形東本町クリニック【2:診療所】【診療科目:整形外科】島根県松江市東本町３丁目１０" }, "geometry": { "type": "Point", "coordinates": [ 133.058454, 35.4687 ] } },
{ "type": "Feature", "properties": { "ID": 3222325147240, "正式名称": "家族・絆の吉岡医院", "機関区分": 2, "都道府県コード": 32, "市区町村コード": 206, "所在地": "島根県安来市安来町７８９番地１", "緯度": 35.426075, "経度": 133.245735, "url": "https://www.iryou.teikyouseido.mhlw.go.jp/znk-web/juminkanja/S2430/initialize?prefCd=32&kikanCd=2325147240&kikanKbn=2", "url2": "https://www.familybondyasugiyoshioka.com/", "内容": "家族・絆の吉岡医院【2:診療所】【診療科目:内科_小児科_産婦人科】島根県安来市安来町７８９番地１" }, "geometry": { "type": "Point", "coordinates": [ 133.245735, 35.426075 ] } },
{ "type": "Feature", "properties": { "ID": 3222325147370, "正式名称": "あさひ乃苑医務室", "機関区分": 2, "都道府県コード": 32, "市区町村コード": 201, "所在地": "島根県松江市古志町１９１番地１０地域密着型サービス事業所あさひ乃苑", "緯度": 35.499867, "経度": 133.0074375, "url": "https://www.iryou.teikyouseido.mhlw.go.jp/znk-web/juminkanja/S2430/initialize?prefCd=32&kikanCd=2325147370&kikanKbn=2", "url2": null, "内容": "あさひ乃苑医務室【2:診療所】【診療科目:内科】島根県松江市古志町１９１番地１０地域密着型サービス事業所あさひ乃苑" }, "geometry": { "type": "Point", "coordinates": [ 133.0074375, 35.499867 ] } },
{ "type": "Feature", "properties": { "ID": 3222325148090, "正式名称": "心身一如医食同源心療漢方内科日本ホリスティッククリニック", "機関区分": 2, "都道府県コード": 32, "市区町村コード": 201, "所在地": "島根県松江市学園１－７－３０", "緯度": 35.479506, "経度": 133.066169, "url": "https://www.iryou.teikyouseido.mhlw.go.jp/znk-web/juminkanja/S2430/initialize?prefCd=32&kikanCd=2325148090&kikanKbn=2", "url2": null, "内容": "心身一如医食同源心療漢方内科日本ホリスティッククリニック【2:診療所】【診療科目:漢方内科_精神科_心療内科_アレルギー科_リハビリテーション科】島根県松江市学園１－７－３０" }, "geometry": { "type": "Point", "coordinates": [ 133.066169, 35.479506 ] } },
{ "type": "Feature", "properties": { "ID": 3222325148250, "正式名称": "こころの診療所細田クリニック", "機関区分": 2, "都道府県コード": 32, "市区町村コード": 201, "所在地": "島根県松江市田和山町１１２", "緯度": 35.441233, "経度": 133.054131, "url": "https://www.iryou.teikyouseido.mhlw.go.jp/znk-web/juminkanja/S2430/initialize?prefCd=32&kikanCd=2325148250&kikanKbn=2", "url2": null, "内容": "こころの診療所細田クリニック【2:診療所】【診療科目:精神科_心療内科】島根県松江市田和山町１１２" }, "geometry": { "type": "Point", "coordinates": [ 133.054131, 35.441233 ] } },
{ "type": "Feature", "properties": { "ID": 3222325148380, "正式名称": "たがしらレディースクリニック", "機関区分": 2, "都道府県コード": 32, "市区町村コード": 201, "所在地": "島根県松江市浜乃木六丁目７ー８", "緯度": 35.442309, "経度": 133.05903, "url": "https://www.iryou.teikyouseido.mhlw.go.jp/znk-web/juminkanja/S2430/initialize?prefCd=32&kikanCd=2325148380&kikanKbn=2", "url2": "https://www.tagashira-lc.jp/", "内容": "たがしらレディースクリニック【2:診療所】【診療科目:産婦人科】島根県松江市浜乃木六丁目７ー８" }, "geometry": { "type": "Point", "coordinates": [ 133.05903, 35.442309 ] } },
{ "type": "Feature", "properties": { "ID": 3222325148540, "正式名称": "とみさわクリニック", "機関区分": 2, "都道府県コード": 32, "市区町村コード": 201, "所在地": "島根県松江市八幡町２２６ー５", "緯度": 35.44886, "経度": 133.12633, "url": "https://www.iryou.teikyouseido.mhlw.go.jp/znk-web/juminkanja/S2430/initialize?prefCd=32&kikanCd=2325148540&kikanKbn=2", "url2": "https://tomizawaclinic.sakura.ne.jp/text/05map.html", "内容": "とみさわクリニック【2:診療所】【診療科目:精神科_心療内科】島根県松江市八幡町２２６ー５" }, "geometry": { "type": "Point", "coordinates": [ 133.12633, 35.44886 ] } },
{ "type": "Feature", "properties": { "ID": 3222325149420, "正式名称": "松江市・島根県共同設置松江保健所", "機関区分": 2, "都道府県コード": 32, "市区町村コード": 201, "所在地": "島根県松江市東津田町１７４１番地３いきいきプラザ島根３階", "緯度": 35.447332, "経度": 133.085084, "url": "https://www.iryou.teikyouseido.mhlw.go.jp/znk-web/juminkanja/S2430/initialize?prefCd=32&kikanCd=2325149420&kikanKbn=2", "url2": "https://www1.city.matsue.shimane.jp/kenkou/hokensho/", "内容": "松江市・島根県共同設置松江保健所【2:診療所】【診療科目:内科】島根県松江市東津田町１７４１番地３いきいきプラザ島根３階" }, "geometry": { "type": "Point", "coordinates": [ 133.085084, 35.447332 ] } },
{ "type": "Feature", "properties": { "ID": 3222325149550, "正式名称": "クリニック虹", "機関区分": 2, "都道府県コード": 32, "市区町村コード": 201, "所在地": "島根県松江市佐草町４５６－１", "緯度": 35.431595, "経度": 133.072371, "url": "https://www.iryou.teikyouseido.mhlw.go.jp/znk-web/juminkanja/S2430/initialize?prefCd=32&kikanCd=2325149550&kikanKbn=2", "url2": null, "内容": "クリニック虹【2:診療所】【診療科目:内科_整形外科】島根県松江市佐草町４５６－１" }, "geometry": { "type": "Point", "coordinates": [ 133.072371, 35.431595 ] } },
{ "type": "Feature", "properties": { "ID": 3222325149710, "正式名称": "社会福祉法人縁むすび福祉会　宍道楽苑医務室", "機関区分": 2, "都道府県コード": 32, "市区町村コード": 201, "所在地": "島根県松江市宍道町伊志見６０３－１", "緯度": 35.389928, "経度": 132.881439, "url": "https://www.iryou.teikyouseido.mhlw.go.jp/znk-web/juminkanja/S2430/initialize?prefCd=32&kikanCd=2325149710&kikanKbn=2", "url2": null, "内容": "社会福祉法人縁むすび福祉会　宍道楽苑医務室【2:診療所】【診療科目:内科】島根県松江市宍道町伊志見６０３－１" }, "geometry": { "type": "Point", "coordinates": [ 132.881439, 35.389928 ] } },
{ "type": "Feature", "properties": { "ID": 3222325150790, "正式名称": "つだ胃腸科・内科クリニック", "機関区分": 2, "都道府県コード": 32, "市区町村コード": 201, "所在地": "島根県松江市西津田３丁目５番２１号", "緯度": 35.458053, "経度": 133.080949, "url": "https://www.iryou.teikyouseido.mhlw.go.jp/znk-web/juminkanja/S2430/initialize?prefCd=32&kikanCd=2325150790&kikanKbn=2", "url2": "https://www.tsudaityoka.jp/", "内容": "つだ胃腸科・内科クリニック【2:診療所】【診療科目:内科_消化器内科_胃腸内科_内視鏡内科】島根県松江市西津田３丁目５番２１号" }, "geometry": { "type": "Point", "coordinates": [ 133.080949, 35.458053 ] } },
{ "type": "Feature", "properties": { "ID": 3222325150950, "正式名称": "メディカルハーブクリニック・ひらいわ", "機関区分": 2, "都道府県コード": 32, "市区町村コード": 201, "所在地": "島根県松江市黒田町４８３－５", "緯度": 35.481547, "経度": 133.043339, "url": "https://www.iryou.teikyouseido.mhlw.go.jp/znk-web/juminkanja/S2430/initialize?prefCd=32&kikanCd=2325150950&kikanKbn=2", "url2": "https://m-herbcl.jp", "内容": "メディカルハーブクリニック・ひらいわ【2:診療所】【診療科目:内科_漢方内科_小児科_児童精神科】島根県松江市黒田町４８３－５" }, "geometry": { "type": "Point", "coordinates": [ 133.043339, 35.481547 ] } },
{ "type": "Feature", "properties": { "ID": 3222325151410, "正式名称": "くれこどもクリニック", "機関区分": 2, "都道府県コード": 32, "市区町村コード": 201, "所在地": "島根県松江市上乃木４丁目１０ー２７", "緯度": 35.446375, "経度": 133.067383, "url": "https://www.iryou.teikyouseido.mhlw.go.jp/znk-web/juminkanja/S2430/initialize?prefCd=32&kikanCd=2325151410&kikanKbn=2", "url2": "https://kure-pedi.com/", "内容": "くれこどもクリニック【2:診療所】【診療科目:小児科_精神科】島根県松江市上乃木４丁目１０ー２７" }, "geometry": { "type": "Point", "coordinates": [ 133.067383, 35.446375 ] } },
{ "type": "Feature", "properties": { "ID": 3222325151960, "正式名称": "松江市立野波診療所", "機関区分": 2, "都道府県コード": 32, "市区町村コード": 201, "所在地": "島根県松江市島根町野波１２２０番地４", "緯度": 35.578371, "経度": 133.099575, "url": "https://www.iryou.teikyouseido.mhlw.go.jp/znk-web/juminkanja/S2430/initialize?prefCd=32&kikanCd=2325151960&kikanKbn=2", "url2": null, "内容": "松江市立野波診療所【2:診療所】【診療科目:内科】島根県松江市島根町野波１２２０番地４" }, "geometry": { "type": "Point", "coordinates": [ 133.099575, 35.578371 ] } },
{ "type": "Feature", "properties": { "ID": 3222325152420, "正式名称": "小川在宅診療所", "機関区分": 2, "都道府県コード": 32, "市区町村コード": 201, "所在地": "島根県松江市西川津町４２４８番地プラティークリブ１０２号室", "緯度": 35.480656, "経度": 133.072022, "url": "https://www.iryou.teikyouseido.mhlw.go.jp/znk-web/juminkanja/S2430/initialize?prefCd=32&kikanCd=2325152420&kikanKbn=2", "url2": null, "内容": "小川在宅診療所【2:診療所】【診療科目:疼痛緩和内科_麻酔科】島根県松江市西川津町４２４８番地プラティークリブ１０２号室" }, "geometry": { "type": "Point", "coordinates": [ 133.072022, 35.480656 ] } },
{ "type": "Feature", "properties": { "ID": 3222325152710, "正式名称": "ドクター中西元気クリニック", "機関区分": 2, "都道府県コード": 32, "市区町村コード": 206, "所在地": "島根県安来市広瀬町布部７５８", "緯度": 35.309303, "経度": 133.158867, "url": "https://www.iryou.teikyouseido.mhlw.go.jp/znk-web/juminkanja/S2430/initialize?prefCd=32&kikanCd=2325152710&kikanKbn=2", "url2": null, "内容": "ドクター中西元気クリニック【2:診療所】【診療科目:内科_循環器内科_小児科】島根県安来市広瀬町布部７５８" }, "geometry": { "type": "Point", "coordinates": [ 133.158867, 35.309303 ] } },
{ "type": "Feature", "properties": { "ID": 3222325152840, "正式名称": "やまもと整形外科クリニック", "機関区分": 2, "都道府県コード": 32, "市区町村コード": 201, "所在地": "島根県松江市乃白町２０６１", "緯度": 35.435819, "経度": 133.049394, "url": "https://www.iryou.teikyouseido.mhlw.go.jp/znk-web/juminkanja/S2430/initialize?prefCd=32&kikanCd=2325152840&kikanKbn=2", "url2": null, "内容": "やまもと整形外科クリニック【2:診療所】【診療科目:整形外科_リウマチ科_リハビリテーション科】島根県松江市乃白町２０６１" }, "geometry": { "type": "Point", "coordinates": [ 133.049394, 35.435819 ] } },
{ "type": "Feature", "properties": { "ID": 3222325153140, "正式名称": "胃腸科内科田中医院", "機関区分": 2, "都道府県コード": 32, "市区町村コード": 201, "所在地": "島根県松江市宍道町宍道９４６番地１", "緯度": 35.40764, "経度": 132.908273, "url": "https://www.iryou.teikyouseido.mhlw.go.jp/znk-web/juminkanja/S2430/initialize?prefCd=32&kikanCd=2325153140&kikanKbn=2", "url2": null, "内容": "胃腸科内科田中医院【2:診療所】【診療科目:内科_消化器内科】島根県松江市宍道町宍道９４６番地１" }, "geometry": { "type": "Point", "coordinates": [ 132.908273, 35.40764 ] } },
{ "type": "Feature", "properties": { "ID": 3222325153300, "正式名称": "医療法人社団内海皮フ科医院", "機関区分": 2, "都道府県コード": 32, "市区町村コード": 201, "所在地": "島根県松江市大正町４４２番地１７内海ビル", "緯度": 35.462594, "経度": 133.064756, "url": "https://www.iryou.teikyouseido.mhlw.go.jp/znk-web/juminkanja/S2430/initialize?prefCd=32&kikanCd=2325153300&kikanKbn=2", "url2": null, "内容": "医療法人社団内海皮フ科医院【2:診療所】【診療科目:外科_皮膚科_泌尿器科】島根県松江市大正町４４２番地１７内海ビル" }, "geometry": { "type": "Point", "coordinates": [ 133.064756, 35.462594 ] } },
{ "type": "Feature", "properties": { "ID": 3222325154280, "正式名称": "医療法人かわつこどもクリニック", "機関区分": 2, "都道府県コード": 32, "市区町村コード": 201, "所在地": "島根県松江市西川津町４０９８番地", "緯度": 35.481483, "経度": 133.073311, "url": "https://www.iryou.teikyouseido.mhlw.go.jp/znk-web/juminkanja/S2430/initialize?prefCd=32&kikanCd=2325154280&kikanKbn=2", "url2": "https//kawatsu-kodomo.com", "内容": "医療法人かわつこどもクリニック【2:診療所】【診療科目:小児科_アレルギー科】島根県松江市西川津町４０９８番地" }, "geometry": { "type": "Point", "coordinates": [ 133.073311, 35.481483 ] } },
{ "type": "Feature", "properties": { "ID": 3222325154310, "正式名称": "あだかえたけだクリニック", "機関区分": 2, "都道府県コード": 32, "市区町村コード": 201, "所在地": "島根県松江市東出雲町出雲郷９４－４", "緯度": 35.430408, "経度": 133.136128, "url": "https://www.iryou.teikyouseido.mhlw.go.jp/znk-web/juminkanja/S2430/initialize?prefCd=32&kikanCd=2325154310&kikanKbn=2", "url2": "https://a-takedaclinic.com", "内容": "あだかえたけだクリニック【2:診療所】【診療科目:内科_循環器内科_消化器内科_泌尿器科】島根県松江市東出雲町出雲郷９４－４" }, "geometry": { "type": "Point", "coordinates": [ 133.136128, 35.430408 ] } },
{ "type": "Feature", "properties": { "ID": 3222325154600, "正式名称": "医療法人清水医院内科循環器科", "機関区分": 2, "都道府県コード": 32, "市区町村コード": 201, "所在地": "島根県松江市古志原５丁目１４－７７", "緯度": 35.442249, "経度": 133.083328, "url": "https://www.iryou.teikyouseido.mhlw.go.jp/znk-web/juminkanja/S2430/initialize?prefCd=32&kikanCd=2325154600&kikanKbn=2", "url2": null, "内容": "医療法人清水医院内科循環器科【2:診療所】【診療科目:内科_循環器内科_心臓内科】島根県松江市古志原５丁目１４－７７" }, "geometry": { "type": "Point", "coordinates": [ 133.083328, 35.442249 ] } },
{ "type": "Feature", "properties": { "ID": 3222325154860, "正式名称": "医療法人つわぶき　いしいクリニック", "機関区分": 2, "都道府県コード": 32, "市区町村コード": 201, "所在地": "島根県松江市大庭町１８０２－３", "緯度": 35.436017, "経度": 133.084768, "url": "https://www.iryou.teikyouseido.mhlw.go.jp/znk-web/juminkanja/S2430/initialize?prefCd=32&kikanCd=2325154860&kikanKbn=2", "url2": "https://www.tsuwabuki.or.jp/", "内容": "医療法人つわぶき　いしいクリニック【2:診療所】【診療科目:小児科_精神科】島根県松江市大庭町１８０２－３" }, "geometry": { "type": "Point", "coordinates": [ 133.084768, 35.436017 ] } },
{ "type": "Feature", "properties": { "ID": 3222325155450, "正式名称": "一般社団法人安来市医師会立安来市医師会診療所", "機関区分": 2, "都道府県コード": 32, "市区町村コード": 206, "所在地": "島根県安来市伯太町安田１７００番地", "緯度": 35.372064, "経度": 133.273331, "url": "https://www.iryou.teikyouseido.mhlw.go.jp/znk-web/juminkanja/S2430/initialize?prefCd=32&kikanCd=2325155450&kikanKbn=2", "url2": null, "内容": "一般社団法人安来市医師会立安来市医師会診療所【2:診療所】【診療科目:内科_小児科】島根県安来市伯太町安田１７００番地" }, "geometry": { "type": "Point", "coordinates": [ 133.273331, 35.372064 ] } },
{ "type": "Feature", "properties": { "ID": 3222325155580, "正式名称": "医療法人たにむら内科クリニック", "機関区分": 2, "都道府県コード": 32, "市区町村コード": 201, "所在地": "島根県松江市春日町１８０－６", "緯度": 35.486895, "経度": 133.046094, "url": "https://www.iryou.teikyouseido.mhlw.go.jp/znk-web/juminkanja/S2430/initialize?prefCd=32&kikanCd=2325155580&kikanKbn=2", "url2": "tanimura-clinic.net", "内容": "医療法人たにむら内科クリニック【2:診療所】【診療科目:内科_消化器内科_内視鏡内科】島根県松江市春日町１８０－６" }, "geometry": { "type": "Point", "coordinates": [ 133.046094, 35.486895 ] } },
{ "type": "Feature", "properties": { "ID": 3222325200510, "正式名称": "野坂医院", "機関区分": 2, "都道府県コード": 32, "市区町村コード": 206, "所在地": "島根県安来市安来町１６３７番地", "緯度": 35.428656, "経度": 133.251925, "url": "https://www.iryou.teikyouseido.mhlw.go.jp/znk-web/juminkanja/S2430/initialize?prefCd=32&kikanCd=2325200510&kikanKbn=2", "url2": null, "内容": "野坂医院【2:診療所】【診療科目:内科_婦人科】島根県安来市安来町１６３７番地" }, "geometry": { "type": "Point", "coordinates": [ 133.251925, 35.428656 ] } },
{ "type": "Feature", "properties": { "ID": 3222325200800, "正式名称": "医療法人森脇医院", "機関区分": 2, "都道府県コード": 32, "市区町村コード": 206, "所在地": "島根県安来市荒島町１７２８－６", "緯度": 35.430894, "経度": 133.209874, "url": "https://www.iryou.teikyouseido.mhlw.go.jp/znk-web/juminkanja/S2430/initialize?prefCd=32&kikanCd=2325200800&kikanKbn=2", "url2": null, "内容": "医療法人森脇医院【2:診療所】【診療科目:内科_循環器内科_胃腸内科_小児科】島根県安来市荒島町１７２８－６" }, "geometry": { "type": "Point", "coordinates": [ 133.209874, 35.430894 ] } },
{ "type": "Feature", "properties": { "ID": 3222325200930, "正式名称": "安来市養護老人ホーム鴨来荘診療所", "機関区分": 2, "都道府県コード": 32, "市区町村コード": 206, "所在地": "島根県安来市月坂町５６３", "緯度": 35.412916, "経度": 133.244151, "url": "https://www.iryou.teikyouseido.mhlw.go.jp/znk-web/juminkanja/S2430/initialize?prefCd=32&kikanCd=2325200930&kikanKbn=2", "url2": null, "内容": "安来市養護老人ホーム鴨来荘診療所【2:診療所】【診療科目:内科】島根県安来市月坂町５６３" }, "geometry": { "type": "Point", "coordinates": [ 133.244151, 35.412916 ] } },
{ "type": "Feature", "properties": { "ID": 3222325201360, "正式名称": "医療法人社団　吉田医院", "機関区分": 2, "都道府県コード": 32, "市区町村コード": 206, "所在地": "島根県安来市飯島町１２３５番地２", "緯度": 35.432306, "経度": 133.248644, "url": "https://www.iryou.teikyouseido.mhlw.go.jp/znk-web/juminkanja/S2430/initialize?prefCd=32&kikanCd=2325201360&kikanKbn=2", "url2": null, "内容": "医療法人社団　吉田医院【2:診療所】【診療科目:内科_消化器内科_腎臓内科_肝臓内科_外科_皮膚科】島根県安来市飯島町１２３５番地２" }, "geometry": { "type": "Point", "coordinates": [ 133.248644, 35.432306 ] } },
{ "type": "Feature", "properties": { "ID": 3222325201650, "正式名称": "特別養護老人ホームしらさぎ苑診療所", "機関区分": 2, "都道府県コード": 32, "市区町村コード": 206, "所在地": "島根県安来市古川町８２９－１", "緯度": 35.375911, "経度": 133.197247, "url": "https://www.iryou.teikyouseido.mhlw.go.jp/znk-web/juminkanja/S2430/initialize?prefCd=32&kikanCd=2325201650&kikanKbn=2", "url2": null, "内容": "特別養護老人ホームしらさぎ苑診療所【2:診療所】【診療科目:内科】島根県安来市古川町８２９－１" }, "geometry": { "type": "Point", "coordinates": [ 133.197247, 35.375911 ] } },
{ "type": "Feature", "properties": { "ID": 3222325201780, "正式名称": "朝山医院", "機関区分": 2, "都道府県コード": 32, "市区町村コード": 206, "所在地": "島根県安来市広瀬町広瀬９７６番地", "緯度": 35.363821, "経度": 133.173899, "url": "https://www.iryou.teikyouseido.mhlw.go.jp/znk-web/juminkanja/S2430/initialize?prefCd=32&kikanCd=2325201780&kikanKbn=2", "url2": null, "内容": "朝山医院【2:診療所】【診療科目:内科_外科】島根県安来市広瀬町広瀬９７６番地" }, "geometry": { "type": "Point", "coordinates": [ 133.173899, 35.363821 ] } },
{ "type": "Feature", "properties": { "ID": 322232520240, "正式名称": "一般社団法人安来市医師会井尻診療所", "機関区分": 2, "都道府県コード": 32, "市区町村コード": 206, "所在地": "島根県安来市伯太町井尻３番地３", "緯度": 35.336517, "経度": 133.272691, "url": "https://www.iryou.teikyouseido.mhlw.go.jp/znk-web/juminkanja/S2430/initialize?prefCd=32&kikanCd=232520240&kikanKbn=2", "url2": null, "内容": "一般社団法人安来市医師会井尻診療所【2:診療所】【診療科目:内科】島根県安来市伯太町井尻３番地３" }, "geometry": { "type": "Point", "coordinates": [ 133.272691, 35.336517 ] } },
{ "type": "Feature", "properties": { "ID": 322232520253, "正式名称": "一般社団法人安来市医師会赤屋診療所", "機関区分": 2, "都道府県コード": 32, "市区町村コード": 206, "所在地": "島根県安来市伯太町赤屋１１７番地１", "緯度": 35.295785, "経度": 133.260386, "url": "https://www.iryou.teikyouseido.mhlw.go.jp/znk-web/juminkanja/S2430/initialize?prefCd=32&kikanCd=232520253&kikanKbn=2", "url2": null, "内容": "一般社団法人安来市医師会赤屋診療所【2:診療所】【診療科目:内科】島根県安来市伯太町赤屋１１７番地１" }, "geometry": { "type": "Point", "coordinates": [ 133.260386, 35.295785 ] } },
{ "type": "Feature", "properties": { "ID": 3222325202790, "正式名称": "金藤内科小児科医院", "機関区分": 2, "都道府県コード": 32, "市区町村コード": 206, "所在地": "島根県安来市赤江町１４４７－５", "緯度": 35.433432, "経度": 133.223485, "url": "https://www.iryou.teikyouseido.mhlw.go.jp/znk-web/juminkanja/S2430/initialize?prefCd=32&kikanCd=2325202790&kikanKbn=2", "url2": null, "内容": "金藤内科小児科医院【2:診療所】【診療科目:内科_小児科_精神科_心療内科】島根県安来市赤江町１４４７－５" }, "geometry": { "type": "Point", "coordinates": [ 133.223485, 35.433432 ] } },
{ "type": "Feature", "properties": { "ID": 3222325202820, "正式名称": "医療法人　明誠会　白根医院", "機関区分": 2, "都道府県コード": 32, "市区町村コード": 206, "所在地": "島根県安来市荒島町１８１７－１", "緯度": 35.432553, "経度": 133.204411, "url": "https://www.iryou.teikyouseido.mhlw.go.jp/znk-web/juminkanja/S2430/initialize?prefCd=32&kikanCd=2325202820&kikanKbn=2", "url2": "https://shirane.clinic/", "内容": "医療法人　明誠会　白根医院【2:診療所】【診療科目:整形外科_小児皮膚科_眼科_皮膚科_美容皮膚科_リウマチ科_リハビリテーション科】島根県安来市荒島町１８１７－１" }, "geometry": { "type": "Point", "coordinates": [ 133.204411, 35.432553 ] } },
{ "type": "Feature", "properties": { "ID": 3222325203120, "正式名称": "医療法人　杉原医院", "機関区分": 2, "都道府県コード": 32, "市区町村コード": 206, "所在地": "島根県安来市安来町８９８－４", "緯度": 35.431574, "経度": 133.252129, "url": "https://www.iryou.teikyouseido.mhlw.go.jp/znk-web/juminkanja/S2430/initialize?prefCd=32&kikanCd=2325203120&kikanKbn=2", "url2": null, "内容": "医療法人　杉原医院【2:診療所】【診療科目:内科_呼吸器内科_循環器内科_消化器内科_小児科_皮膚科_アレルギー科】島根県安来市安来町８９８－４" }, "geometry": { "type": "Point", "coordinates": [ 133.252129, 35.431574 ] } },
{ "type": "Feature", "properties": { "ID": 3222325203410, "正式名称": "医療法人河村医院", "機関区分": 2, "都道府県コード": 32, "市区町村コード": 206, "所在地": "島根県安来市広瀬町広瀬１９４０", "緯度": 35.370597, "経度": 133.177883, "url": "https://www.iryou.teikyouseido.mhlw.go.jp/znk-web/juminkanja/S2430/initialize?prefCd=32&kikanCd=2325203410&kikanKbn=2", "url2": null, "内容": "医療法人河村医院【2:診療所】【診療科目:内科_小児科_放射線科】島根県安来市広瀬町広瀬１９４０" }, "geometry": { "type": "Point", "coordinates": [ 133.177883, 35.370597 ] } },
{ "type": "Feature", "properties": { "ID": 3222325203540, "正式名称": "医療法人明慧会麦谷内科クリニック", "機関区分": 2, "都道府県コード": 32, "市区町村コード": 206, "所在地": "島根県安来市下坂田町３０８－１", "緯度": 35.43377, "経度": 133.232992, "url": "https://www.iryou.teikyouseido.mhlw.go.jp/znk-web/juminkanja/S2430/initialize?prefCd=32&kikanCd=2325203540&kikanKbn=2", "url2": null, "内容": "医療法人明慧会麦谷内科クリニック【2:診療所】【診療科目:内科_循環器内科_消化器内科_脳神経外科_小児科_皮膚科】島根県安来市下坂田町３０８－１" }, "geometry": { "type": "Point", "coordinates": [ 133.232992, 35.43377 ] } },
{ "type": "Feature", "properties": { "ID": 3222325203830, "正式名称": "杉原クリニック", "機関区分": 2, "都道府県コード": 32, "市区町村コード": 206, "所在地": "島根県安来市南十神町１９－９", "緯度": 35.429795, "経度": 133.261088, "url": "https://www.iryou.teikyouseido.mhlw.go.jp/znk-web/juminkanja/S2430/initialize?prefCd=32&kikanCd=2325203830&kikanKbn=2", "url2": null, "内容": "杉原クリニック【2:診療所】【診療科目:内科_精神科_心療内科】島根県安来市南十神町１９－９" }, "geometry": { "type": "Point", "coordinates": [ 133.261088, 35.429795 ] } },
{ "type": "Feature", "properties": { "ID": 3222325203960, "正式名称": "医療法人杉原医院　大塚分院", "機関区分": 2, "都道府県コード": 32, "市区町村コード": 206, "所在地": "島根県安来市大塚町３５７－１５", "緯度": 35.378816, "経度": 133.263748, "url": "https://www.iryou.teikyouseido.mhlw.go.jp/znk-web/juminkanja/S2430/initialize?prefCd=32&kikanCd=2325203960&kikanKbn=2", "url2": null, "内容": "医療法人杉原医院　大塚分院【2:診療所】【診療科目:内科_小児科】島根県安来市大塚町３５７－１５" }, "geometry": { "type": "Point", "coordinates": [ 133.263748, 35.378816 ] } },
{ "type": "Feature", "properties": { "ID": 3222325300380, "正式名称": "医療法人一陽会加藤医院", "機関区分": 2, "都道府県コード": 32, "市区町村コード": 343, "所在地": "島根県仁多郡奥出雲町三成３５８－６", "緯度": 35.197883, "経度": 133.002325, "url": "https://www.iryou.teikyouseido.mhlw.go.jp/znk-web/juminkanja/S2430/initialize?prefCd=32&kikanCd=2325300380&kikanKbn=2", "url2": null, "内容": "医療法人一陽会加藤医院【2:診療所】【診療科目:内科_消化器内科】島根県仁多郡奥出雲町三成３５８－６" }, "geometry": { "type": "Point", "coordinates": [ 133.002325, 35.197883 ] } },
{ "type": "Feature", "properties": { "ID": 3222325300540, "正式名称": "医療法人千原医院", "機関区分": 2, "都道府県コード": 32, "市区町村コード": 343, "所在地": "島根県仁多郡奥出雲町亀嵩２２２１－４", "緯度": 35.220073, "経度": 133.074857, "url": "https://www.iryou.teikyouseido.mhlw.go.jp/znk-web/juminkanja/S2430/initialize?prefCd=32&kikanCd=2325300540&kikanKbn=2", "url2": null, "内容": "医療法人千原医院【2:診療所】【診療科目:内科_麻酔科】島根県仁多郡奥出雲町亀嵩２２２１－４" }, "geometry": { "type": "Point", "coordinates": [ 133.074857, 35.220073 ] } },
{ "type": "Feature", "properties": { "ID": 3222325301390, "正式名称": "井上医院", "機関区分": 2, "都道府県コード": 32, "市区町村コード": 343, "所在地": "島根県仁多郡奥出雲町横田１１９３番地２", "緯度": 35.180789, "経度": 133.093233, "url": "https://www.iryou.teikyouseido.mhlw.go.jp/znk-web/juminkanja/S2430/initialize?prefCd=32&kikanCd=2325301390&kikanKbn=2", "url2": null, "内容": "井上医院【2:診療所】【診療科目:内科_循環器内科】島根県仁多郡奥出雲町横田１１９３番地２" }, "geometry": { "type": "Point", "coordinates": [ 133.093233, 35.180789 ] } },
{ "type": "Feature", "properties": { "ID": 3222325302690, "正式名称": "永瀬医院", "機関区分": 2, "都道府県コード": 32, "市区町村コード": 209, "所在地": "島根県雲南市加茂町加茂中１３２３−１", "緯度": 35.344389, "経度": 132.908729, "url": "https://www.iryou.teikyouseido.mhlw.go.jp/znk-web/juminkanja/S2430/initialize?prefCd=32&kikanCd=2325302690&kikanKbn=2", "url2": null, "内容": "永瀬医院【2:診療所】【診療科目:内科_小児科】島根県雲南市加茂町加茂中１３２３−１" }, "geometry": { "type": "Point", "coordinates": [ 132.908729, 35.344389 ] } },
{ "type": "Feature", "properties": { "ID": 3222325302980, "正式名称": "医療法人　木村医院", "機関区分": 2, "都道府県コード": 32, "市区町村コード": 209, "所在地": "島根県雲南市木次町木次２７４", "緯度": 35.288092, "経度": 132.903925, "url": "https://www.iryou.teikyouseido.mhlw.go.jp/znk-web/juminkanja/S2430/initialize?prefCd=32&kikanCd=2325302980&kikanKbn=2", "url2": null, "内容": "医療法人　木村医院【2:診療所】【診療科目:内科_循環器内科_小児科】島根県雲南市木次町木次２７４" }, "geometry": { "type": "Point", "coordinates": [ 132.903925, 35.288092 ] } },
{ "type": "Feature", "properties": { "ID": 3222325303310, "正式名称": "横山医院", "機関区分": 2, "都道府県コード": 32, "市区町村コード": 209, "所在地": "島根県雲南市木次町東日登４２５－１", "緯度": 35.276664, "経度": 132.926044, "url": "https://www.iryou.teikyouseido.mhlw.go.jp/znk-web/juminkanja/S2430/initialize?prefCd=32&kikanCd=2325303310&kikanKbn=2", "url2": null, "内容": "横山医院【2:診療所】【診療科目:内科】島根県雲南市木次町東日登４２５－１" }, "geometry": { "type": "Point", "coordinates": [ 132.926044, 35.276664 ] } },
{ "type": "Feature", "properties": { "ID": 3222325303860, "正式名称": "医療法人社団田部医院", "機関区分": 2, "都道府県コード": 32, "市区町村コード": 209, "所在地": "島根県雲南市三刀屋町三刀屋３２１", "緯度": 35.288073, "経度": 132.870757, "url": "https://www.iryou.teikyouseido.mhlw.go.jp/znk-web/juminkanja/S2430/initialize?prefCd=32&kikanCd=2325303860&kikanKbn=2", "url2": null, "内容": "医療法人社団田部医院【2:診療所】【診療科目:内科】島根県雲南市三刀屋町三刀屋３２１" }, "geometry": { "type": "Point", "coordinates": [ 132.870757, 35.288073 ] } },
{ "type": "Feature", "properties": { "ID": 3222325304740, "正式名称": "清水医院", "機関区分": 2, "都道府県コード": 32, "市区町村コード": 209, "所在地": "島根県雲南市掛合町掛合８５７", "緯度": 35.193708, "経度": 132.817719, "url": "https://www.iryou.teikyouseido.mhlw.go.jp/znk-web/juminkanja/S2430/initialize?prefCd=32&kikanCd=2325304740&kikanKbn=2", "url2": null, "内容": "清水医院【2:診療所】【診療科目:内科】島根県雲南市掛合町掛合８５７" }, "geometry": { "type": "Point", "coordinates": [ 132.817719, 35.193708 ] } },
{ "type": "Feature", "properties": { "ID": 3222325305330, "正式名称": "飯南町立谷出張診療所", "機関区分": 2, "都道府県コード": 32, "市区町村コード": 386, "所在地": "島根県飯石郡飯南町井戸谷４８２－７", "緯度": 34.985958, "経度": 132.677472, "url": "https://www.iryou.teikyouseido.mhlw.go.jp/znk-web/juminkanja/S2430/initialize?prefCd=32&kikanCd=2325305330&kikanKbn=2", "url2": null, "内容": "飯南町立谷出張診療所【2:診療所】【診療科目:内科】島根県飯石郡飯南町井戸谷４８２－７" }, "geometry": { "type": "Point", "coordinates": [ 132.677472, 34.985958 ] } },
{ "type": "Feature", "properties": { "ID": 3222325305750, "正式名称": "社会福祉法人友愛会", "機関区分": 2, "都道府県コード": 32, "市区町村コード": 386, "所在地": "島根県飯石郡飯南町佐見４５", "緯度": 35.079347, "経度": 132.777564, "url": "https://www.iryou.teikyouseido.mhlw.go.jp/znk-web/juminkanja/S2430/initialize?prefCd=32&kikanCd=2325305750&kikanKbn=2", "url2": null, "内容": "社会福祉法人友愛会【2:診療所】【診療科目:内科】島根県飯石郡飯南町佐見４５" }, "geometry": { "type": "Point", "coordinates": [ 132.777564, 35.079347 ] } },
{ "type": "Feature", "properties": { "ID": 3222325306210, "正式名称": "雲南市立病院附属掛合診療所", "機関区分": 2, "都道府県コード": 32, "市区町村コード": 209, "所在地": "島根県雲南市掛合町掛合１３１２", "緯度": 35.195819, "経度": 132.813925, "url": "https://www.iryou.teikyouseido.mhlw.go.jp/znk-web/juminkanja/S2430/initialize?prefCd=32&kikanCd=2325306210&kikanKbn=2", "url2": null, "内容": "雲南市立病院附属掛合診療所【2:診療所】【診療科目:内科_歯科】島根県雲南市掛合町掛合１３１２" }, "geometry": { "type": "Point", "coordinates": [ 132.813925, 35.195819 ] } },
{ "type": "Feature", "properties": { "ID": 3222325306470, "正式名称": "医療法人　本永瀬医院", "機関区分": 2, "都道府県コード": 32, "市区町村コード": 209, "所在地": "島根県雲南市加茂町加茂中１３４８－１", "緯度": 35.345061, "経度": 132.907718, "url": "https://www.iryou.teikyouseido.mhlw.go.jp/znk-web/juminkanja/S2430/initialize?prefCd=32&kikanCd=2325306470&kikanKbn=2", "url2": null, "内容": "医療法人　本永瀬医院【2:診療所】【診療科目:内科_呼吸器内科_循環器内科】島根県雲南市加茂町加茂中１３４８－１" }, "geometry": { "type": "Point", "coordinates": [ 132.907718, 35.345061 ] } },
{ "type": "Feature", "properties": { "ID": 3222325306630, "正式名称": "医療法人山根医院", "機関区分": 2, "都道府県コード": 32, "市区町村コード": 209, "所在地": "島根県雲南市木次町木次４４０番地", "緯度": 35.291622, "経度": 132.899628, "url": "https://www.iryou.teikyouseido.mhlw.go.jp/znk-web/juminkanja/S2430/initialize?prefCd=32&kikanCd=2325306630&kikanKbn=2", "url2": null, "内容": "医療法人山根医院【2:診療所】【診療科目:内科】島根県雲南市木次町木次４４０番地" }, "geometry": { "type": "Point", "coordinates": [ 132.899628, 35.291622 ] } },
{ "type": "Feature", "properties": { "ID": 3222325306890, "正式名称": "和田医院", "機関区分": 2, "都道府県コード": 32, "市区町村コード": 209, "所在地": "島根県雲南市三刀屋町三刀屋９７４ー２", "緯度": 35.287092, "経度": 132.870925, "url": "https://www.iryou.teikyouseido.mhlw.go.jp/znk-web/juminkanja/S2430/initialize?prefCd=32&kikanCd=2325306890&kikanKbn=2", "url2": null, "内容": "和田医院【2:診療所】【診療科目:内科】島根県雲南市三刀屋町三刀屋９７４ー２" }, "geometry": { "type": "Point", "coordinates": [ 132.870925, 35.287092 ] } },
{ "type": "Feature", "properties": { "ID": 3222325307190, "正式名称": "養護老人ホーム宇寿荘診療所", "機関区分": 2, "都道府県コード": 32, "市区町村コード": 209, "所在地": "島根県雲南市加茂町加茂中９２８番地", "緯度": 35.347392, "経度": 132.902703, "url": "https://www.iryou.teikyouseido.mhlw.go.jp/znk-web/juminkanja/S2430/initialize?prefCd=32&kikanCd=2325307190&kikanKbn=2", "url2": null, "内容": "養護老人ホーム宇寿荘診療所【2:診療所】【診療科目:内科】島根県雲南市加茂町加茂中９２８番地" }, "geometry": { "type": "Point", "coordinates": [ 132.902703, 35.347392 ] } },
{ "type": "Feature", "properties": { "ID": 3222325307480, "正式名称": "辰村医院", "機関区分": 2, "都道府県コード": 32, "市区町村コード": 209, "所在地": "島根県雲南市木次町木次１８５", "緯度": 35.287583, "経度": 132.903242, "url": "https://www.iryou.teikyouseido.mhlw.go.jp/znk-web/juminkanja/S2430/initialize?prefCd=32&kikanCd=2325307480&kikanKbn=2", "url2": null, "内容": "辰村医院【2:診療所】【診療科目:内科_消化器内科】島根県雲南市木次町木次１８５" }, "geometry": { "type": "Point", "coordinates": [ 132.903242, 35.287583 ] } },
{ "type": "Feature", "properties": { "ID": 3222325308230, "正式名称": "飯南町立来島診療所", "機関区分": 2, "都道府県コード": 32, "市区町村コード": 386, "所在地": "島根県飯石郡飯南町野萱１８２６－２", "緯度": 35.029531, "経度": 132.7428, "url": "https://www.iryou.teikyouseido.mhlw.go.jp/znk-web/juminkanja/S2430/initialize?prefCd=32&kikanCd=2325308230&kikanKbn=2", "url2": "https://www.iinan-hospital.jp/", "内容": "飯南町立来島診療所【2:診療所】【診療科目:内科】島根県飯石郡飯南町野萱１８２６－２" }, "geometry": { "type": "Point", "coordinates": [ 132.7428, 35.029531 ] } },
{ "type": "Feature", "properties": { "ID": 3222325308490, "正式名称": "特別養護老人ホームさくら苑医務室", "機関区分": 2, "都道府県コード": 32, "市区町村コード": 209, "所在地": "島根県雲南市木次町東日登３４５番地１", "緯度": 35.278649, "経度": 132.925344, "url": "https://www.iryou.teikyouseido.mhlw.go.jp/znk-web/juminkanja/S2430/initialize?prefCd=32&kikanCd=2325308490&kikanKbn=2", "url2": null, "内容": "特別養護老人ホームさくら苑医務室【2:診療所】【診療科目:内科】島根県雲南市木次町東日登３４５番地１" }, "geometry": { "type": "Point", "coordinates": [ 132.925344, 35.278649 ] } },
{ "type": "Feature", "properties": { "ID": 3222325308520, "正式名称": "医療法人　渡部診療所", "機関区分": 2, "都道府県コード": 32, "市区町村コード": 209, "所在地": "島根県雲南市吉田町吉田２７０９番地１８", "緯度": 35.16562, "経度": 132.85186, "url": "https://www.iryou.teikyouseido.mhlw.go.jp/znk-web/juminkanja/S2430/initialize?prefCd=32&kikanCd=2325308520&kikanKbn=2", "url2": null, "内容": "医療法人　渡部診療所【2:診療所】【診療科目:内科】島根県雲南市吉田町吉田２７０９番地１８" }, "geometry": { "type": "Point", "coordinates": [ 132.85186, 35.16562 ] } },
{ "type": "Feature", "properties": { "ID": 3222325308940, "正式名称": "イリョウホウジン　カワモトイイン", "機関区分": 2, "都道府県コード": 32, "市区町村コード": 209, "所在地": "島根県雲南市木次町木次１５番地", "緯度": 35.292675, "経度": 132.899914, "url": "https://www.iryou.teikyouseido.mhlw.go.jp/znk-web/juminkanja/S2430/initialize?prefCd=32&kikanCd=2325308940&kikanKbn=2", "url2": null, "内容": "イリョウホウジン　カワモトイイン【2:診療所】【診療科目:内科_循環器内科_小児科】島根県雲南市木次町木次１５番地" }, "geometry": { "type": "Point", "coordinates": [ 132.899914, 35.292675 ] } },
{ "type": "Feature", "properties": { "ID": 3222325309110, "正式名称": "医療法人石原医院分院", "機関区分": 2, "都道府県コード": 32, "市区町村コード": 343, "所在地": "島根県仁多郡奥出雲町下横田４２１－１", "緯度": 35.158461, "経度": 133.0857, "url": "https://www.iryou.teikyouseido.mhlw.go.jp/znk-web/juminkanja/S2430/initialize?prefCd=32&kikanCd=2325309110&kikanKbn=2", "url2": null, "内容": "医療法人石原医院分院【2:診療所】【診療科目:内科_小児科】島根県仁多郡奥出雲町下横田４２１－１" }, "geometry": { "type": "Point", "coordinates": [ 133.0857, 35.158461 ] } },
{ "type": "Feature", "properties": { "ID": 3222325309400, "正式名称": "特別養護老人ホームえがおの里診療所", "機関区分": 2, "都道府県コード": 32, "市区町村コード": 209, "所在地": "島根県雲南市掛合町掛合８５３－１", "緯度": 35.194194, "経度": 132.817006, "url": "https://www.iryou.teikyouseido.mhlw.go.jp/znk-web/juminkanja/S2430/initialize?prefCd=32&kikanCd=2325309400&kikanKbn=2", "url2": null, "内容": "特別養護老人ホームえがおの里診療所【2:診療所】【診療科目:内科】島根県雲南市掛合町掛合８５３－１" }, "geometry": { "type": "Point", "coordinates": [ 132.817006, 35.194194 ] } },
{ "type": "Feature", "properties": { "ID": 3222325309530, "正式名称": "特別養護老人ホームあいサンホーム診療所", "機関区分": 2, "都道府県コード": 32, "市区町村コード": 343, "所在地": "島根県仁多郡奥出雲町上阿井４２４－１あいサンホーム", "緯度": 35.141361, "経度": 132.946172, "url": "https://www.iryou.teikyouseido.mhlw.go.jp/znk-web/juminkanja/S2430/initialize?prefCd=32&kikanCd=2325309530&kikanKbn=2", "url2": null, "内容": "特別養護老人ホームあいサンホーム診療所【2:診療所】【診療科目:内科】島根県仁多郡奥出雲町上阿井４２４－１あいサンホーム" }, "geometry": { "type": "Point", "coordinates": [ 132.946172, 35.141361 ] } },
{ "type": "Feature", "properties": { "ID": 3222325310190, "正式名称": "特別養護老人ホーム笑寿苑診療所", "機関区分": 2, "都道府県コード": 32, "市区町村コード": 209, "所在地": "島根県雲南市加茂町加茂中９１５特別養護老人ホーム笑寿苑", "緯度": 35.348034, "経度": 132.902726, "url": "https://www.iryou.teikyouseido.mhlw.go.jp/znk-web/juminkanja/S2430/initialize?prefCd=32&kikanCd=2325310190&kikanKbn=2", "url2": null, "内容": "特別養護老人ホーム笑寿苑診療所【2:診療所】【診療科目:内科】島根県雲南市加茂町加茂中９１５特別養護老人ホーム笑寿苑" }, "geometry": { "type": "Point", "coordinates": [ 132.902726, 35.348034 ] } },
{ "type": "Feature", "properties": { "ID": 3222325310220, "正式名称": "横山内科医院", "機関区分": 2, "都道府県コード": 32, "市区町村コード": 209, "所在地": "島根県雲南市大東町南村２７６－１", "緯度": 35.334718, "経度": 133.021639, "url": "https://www.iryou.teikyouseido.mhlw.go.jp/znk-web/juminkanja/S2430/initialize?prefCd=32&kikanCd=2325310220&kikanKbn=2", "url2": null, "内容": "横山内科医院【2:診療所】【診療科目:内科_消化器内科】島根県雲南市大東町南村２７６－１" }, "geometry": { "type": "Point", "coordinates": [ 133.021639, 35.334718 ] } },
{ "type": "Feature", "properties": { "ID": 3222325310350, "正式名称": "特別養護老人ホーム簸の上園医務室", "機関区分": 2, "都道府県コード": 32, "市区町村コード": 209, "所在地": "島根県雲南市大東町中湯石８８", "緯度": 35.326503, "経度": 132.991517, "url": "https://www.iryou.teikyouseido.mhlw.go.jp/znk-web/juminkanja/S2430/initialize?prefCd=32&kikanCd=2325310350&kikanKbn=2", "url2": null, "内容": "特別養護老人ホーム簸の上園医務室【2:診療所】【診療科目:内科】島根県雲南市大東町中湯石８８" }, "geometry": { "type": "Point", "coordinates": [ 132.991517, 35.326503 ] } },
{ "type": "Feature", "properties": { "ID": 3222325310480, "正式名称": "医療法人社団信愛会　永生クリニック", "機関区分": 2, "都道府県コード": 32, "市区町村コード": 343, "所在地": "島根県仁多郡奥出雲町横田１０６３－１", "緯度": 35.1797, "経度": 133.092406, "url": "https://www.iryou.teikyouseido.mhlw.go.jp/znk-web/juminkanja/S2430/initialize?prefCd=32&kikanCd=2325310480&kikanKbn=2", "url2": null, "内容": "医療法人社団信愛会　永生クリニック【2:診療所】【診療科目:内科_循環器内科_脳神経外科_精神科_神経科】島根県仁多郡奥出雲町横田１０６３－１" }, "geometry": { "type": "Point", "coordinates": [ 133.092406, 35.1797 ] } },
{ "type": "Feature", "properties": { "ID": 3222325310640, "正式名称": "養護老人ホーム玉峰苑医務室", "機関区分": 2, "都道府県コード": 32, "市区町村コード": 343, "所在地": "島根県仁多郡奥出雲町亀嵩１４０１－３", "緯度": 35.223731, "経度": 133.082253, "url": "https://www.iryou.teikyouseido.mhlw.go.jp/znk-web/juminkanja/S2430/initialize?prefCd=32&kikanCd=2325310640&kikanKbn=2", "url2": null, "内容": "養護老人ホーム玉峰苑医務室【2:診療所】【診療科目:内科】島根県仁多郡奥出雲町亀嵩１４０１－３" }, "geometry": { "type": "Point", "coordinates": [ 133.082253, 35.223731 ] } },
{ "type": "Feature", "properties": { "ID": 3222325310800, "正式名称": "飯南町立志々出張診療所", "機関区分": 2, "都道府県コード": 32, "市区町村コード": 386, "所在地": "島根県飯石郡飯南町八神１１７－１", "緯度": 35.108278, "経度": 132.697086, "url": "https://www.iryou.teikyouseido.mhlw.go.jp/znk-web/juminkanja/S2430/initialize?prefCd=32&kikanCd=2325310800&kikanKbn=2", "url2": null, "内容": "飯南町立志々出張診療所【2:診療所】【診療科目:内科】島根県飯石郡飯南町八神１１７－１" }, "geometry": { "type": "Point", "coordinates": [ 132.697086, 35.108278 ] } },
{ "type": "Feature", "properties": { "ID": 3222325311100, "正式名称": "島根県雲南保健所", "機関区分": 2, "都道府県コード": 32, "市区町村コード": 209, "所在地": "島根県雲南市木次町里方５３１－１", "緯度": 35.30869, "経度": 132.90036, "url": "https://www.iryou.teikyouseido.mhlw.go.jp/znk-web/juminkanja/S2430/initialize?prefCd=32&kikanCd=2325311100&kikanKbn=2", "url2": "https://www.pref.shimane.lg.jp/unnan_hoken/", "内容": "島根県雲南保健所【2:診療所】【診療科目:内科_ＨＩＶ検査】島根県雲南市木次町里方５３１－１" }, "geometry": { "type": "Point", "coordinates": [ 132.90036, 35.30869 ] } },
{ "type": "Feature", "properties": { "ID": 3222325311360, "正式名称": "はまもと内科クリニック", "機関区分": 2, "都道府県コード": 32, "市区町村コード": 209, "所在地": "島根県雲南市大東町大東２４１６ー６", "緯度": 35.3243, "経度": 132.969991, "url": "https://www.iryou.teikyouseido.mhlw.go.jp/znk-web/juminkanja/S2430/initialize?prefCd=32&kikanCd=2325311360&kikanKbn=2", "url2": null, "内容": "はまもと内科クリニック【2:診療所】【診療科目:内科】島根県雲南市大東町大東２４１６ー６" }, "geometry": { "type": "Point", "coordinates": [ 132.969991, 35.3243 ] } },
{ "type": "Feature", "properties": { "ID": 3222325314390, "正式名称": "町立馬木診療所", "機関区分": 2, "都道府県コード": 32, "市区町村コード": 343, "所在地": "島根県仁多郡奥出雲町大馬木１９２２－１３", "緯度": 35.127025, "経度": 133.045214, "url": "https://www.iryou.teikyouseido.mhlw.go.jp/znk-web/juminkanja/S2430/initialize?prefCd=32&kikanCd=2325314390&kikanKbn=2", "url2": null, "内容": "町立馬木診療所【2:診療所】【診療科目:内科_小児科】島根県仁多郡奥出雲町大馬木１９２２－１３" }, "geometry": { "type": "Point", "coordinates": [ 133.045214, 35.127025 ] } },
{ "type": "Feature", "properties": { "ID": 3222325314680, "正式名称": "うんなん眼科", "機関区分": 2, "都道府県コード": 32, "市区町村コード": 209, "所在地": "島根県雲南市三刀屋町下熊谷１６２５―１", "緯度": 35.302378, "経度": 132.894556, "url": "https://www.iryou.teikyouseido.mhlw.go.jp/znk-web/juminkanja/S2430/initialize?prefCd=32&kikanCd=2325314680&kikanKbn=2", "url2": null, "内容": "うんなん眼科【2:診療所】【診療科目:眼科】島根県雲南市三刀屋町下熊谷１６２５―１" }, "geometry": { "type": "Point", "coordinates": [ 132.894556, 35.302378 ] } },
{ "type": "Feature", "properties": { "ID": 3222325314970, "正式名称": "晴木医院", "機関区分": 2, "都道府県コード": 32, "市区町村コード": 209, "所在地": "島根県雲南市大東町大東１８６８", "緯度": 35.324883, "経度": 132.970511, "url": "https://www.iryou.teikyouseido.mhlw.go.jp/znk-web/juminkanja/S2430/initialize?prefCd=32&kikanCd=2325314970&kikanKbn=2", "url2": null, "内容": "晴木医院【2:診療所】【診療科目:内科】島根県雲南市大東町大東１８６８" }, "geometry": { "type": "Point", "coordinates": [ 132.970511, 35.324883 ] } },
{ "type": "Feature", "properties": { "ID": 3222325315300, "正式名称": "特別養護老人ホームみとやの郷　医務室", "機関区分": 2, "都道府県コード": 32, "市区町村コード": 209, "所在地": "島根県雲南市三刀屋町乙加宮３４００番地２", "緯度": 35.273574, "経度": 132.846671, "url": "https://www.iryou.teikyouseido.mhlw.go.jp/znk-web/juminkanja/S2430/initialize?prefCd=32&kikanCd=2325315300&kikanKbn=2", "url2": null, "内容": "特別養護老人ホームみとやの郷　医務室【2:診療所】【診療科目:内科】島根県雲南市三刀屋町乙加宮３４００番地２" }, "geometry": { "type": "Point", "coordinates": [ 132.846671, 35.273574 ] } },
{ "type": "Feature", "properties": { "ID": 3222325315690, "正式名称": "自然治癒力活性全人介護医療漢方内科横田スサノオクリニック", "機関区分": 2, "都道府県コード": 32, "市区町村コード": 343, "所在地": "島根県仁多郡奥出雲町横田１００９－６", "緯度": 35.175955, "経度": 133.094662, "url": "https://www.iryou.teikyouseido.mhlw.go.jp/znk-web/juminkanja/S2430/initialize?prefCd=32&kikanCd=2325315690&kikanKbn=2", "url2": null, "内容": "自然治癒力活性全人介護医療漢方内科横田スサノオクリニック【2:診療所】【診療科目:漢方内科_精神科_心療内科_アレルギー科_リハビリテーション科】島根県仁多郡奥出雲町横田１００９－６" }, "geometry": { "type": "Point", "coordinates": [ 133.094662, 35.175955 ] } },
{ "type": "Feature", "properties": { "ID": 3222325315720, "正式名称": "医療法人むらた耳鼻咽喉科", "機関区分": 2, "都道府県コード": 32, "市区町村コード": 209, "所在地": "島根県雲南市三刀屋町三刀屋１２１２－５４むらた耳鼻咽喉科", "緯度": 35.293997, "経度": 132.883893, "url": "https://www.iryou.teikyouseido.mhlw.go.jp/znk-web/juminkanja/S2430/initialize?prefCd=32&kikanCd=2325315720&kikanKbn=2", "url2": "https://murata.atat.jp/", "内容": "医療法人むらた耳鼻咽喉科【2:診療所】【診療科目:耳鼻いんこう科】島根県雲南市三刀屋町三刀屋１２１２－５４むらた耳鼻咽喉科" }, "geometry": { "type": "Point", "coordinates": [ 132.883893, 35.293997 ] } },
{ "type": "Feature", "properties": { "ID": 3222325318620, "正式名称": "雲南うめき整形外科", "機関区分": 2, "都道府県コード": 32, "市区町村コード": 209, "所在地": "島根県雲南市木次町下熊谷１５４３－１", "緯度": 35.300012, "経度": 132.893679, "url": "https://www.iryou.teikyouseido.mhlw.go.jp/znk-web/juminkanja/S2430/initialize?prefCd=32&kikanCd=2325318620&kikanKbn=2", "url2": "https://umekiseikei.com/", "内容": "雲南うめき整形外科【2:診療所】【診療科目:整形外科_リウマチ科_リハビリテーション科】島根県雲南市木次町下熊谷１５４３－１" }, "geometry": { "type": "Point", "coordinates": [ 132.893679, 35.300012 ] } },
{ "type": "Feature", "properties": { "ID": 3222325400570, "正式名称": "医療法人板垣医院", "機関区分": 2, "都道府県コード": 32, "市区町村コード": 203, "所在地": "島根県出雲市里方町８７２番地", "緯度": 35.388837, "経度": 132.746749, "url": "https://www.iryou.teikyouseido.mhlw.go.jp/znk-web/juminkanja/S2430/initialize?prefCd=32&kikanCd=2325400570&kikanKbn=2", "url2": null, "内容": "医療法人板垣医院【2:診療所】【診療科目:内科_胃腸内科_小児科】島根県出雲市里方町８７２番地" }, "geometry": { "type": "Point", "coordinates": [ 132.746749, 35.388837 ] } },
{ "type": "Feature", "properties": { "ID": 3222325401740, "正式名称": "加藤医院", "機関区分": 2, "都道府県コード": 32, "市区町村コード": 203, "所在地": "島根県出雲市今市町北本町１丁目７ー５加藤医院", "緯度": 35.369655, "経度": 132.755989, "url": "https://www.iryou.teikyouseido.mhlw.go.jp/znk-web/juminkanja/S2430/initialize?prefCd=32&kikanCd=2325401740&kikanKbn=2", "url2": null, "内容": "加藤医院【2:診療所】【診療科目:内科_神経内科】島根県出雲市今市町北本町１丁目７ー５加藤医院" }, "geometry": { "type": "Point", "coordinates": [ 132.755989, 35.369655 ] } },
{ "type": "Feature", "properties": { "ID": 322232540220, "正式名称": "児玉医院", "機関区分": 2, "都道府県コード": 32, "市区町村コード": 203, "所在地": "島根県出雲市西神西町５１５", "緯度": 35.314175, "経度": 132.689086, "url": "https://www.iryou.teikyouseido.mhlw.go.jp/znk-web/juminkanja/S2430/initialize?prefCd=32&kikanCd=232540220&kikanKbn=2", "url2": "https://www.jinzai-kodama.com/", "内容": "児玉医院【2:診療所】【診療科目:内科_外科_血管外科_乳腺・内分泌外科_整形外科】島根県出雲市西神西町５１５" }, "geometry": { "type": "Point", "coordinates": [ 132.689086, 35.314175 ] } },
{ "type": "Feature", "properties": { "ID": 3222325403630, "正式名称": "錦織整形外科医院", "機関区分": 2, "都道府県コード": 32, "市区町村コード": 203, "所在地": "島根県出雲市大津新崎町６丁目３６番地", "緯度": 35.367176, "経度": 132.768387, "url": "https://www.iryou.teikyouseido.mhlw.go.jp/znk-web/juminkanja/S2430/initialize?prefCd=32&kikanCd=2325403630&kikanKbn=2", "url2": null, "内容": "錦織整形外科医院【2:診療所】【診療科目:整形外科】島根県出雲市大津新崎町６丁目３６番地" }, "geometry": { "type": "Point", "coordinates": [ 132.768387, 35.367176 ] } },
{ "type": "Feature", "properties": { "ID": 3222325404510, "正式名称": "三原医院", "機関区分": 2, "都道府県コード": 32, "市区町村コード": 203, "所在地": "島根県出雲市今市町１６０５", "緯度": 35.364191, "経度": 132.761788, "url": "https://www.iryou.teikyouseido.mhlw.go.jp/znk-web/juminkanja/S2430/initialize?prefCd=32&kikanCd=2325404510&kikanKbn=2", "url2": null, "内容": "三原医院【2:診療所】【診療科目:内科_消化器内科_肝臓内科_内視鏡内科_産婦人科_産科_婦人科_産婦人科（生殖医療）_産婦人科_泌尿器科】島根県出雲市今市町１６０５" }, "geometry": { "type": "Point", "coordinates": [ 132.761788, 35.364191 ] } },
{ "type": "Feature", "properties": { "ID": 3222325404930, "正式名称": "医療法人外科内科山尾医院", "機関区分": 2, "都道府県コード": 32, "市区町村コード": 203, "所在地": "島根県出雲市大津町１０９９－５", "緯度": 35.367489, "経度": 132.763844, "url": "https://www.iryou.teikyouseido.mhlw.go.jp/znk-web/juminkanja/S2430/initialize?prefCd=32&kikanCd=2325404930&kikanKbn=2", "url2": null, "内容": "医療法人外科内科山尾医院【2:診療所】【診療科目:内科_消化器内科_外科_肛門外科_整形外科_皮膚科_リハビリテーション科】島根県出雲市大津町１０９９－５" }, "geometry": { "type": "Point", "coordinates": [ 132.763844, 35.367489 ] } },
{ "type": "Feature", "properties": { "ID": 3222325405520, "正式名称": "医療法人社団　林整形外科医院", "機関区分": 2, "都道府県コード": 32, "市区町村コード": 203, "所在地": "島根県出雲市姫原町１１４－３", "緯度": 35.369581, "経度": 132.75445, "url": "https://www.iryou.teikyouseido.mhlw.go.jp/znk-web/juminkanja/S2430/initialize?prefCd=32&kikanCd=2325405520&kikanKbn=2", "url2": "http://hayashiseikei.c.ooco.jp/", "内容": "医療法人社団　林整形外科医院【2:診療所】【診療科目:整形外科_リハビリテーション科】島根県出雲市姫原町１１４－３" }, "geometry": { "type": "Point", "coordinates": [ 132.75445, 35.369581 ] } },
{ "type": "Feature", "properties": { "ID": 3222325405650, "正式名称": "手納医院", "機関区分": 2, "都道府県コード": 32, "市区町村コード": 203, "所在地": "島根県出雲市小山町３００－３", "緯度": 35.371095, "経度": 132.742592, "url": "https://www.iryou.teikyouseido.mhlw.go.jp/znk-web/juminkanja/S2430/initialize?prefCd=32&kikanCd=2325405650&kikanKbn=2", "url2": "http://www.ne.jp/asahi/sha/home/tenoclinic", "内容": "手納医院【2:診療所】【診療科目:内科_小児科_眼科】島根県出雲市小山町３００－３" }, "geometry": { "type": "Point", "coordinates": [ 132.742592, 35.371095 ] } },
{ "type": "Feature", "properties": { "ID": 3222325406530, "正式名称": "医療法人社団出雲整形外科クリニック", "機関区分": 2, "都道府県コード": 32, "市区町村コード": 203, "所在地": "島根県出雲市渡橋町１１４０－１", "緯度": 35.372076, "経度": 132.754913, "url": "https://www.iryou.teikyouseido.mhlw.go.jp/znk-web/juminkanja/S2430/initialize?prefCd=32&kikanCd=2325406530&kikanKbn=2", "url2": null, "内容": "医療法人社団出雲整形外科クリニック【2:診療所】【診療科目:整形外科】島根県出雲市渡橋町１１４０－１" }, "geometry": { "type": "Point", "coordinates": [ 132.754913, 35.372076 ] } },
{ "type": "Feature", "properties": { "ID": 3222325406790, "正式名称": "医療法人　江口内科医院", "機関区分": 2, "都道府県コード": 32, "市区町村コード": 203, "所在地": "島根県出雲市塩冶有原町６－４３", "緯度": 35.358232, "経度": 132.744984, "url": "https://www.iryou.teikyouseido.mhlw.go.jp/znk-web/juminkanja/S2430/initialize?prefCd=32&kikanCd=2325406790&kikanKbn=2", "url2": "http://www.eguchi-naika.com", "内容": "医療法人　江口内科医院【2:診療所】【診療科目:内科_糖尿病・内分泌内科_循環器内科】島根県出雲市塩冶有原町６－４３" }, "geometry": { "type": "Point", "coordinates": [ 132.744984, 35.358232 ] } },
{ "type": "Feature", "properties": { "ID": 3222325406820, "正式名称": "ひまわり診療所", "機関区分": 2, "都道府県コード": 32, "市区町村コード": 203, "所在地": "島根県出雲市神西沖町２５１３－４特別養護老人ホームひまわり", "緯度": 35.336353, "経度": 132.679903, "url": "https://www.iryou.teikyouseido.mhlw.go.jp/znk-web/juminkanja/S2430/initialize?prefCd=32&kikanCd=2325406820&kikanKbn=2", "url2": null, "内容": "ひまわり診療所【2:診療所】【診療科目:内科】島根県出雲市神西沖町２５１３－４特別養護老人ホームひまわり" }, "geometry": { "type": "Point", "coordinates": [ 132.679903, 35.336353 ] } },
{ "type": "Feature", "properties": { "ID": 3222325406950, "正式名称": "堀江内科呼吸器科医院", "機関区分": 2, "都道府県コード": 32, "市区町村コード": 203, "所在地": "島根県出雲市今市町北本町１－８－２１", "緯度": 35.369247, "経度": 132.756467, "url": "https://www.iryou.teikyouseido.mhlw.go.jp/znk-web/juminkanja/S2430/initialize?prefCd=32&kikanCd=2325406950&kikanKbn=2", "url2": null, "内容": "堀江内科呼吸器科医院【2:診療所】【診療科目:内科_呼吸器内科_アレルギー疾患内科_アレルギー科】島根県出雲市今市町北本町１－８－２１" }, "geometry": { "type": "Point", "coordinates": [ 132.756467, 35.369247 ] } },
{ "type": "Feature", "properties": { "ID": 3222325407380, "正式名称": "医療法人　園山医院", "機関区分": 2, "都道府県コード": 32, "市区町村コード": 203, "所在地": "島根県出雲市東林木町８８８－２", "緯度": 35.404453, "経度": 132.778486, "url": "https://www.iryou.teikyouseido.mhlw.go.jp/znk-web/juminkanja/S2430/initialize?prefCd=32&kikanCd=2325407380&kikanKbn=2", "url2": null, "内容": "医療法人　園山医院【2:診療所】【診療科目:内科_胃腸内科】島根県出雲市東林木町８８８－２" }, "geometry": { "type": "Point", "coordinates": [ 132.778486, 35.404453 ] } },
{ "type": "Feature", "properties": { "ID": 3222325407670, "正式名称": "特別養護老人ホーム清流園医務室", "機関区分": 2, "都道府県コード": 32, "市区町村コード": 203, "所在地": "島根県出雲市大津町３５２９", "緯度": 35.359283, "経度": 132.783739, "url": "https://www.iryou.teikyouseido.mhlw.go.jp/znk-web/juminkanja/S2430/initialize?prefCd=32&kikanCd=2325407670&kikanKbn=2", "url2": null, "内容": "特別養護老人ホーム清流園医務室【2:診療所】【診療科目:内科_外科】島根県出雲市大津町３５２９" }, "geometry": { "type": "Point", "coordinates": [ 132.783739, 35.359283 ] } },
{ "type": "Feature", "properties": { "ID": 3222325408000, "正式名称": "太田医院", "機関区分": 2, "都道府県コード": 32, "市区町村コード": 203, "所在地": "島根県出雲市国富町５０５－１", "緯度": 35.421948, "経度": 132.806347, "url": "https://www.iryou.teikyouseido.mhlw.go.jp/znk-web/juminkanja/S2430/initialize?prefCd=32&kikanCd=2325408000&kikanKbn=2", "url2": null, "内容": "太田医院【2:診療所】【診療科目:内科_循環器内科_外科】島根県出雲市国富町５０５－１" }, "geometry": { "type": "Point", "coordinates": [ 132.806347, 35.421948 ] } },
{ "type": "Feature", "properties": { "ID": 3222325409300, "正式名称": "伊藤眼科医院", "機関区分": 2, "都道府県コード": 32, "市区町村コード": 203, "所在地": "島根県出雲市平田町１３６２－１", "緯度": 35.433958, "経度": 132.818672, "url": "https://www.iryou.teikyouseido.mhlw.go.jp/znk-web/juminkanja/S2430/initialize?prefCd=32&kikanCd=2325409300&kikanKbn=2", "url2": null, "内容": "伊藤眼科医院【2:診療所】【診療科目:眼科】島根県出雲市平田町１３６２－１" }, "geometry": { "type": "Point", "coordinates": [ 132.818672, 35.433958 ] } },
{ "type": "Feature", "properties": { "ID": 3222325409560, "正式名称": "医療法人　松本医院", "機関区分": 2, "都道府県コード": 32, "市区町村コード": 203, "所在地": "島根県出雲市多久町８８５番地１１", "緯度": 35.45065, "経度": 132.852525, "url": "https://www.iryou.teikyouseido.mhlw.go.jp/znk-web/juminkanja/S2430/initialize?prefCd=32&kikanCd=2325409560&kikanKbn=2", "url2": null, "内容": "医療法人　松本医院【2:診療所】【診療科目:内科】島根県出雲市多久町８８５番地１１" }, "geometry": { "type": "Point", "coordinates": [ 132.852525, 35.45065 ] } },
{ "type": "Feature", "properties": { "ID": 3222325411710, "正式名称": "上野医院", "機関区分": 2, "都道府県コード": 32, "市区町村コード": 203, "所在地": "島根県出雲市大社町菱根７８６番地１", "緯度": 35.396551, "経度": 132.705216, "url": "https://www.iryou.teikyouseido.mhlw.go.jp/znk-web/juminkanja/S2430/initialize?prefCd=32&kikanCd=2325411710&kikanKbn=2", "url2": null, "内容": "上野医院【2:診療所】【診療科目:内科_循環器内科_消化器内科】島根県出雲市大社町菱根７８６番地１" }, "geometry": { "type": "Point", "coordinates": [ 132.705216, 35.396551 ] } },
{ "type": "Feature", "properties": { "ID": 3222325412690, "正式名称": "医療法人おざさクリニック", "機関区分": 2, "都道府県コード": 32, "市区町村コード": 203, "所在地": "島根県出雲市渡橋町８５７", "緯度": 35.367399, "経度": 132.743171, "url": "https://www.iryou.teikyouseido.mhlw.go.jp/znk-web/juminkanja/S2430/initialize?prefCd=32&kikanCd=2325412690&kikanKbn=2", "url2": "https://ozasaclinic.com", "内容": "医療法人おざさクリニック【2:診療所】【診療科目:内科_血液内科_漢方内科_皮膚科】島根県出雲市渡橋町８５７" }, "geometry": { "type": "Point", "coordinates": [ 132.743171, 35.367399 ] } },
{ "type": "Feature", "properties": { "ID": 3222325413020, "正式名称": "医療法人　遠藤クリニック", "機関区分": 2, "都道府県コード": 32, "市区町村コード": 203, "所在地": "島根県出雲市渡橋町３２５－３", "緯度": 35.372064, "経度": 132.759624, "url": "https://www.iryou.teikyouseido.mhlw.go.jp/znk-web/juminkanja/S2430/initialize?prefCd=32&kikanCd=2325413020&kikanKbn=2", "url2": null, "内容": "医療法人　遠藤クリニック【2:診療所】【診療科目:内科_呼吸器内科_循環器内科_消化器内科_アレルギー科】島根県出雲市渡橋町３２５－３" }, "geometry": { "type": "Point", "coordinates": [ 132.759624, 35.372064 ] } },
{ "type": "Feature", "properties": { "ID": 3222325413150, "正式名称": "医療法人社団　松陽台佐藤クリニック", "機関区分": 2, "都道府県コード": 32, "市区町村コード": 203, "所在地": "島根県出雲市白枝町９８８－１", "緯度": 35.369362, "経度": 132.732304, "url": "https://www.iryou.teikyouseido.mhlw.go.jp/znk-web/juminkanja/S2430/initialize?prefCd=32&kikanCd=2325413150&kikanKbn=2", "url2": "https://shoyodai-sato.sakura.ne.jp", "内容": "医療法人社団　松陽台佐藤クリニック【2:診療所】【診療科目:内科_産婦人科_産科_婦人科】島根県出雲市白枝町９８８－１" }, "geometry": { "type": "Point", "coordinates": [ 132.732304, 35.369362 ] } },
{ "type": "Feature", "properties": { "ID": 3222325413280, "正式名称": "特別養護老人ホームるんびにぃ苑", "機関区分": 2, "都道府県コード": 32, "市区町村コード": 203, "所在地": "島根県出雲市園町２６０６－１", "緯度": 35.459965, "経度": 132.857221, "url": "https://www.iryou.teikyouseido.mhlw.go.jp/znk-web/juminkanja/S2430/initialize?prefCd=32&kikanCd=2325413280&kikanKbn=2", "url2": null, "内容": "特別養護老人ホームるんびにぃ苑【2:診療所】【診療科目:内科_外科】島根県出雲市園町２６０６－１" }, "geometry": { "type": "Point", "coordinates": [ 132.857221, 35.459965 ] } },
{ "type": "Feature", "properties": { "ID": 3222325413310, "正式名称": "おおつかクリニック", "機関区分": 2, "都道府県コード": 32, "市区町村コード": 203, "所在地": "島根県出雲市大塚町７４７－１", "緯度": 35.372076, "経度": 132.754913, "url": "https://www.iryou.teikyouseido.mhlw.go.jp/znk-web/juminkanja/S2430/initialize?prefCd=32&kikanCd=2325413310&kikanKbn=2", "url2": null, "内容": "おおつかクリニック【2:診療所】【診療科目:内科_循環器内科_人工透析内科】島根県出雲市大塚町７４７－１" }, "geometry": { "type": "Point", "coordinates": [ 132.754913, 35.372076 ] } },
{ "type": "Feature", "properties": { "ID": 3222325413730, "正式名称": "医療法人　伊藤医院", "機関区分": 2, "都道府県コード": 32, "市区町村コード": 203, "所在地": "島根県出雲市神西沖町字原２０７６", "緯度": 35.336137, "経度": 132.690736, "url": "https://www.iryou.teikyouseido.mhlw.go.jp/znk-web/juminkanja/S2430/initialize?prefCd=32&kikanCd=2325413730&kikanKbn=2", "url2": "https://ito810.com", "内容": "医療法人　伊藤医院【2:診療所】【診療科目:内科_呼吸器内科_循環器内科_神経内科_整形外科_小児科】島根県出雲市神西沖町字原２０７６" }, "geometry": { "type": "Point", "coordinates": [ 132.690736, 35.336137 ] } },
{ "type": "Feature", "properties": { "ID": 3222325414290, "正式名称": "医療法人　吉翔会　吉直整形外科クリニック", "機関区分": 2, "都道府県コード": 32, "市区町村コード": 203, "所在地": "島根県出雲市西平田町２４２", "緯度": 35.435384, "経度": 132.815376, "url": "https://www.iryou.teikyouseido.mhlw.go.jp/znk-web/juminkanja/S2430/initialize?prefCd=32&kikanCd=2325414290&kikanKbn=2", "url2": "https://sites.google.com/a/yoshinao-orthopaedic-clinic.com/clinic/", "内容": "医療法人　吉翔会　吉直整形外科クリニック【2:診療所】【診療科目:脳神経内科_心臓血管外科_整形外科_リウマチ科_リハビリテーション科】島根県出雲市西平田町２４２" }, "geometry": { "type": "Point", "coordinates": [ 132.815376, 35.435384 ] } },
{ "type": "Feature", "properties": { "ID": 3222325414900, "正式名称": "大曲診療所", "機関区分": 2, "都道府県コード": 32, "市区町村コード": 203, "所在地": "島根県出雲市大津町１９４１", "緯度": 35.364741, "経度": 132.773131, "url": "https://www.iryou.teikyouseido.mhlw.go.jp/znk-web/juminkanja/S2430/initialize?prefCd=32&kikanCd=2325414900&kikanKbn=2", "url2": "https://izumo-hewcoop.jp/oomagari/", "内容": "大曲診療所【2:診療所】【診療科目:内科_外科_小児科】島根県出雲市大津町１９４１" }, "geometry": { "type": "Point", "coordinates": [ 132.773131, 35.364741 ] } },
{ "type": "Feature", "properties": { "ID": 3222325415170, "正式名称": "医療法人　古瀬医院", "機関区分": 2, "都道府県コード": 32, "市区町村コード": 203, "所在地": "島根県出雲市稗原町２４９０番地３", "緯度": 35.313753, "経度": 132.797152, "url": "https://www.iryou.teikyouseido.mhlw.go.jp/znk-web/juminkanja/S2430/initialize?prefCd=32&kikanCd=2325415170&kikanKbn=2", "url2": "http://www.furuse-clinic.jp/", "内容": "医療法人　古瀬医院【2:診療所】【診療科目:内科_循環器内科】島根県出雲市稗原町２４９０番地３" }, "geometry": { "type": "Point", "coordinates": [ 132.797152, 35.313753 ] } },
{ "type": "Feature", "properties": { "ID": 3222325415330, "正式名称": "医療法人　あべ医院", "機関区分": 2, "都道府県コード": 32, "市区町村コード": 203, "所在地": "島根県出雲市大津新崎町１丁目１８番地４", "緯度": 35.370136, "経度": 132.766413, "url": "https://www.iryou.teikyouseido.mhlw.go.jp/znk-web/juminkanja/S2430/initialize?prefCd=32&kikanCd=2325415330&kikanKbn=2", "url2": null, "内容": "医療法人　あべ医院【2:診療所】【診療科目:内科_消化器内科_漢方内科】島根県出雲市大津新崎町１丁目１８番地４" }, "geometry": { "type": "Point", "coordinates": [ 132.766413, 35.370136 ] } },
{ "type": "Feature", "properties": { "ID": 3222325415460, "正式名称": "渡辺眼科医院", "機関区分": 2, "都道府県コード": 32, "市区町村コード": 203, "所在地": "島根県出雲市大津町１１０１－２", "緯度": 35.331483, "経度": 132.726053, "url": "https://www.iryou.teikyouseido.mhlw.go.jp/znk-web/juminkanja/S2430/initialize?prefCd=32&kikanCd=2325415460&kikanKbn=2", "url2": null, "内容": "渡辺眼科医院【2:診療所】【診療科目:眼科】島根県出雲市大津町１１０１－２" }, "geometry": { "type": "Point", "coordinates": [ 132.726053, 35.331483 ] } },
{ "type": "Feature", "properties": { "ID": 3222325416340, "正式名称": "後藤内科医院", "機関区分": 2, "都道府県コード": 32, "市区町村コード": 203, "所在地": "島根県出雲市塩冶町９９２－３", "緯度": 35.354717, "経度": 132.75817, "url": "https://www.iryou.teikyouseido.mhlw.go.jp/znk-web/juminkanja/S2430/initialize?prefCd=32&kikanCd=2325416340&kikanKbn=2", "url2": null, "内容": "後藤内科医院【2:診療所】【診療科目:内科_循環器内科_消化器内科_小児科_リハビリテーション科】島根県出雲市塩冶町９９２－３" }, "geometry": { "type": "Point", "coordinates": [ 132.75817, 35.354717 ] } },
{ "type": "Feature", "properties": { "ID": 3222325416630, "正式名称": "医療法人　永樹会　吉岡医院", "機関区分": 2, "都道府県コード": 32, "市区町村コード": 203, "所在地": "島根県出雲市斐川町荘原３８５５", "緯度": 35.396219, "経度": 132.857189, "url": "https://www.iryou.teikyouseido.mhlw.go.jp/znk-web/juminkanja/S2430/initialize?prefCd=32&kikanCd=2325416630&kikanKbn=2", "url2": null, "内容": "医療法人　永樹会　吉岡医院【2:診療所】【診療科目:内科_消化器内科】島根県出雲市斐川町荘原３８５５" }, "geometry": { "type": "Point", "coordinates": [ 132.857189, 35.396219 ] } },
{ "type": "Feature", "properties": { "ID": 3222325416760, "正式名称": "医療法人　順和会　中島医院", "機関区分": 2, "都道府県コード": 32, "市区町村コード": 203, "所在地": "島根県出雲市大社町杵築南９９１", "緯度": 35.396847, "経度": 132.681061, "url": "https://www.iryou.teikyouseido.mhlw.go.jp/znk-web/juminkanja/S2430/initialize?prefCd=32&kikanCd=2325416760&kikanKbn=2", "url2": null, "内容": "医療法人　順和会　中島医院【2:診療所】【診療科目:内科_糖尿病・内分泌内科_循環器内科_消化器内科_小児科】島根県出雲市大社町杵築南９９１" }, "geometry": { "type": "Point", "coordinates": [ 132.681061, 35.396847 ] } },
{ "type": "Feature", "properties": { "ID": 3222325417060, "正式名称": "エスポアール出雲クリニック", "機関区分": 2, "都道府県コード": 32, "市区町村コード": 203, "所在地": "島根県出雲市小山町３６１－２", "緯度": 35.373401, "経度": 132.74066, "url": "https://www.iryou.teikyouseido.mhlw.go.jp/znk-web/juminkanja/S2430/initialize?prefCd=32&kikanCd=2325417060&kikanKbn=2", "url2": "https://espoir-izumo.com/", "内容": "エスポアール出雲クリニック【2:診療所】【診療科目:精神科_心療内科】島根県出雲市小山町３６１－２" }, "geometry": { "type": "Point", "coordinates": [ 132.74066, 35.373401 ] } },
{ "type": "Feature", "properties": { "ID": 3222325417190, "正式名称": "医療法人　児玉医院", "機関区分": 2, "都道府県コード": 32, "市区町村コード": 203, "所在地": "島根県出雲市湖陵町大池２２４２－６９", "緯度": 35.318842, "経度": 132.657121, "url": "https://www.iryou.teikyouseido.mhlw.go.jp/znk-web/juminkanja/S2430/initialize?prefCd=32&kikanCd=2325417190&kikanKbn=2", "url2": null, "内容": "医療法人　児玉医院【2:診療所】【診療科目:内科_胃腸内科】島根県出雲市湖陵町大池２２４２－６９" }, "geometry": { "type": "Point", "coordinates": [ 132.657121, 35.318842 ] } },
{ "type": "Feature", "properties": { "ID": 3222325417220, "正式名称": "医療法人社団出雲中央クリニック", "機関区分": 2, "都道府県コード": 32, "市区町村コード": 203, "所在地": "島根県出雲市塩冶町２１２３ー２", "緯度": 35.352939, "経度": 132.745669, "url": "https://www.iryou.teikyouseido.mhlw.go.jp/znk-web/juminkanja/S2430/initialize?prefCd=32&kikanCd=2325417220&kikanKbn=2", "url2": "https://www.icc.or.jp", "内容": "医療法人社団出雲中央クリニック【2:診療所】【診療科目:胃腸内科_肛門外科】島根県出雲市塩冶町２１２３ー２" }, "geometry": { "type": "Point", "coordinates": [ 132.745669, 35.352939 ] } },
{ "type": "Feature", "properties": { "ID": 3222325417350, "正式名称": "基常小児科・福代皮膚科", "機関区分": 2, "都道府県コード": 32, "市区町村コード": 203, "所在地": "島根県出雲市塩冶町１５２３番地２", "緯度": 35.361156, "経度": 132.750208, "url": "https://www.iryou.teikyouseido.mhlw.go.jp/znk-web/juminkanja/S2430/initialize?prefCd=32&kikanCd=2325417350&kikanKbn=2", "url2": null, "内容": "基常小児科・福代皮膚科【2:診療所】【診療科目:小児科_皮膚科】島根県出雲市塩冶町１５２３番地２" }, "geometry": { "type": "Point", "coordinates": [ 132.750208, 35.361156 ] } },
{ "type": "Feature", "properties": { "ID": 3222325417480, "正式名称": "医療法人須谷医院", "機関区分": 2, "都道府県コード": 32, "市区町村コード": 203, "所在地": "島根県出雲市所原町６０", "緯度": 35.319723, "経度": 132.766017, "url": "https://www.iryou.teikyouseido.mhlw.go.jp/znk-web/juminkanja/S2430/initialize?prefCd=32&kikanCd=2325417480&kikanKbn=2", "url2": "http://www.izumo-med.or.jp/", "内容": "医療法人須谷医院【2:診療所】【診療科目:内科_外科】島根県出雲市所原町６０" }, "geometry": { "type": "Point", "coordinates": [ 132.766017, 35.319723 ] } },
{ "type": "Feature", "properties": { "ID": 3222325417510, "正式名称": "医療法人いいつかクリニック", "機関区分": 2, "都道府県コード": 32, "市区町村コード": 203, "所在地": "島根県出雲市斐川町荘原２１９０－１", "緯度": 35.394822, "経度": 132.846005, "url": "https://www.iryou.teikyouseido.mhlw.go.jp/znk-web/juminkanja/S2430/initialize?prefCd=32&kikanCd=2325417510&kikanKbn=2", "url2": null, "内容": "医療法人いいつかクリニック【2:診療所】【診療科目:内科_循環器内科_胃腸内科_外科_整形外科】島根県出雲市斐川町荘原２１９０－１" }, "geometry": { "type": "Point", "coordinates": [ 132.846005, 35.394822 ] } },
{ "type": "Feature", "properties": { "ID": 3222325417770, "正式名称": "日本ホリスティッククリニック佐々木医院", "機関区分": 2, "都道府県コード": 32, "市区町村コード": 203, "所在地": "島根県出雲市塩冶善行町１４－１", "緯度": 35.357658, "経度": 132.753372, "url": "https://www.iryou.teikyouseido.mhlw.go.jp/znk-web/juminkanja/S2430/initialize?prefCd=32&kikanCd=2325417770&kikanKbn=2", "url2": null, "内容": "日本ホリスティッククリニック佐々木医院【2:診療所】【診療科目:漢方内科_精神科_心療内科】島根県出雲市塩冶善行町１４－１" }, "geometry": { "type": "Point", "coordinates": [ 132.753372, 35.357658 ] } },
{ "type": "Feature", "properties": { "ID": 3222325417800, "正式名称": "いなさ園診療室", "機関区分": 2, "都道府県コード": 32, "市区町村コード": 203, "所在地": "島根県出雲市大社町杵築西１６４３番地２特別養護老人ホームいなさ園", "緯度": 35.385609, "経度": 132.678424, "url": "https://www.iryou.teikyouseido.mhlw.go.jp/znk-web/juminkanja/S2430/initialize?prefCd=32&kikanCd=2325417800&kikanKbn=2", "url2": null, "内容": "いなさ園診療室【2:診療所】【診療科目:介護老人福祉施設】島根県出雲市大社町杵築西１６４３番地２特別養護老人ホームいなさ園" }, "geometry": { "type": "Point", "coordinates": [ 132.678424, 35.385609 ] } },
{ "type": "Feature", "properties": { "ID": 3222325418070, "正式名称": "医療法人ふくやま眼科", "機関区分": 2, "都道府県コード": 32, "市区町村コード": 203, "所在地": "島根県出雲市渡橋町９９３－４", "緯度": 35.366952, "経度": 132.741153, "url": "https://www.iryou.teikyouseido.mhlw.go.jp/znk-web/juminkanja/S2430/initialize?prefCd=32&kikanCd=2325418070&kikanKbn=2", "url2": null, "内容": "医療法人ふくやま眼科【2:診療所】【診療科目:眼科】島根県出雲市渡橋町９９３－４" }, "geometry": { "type": "Point", "coordinates": [ 132.741153, 35.366952 ] } },
{ "type": "Feature", "properties": { "ID": 3222325418230, "正式名称": "医療法人仁和会　白枝小児科", "機関区分": 2, "都道府県コード": 32, "市区町村コード": 203, "所在地": "島根県出雲市白枝町８８９ー１", "緯度": 35.366983, "経度": 132.728186, "url": "https://www.iryou.teikyouseido.mhlw.go.jp/znk-web/juminkanja/S2430/initialize?prefCd=32&kikanCd=2325418230&kikanKbn=2", "url2": null, "内容": "医療法人仁和会　白枝小児科【2:診療所】【診療科目:小児科】島根県出雲市白枝町８８９ー１" }, "geometry": { "type": "Point", "coordinates": [ 132.728186, 35.366983 ] } },
{ "type": "Feature", "properties": { "ID": 3222325418360, "正式名称": "竹下内科医院", "機関区分": 2, "都道府県コード": 32, "市区町村コード": 203, "所在地": "島根県出雲市大津新崎町４丁目３２番地", "緯度": 35.36825, "経度": 132.770292, "url": "https://www.iryou.teikyouseido.mhlw.go.jp/znk-web/juminkanja/S2430/initialize?prefCd=32&kikanCd=2325418360&kikanKbn=2", "url2": null, "内容": "竹下内科医院【2:診療所】【診療科目:内科_糖尿病内科_老年・呼吸器内科_神経内科_老年内科_アレルギー疾患内科_小児科_皮膚科_心療内科_アレルギー科】島根県出雲市大津新崎町４丁目３２番地" }, "geometry": { "type": "Point", "coordinates": [ 132.770292, 35.36825 ] } },
{ "type": "Feature", "properties": { "ID": 3222325418490, "正式名称": "さとうクリニック", "機関区分": 2, "都道府県コード": 32, "市区町村コード": 203, "所在地": "島根県出雲市平田町９８９番地１", "緯度": 35.43575, "経度": 132.820731, "url": "https://www.iryou.teikyouseido.mhlw.go.jp/znk-web/juminkanja/S2430/initialize?prefCd=32&kikanCd=2325418490&kikanKbn=2", "url2": null, "内容": "さとうクリニック【2:診療所】【診療科目:内科_神経内科_精神科】島根県出雲市平田町９８９番地１" }, "geometry": { "type": "Point", "coordinates": [ 132.820731, 35.43575 ] } },
{ "type": "Feature", "properties": { "ID": 3222325418520, "正式名称": "特別養護老人ホームもくもく苑医務室", "機関区分": 2, "都道府県コード": 32, "市区町村コード": 203, "所在地": "島根県出雲市矢野町８４５", "緯度": 35.383358, "経度": 132.735608, "url": "https://www.iryou.teikyouseido.mhlw.go.jp/znk-web/juminkanja/S2430/initialize?prefCd=32&kikanCd=2325418520&kikanKbn=2", "url2": null, "内容": "特別養護老人ホームもくもく苑医務室【2:診療所】【診療科目:内科】島根県出雲市矢野町８４５" }, "geometry": { "type": "Point", "coordinates": [ 132.735608, 35.383358 ] } },
{ "type": "Feature", "properties": { "ID": 3222325418650, "正式名称": "医療法人みはら眼科皮膚科", "機関区分": 2, "都道府県コード": 32, "市区町村コード": 203, "所在地": "島根県出雲市今市町３１５－１", "緯度": 35.366966, "経度": 132.761788, "url": "https://www.iryou.teikyouseido.mhlw.go.jp/znk-web/juminkanja/S2430/initialize?prefCd=32&kikanCd=2325418650&kikanKbn=2", "url2": null, "内容": "医療法人みはら眼科皮膚科【2:診療所】【診療科目:眼科_皮膚科】島根県出雲市今市町３１５－１" }, "geometry": { "type": "Point", "coordinates": [ 132.761788, 35.366966 ] } },
{ "type": "Feature", "properties": { "ID": 3222325418780, "正式名称": "島根大学出雲保健管理センター", "機関区分": 2, "都道府県コード": 32, "市区町村コード": 203, "所在地": "島根県出雲市塩冶町８９－１", "緯度": 35.372076, "経度": 132.754913, "url": "https://www.iryou.teikyouseido.mhlw.go.jp/znk-web/juminkanja/S2430/initialize?prefCd=32&kikanCd=2325418780&kikanKbn=2", "url2": null, "内容": "島根大学出雲保健管理センター【2:診療所】【診療科目:内科_応急処置のみ】島根県出雲市塩冶町８９－１" }, "geometry": { "type": "Point", "coordinates": [ 132.754913, 35.372076 ] } },
{ "type": "Feature", "properties": { "ID": 3222325418810, "正式名称": "医療法人社団岡倉会高鳥クリニック", "機関区分": 2, "都道府県コード": 32, "市区町村コード": 203, "所在地": "島根県出雲市武志町７３４番地１", "緯度": 35.39058, "経度": 132.778437, "url": "https://www.iryou.teikyouseido.mhlw.go.jp/znk-web/juminkanja/S2430/initialize?prefCd=32&kikanCd=2325418810&kikanKbn=2", "url2": null, "内容": "医療法人社団岡倉会高鳥クリニック【2:診療所】【診療科目:内科_呼吸器内科_消化器内科_整形外科_眼科_リハビリテーション科_放射線治療科_麻酔科】島根県出雲市武志町７３４番地１" }, "geometry": { "type": "Point", "coordinates": [ 132.778437, 35.39058 ] } },
{ "type": "Feature", "properties": { "ID": 3222325418940, "正式名称": "医療法人　山本眼科", "機関区分": 2, "都道府県コード": 32, "市区町村コード": 203, "所在地": "島根県出雲市松寄下町１４７８ー２", "緯度": 35.362183, "経度": 132.71906, "url": "https://www.iryou.teikyouseido.mhlw.go.jp/znk-web/juminkanja/S2430/initialize?prefCd=32&kikanCd=2325418940&kikanKbn=2", "url2": null, "内容": "医療法人　山本眼科【2:診療所】【診療科目:眼科】島根県出雲市松寄下町１４７８ー２" }, "geometry": { "type": "Point", "coordinates": [ 132.71906, 35.362183 ] } },
{ "type": "Feature", "properties": { "ID": 3222325419080, "正式名称": "吉野産婦人科医院", "機関区分": 2, "都道府県コード": 32, "市区町村コード": 203, "所在地": "島根県出雲市斐川町上直江３０９１", "緯度": 35.383085, "経度": 132.808516, "url": "https://www.iryou.teikyouseido.mhlw.go.jp/znk-web/juminkanja/S2430/initialize?prefCd=32&kikanCd=2325419080&kikanKbn=2", "url2": null, "内容": "吉野産婦人科医院【2:診療所】【診療科目:産婦人科】島根県出雲市斐川町上直江３０９１" }, "geometry": { "type": "Point", "coordinates": [ 132.808516, 35.383085 ] } },
{ "type": "Feature", "properties": { "ID": 3222325419370, "正式名称": "医療法人忠恕会　槇野クリニック", "機関区分": 2, "都道府県コード": 32, "市区町村コード": 203, "所在地": "島根県出雲市中野美保北３丁目５－５", "緯度": 35.376611, "経度": 132.76855, "url": "https://www.iryou.teikyouseido.mhlw.go.jp/znk-web/juminkanja/S2430/initialize?prefCd=32&kikanCd=2325419370&kikanKbn=2", "url2": null, "内容": "医療法人忠恕会　槇野クリニック【2:診療所】【診療科目:内科_呼吸器内科_循環器内科_消化器内科_小児科】島根県出雲市中野美保北３丁目５－５" }, "geometry": { "type": "Point", "coordinates": [ 132.76855, 35.376611 ] } },
{ "type": "Feature", "properties": { "ID": 3222325419400, "正式名称": "医療法人秦医院", "機関区分": 2, "都道府県コード": 32, "市区町村コード": 203, "所在地": "島根県出雲市西園町３３１番地１", "緯度": 35.350104, "経度": 132.697099, "url": "https://www.iryou.teikyouseido.mhlw.go.jp/znk-web/juminkanja/S2430/initialize?prefCd=32&kikanCd=2325419400&kikanKbn=2", "url2": null, "内容": "医療法人秦医院【2:診療所】【診療科目:内科_小児科】島根県出雲市西園町３３１番地１" }, "geometry": { "type": "Point", "coordinates": [ 132.697099, 35.350104 ] } },
{ "type": "Feature", "properties": { "ID": 3222325419660, "正式名称": "医療法人平静会仲田医院", "機関区分": 2, "都道府県コード": 32, "市区町村コード": 203, "所在地": "島根県出雲市西平田町１４７", "緯度": 35.431999, "経度": 132.814614, "url": "https://www.iryou.teikyouseido.mhlw.go.jp/znk-web/juminkanja/S2430/initialize?prefCd=32&kikanCd=2325419660&kikanKbn=2", "url2": null, "内容": "医療法人平静会仲田医院【2:診療所】【診療科目:内科_呼吸器内科_循環器内科_消化器内科_小児科】島根県出雲市西平田町１４７" }, "geometry": { "type": "Point", "coordinates": [ 132.814614, 35.431999 ] } },
{ "type": "Feature", "properties": { "ID": 3222325419790, "正式名称": "潮風苑医務室", "機関区分": 2, "都道府県コード": 32, "市区町村コード": 203, "所在地": "島根県出雲市多伎町小田５０番地３特別養護老人ホーム潮風苑", "緯度": 35.28396, "経度": 132.626624, "url": "https://www.iryou.teikyouseido.mhlw.go.jp/znk-web/juminkanja/S2430/initialize?prefCd=32&kikanCd=2325419790&kikanKbn=2", "url2": "https://www.takinosato.jp/", "内容": "潮風苑医務室【2:診療所】【診療科目:内科】島根県出雲市多伎町小田５０番地３特別養護老人ホーム潮風苑" }, "geometry": { "type": "Point", "coordinates": [ 132.626624, 35.28396 ] } },
{ "type": "Feature", "properties": { "ID": 3222325419820, "正式名称": "乙立里家診療所", "機関区分": 2, "都道府県コード": 32, "市区町村コード": 203, "所在地": "島根県出雲市乙立町３１３６番地", "緯度": 35.285297, "経度": 132.725986, "url": "https://www.iryou.teikyouseido.mhlw.go.jp/znk-web/juminkanja/S2430/initialize?prefCd=32&kikanCd=2325419820&kikanKbn=2", "url2": null, "内容": "乙立里家診療所【2:診療所】【診療科目:内科】島根県出雲市乙立町３１３６番地" }, "geometry": { "type": "Point", "coordinates": [ 132.725986, 35.285297 ] } },
{ "type": "Feature", "properties": { "ID": 3222325420190, "正式名称": "すぎうら医院", "機関区分": 2, "都道府県コード": 32, "市区町村コード": 203, "所在地": "島根県出雲市今市町北本町２－８－３", "緯度": 35.369902, "経度": 132.758632, "url": "https://www.iryou.teikyouseido.mhlw.go.jp/znk-web/juminkanja/S2430/initialize?prefCd=32&kikanCd=2325420190&kikanKbn=2", "url2": "http://www.sugiuraiin.jp/", "内容": "すぎうら医院【2:診療所】【診療科目:内科_循環器内科_リウマチ科】島根県出雲市今市町北本町２－８－３" }, "geometry": { "type": "Point", "coordinates": [ 132.758632, 35.369902 ] } },
{ "type": "Feature", "properties": { "ID": 3222325420510, "正式名称": "瀬島医院", "機関区分": 2, "都道府県コード": 32, "市区町村コード": 203, "所在地": "島根県出雲市塩冶有原町２－１", "緯度": 35.362945, "経度": 132.744407, "url": "https://www.iryou.teikyouseido.mhlw.go.jp/znk-web/juminkanja/S2430/initialize?prefCd=32&kikanCd=2325420510&kikanKbn=2", "url2": null, "内容": "瀬島医院【2:診療所】【診療科目:内科_消化器内科_外科_肛門外科】島根県出雲市塩冶有原町２－１" }, "geometry": { "type": "Point", "coordinates": [ 132.744407, 35.362945 ] } },
{ "type": "Feature", "properties": { "ID": 3222325420770, "正式名称": "医療法人　相川耳鼻咽喉科医院", "機関区分": 2, "都道府県コード": 32, "市区町村コード": 203, "所在地": "島根県出雲市小山町２６９－１", "緯度": 35.373931, "経度": 132.743158, "url": "https://www.iryou.teikyouseido.mhlw.go.jp/znk-web/juminkanja/S2430/initialize?prefCd=32&kikanCd=2325420770&kikanKbn=2", "url2": "aikawa-jibika.com", "内容": "医療法人　相川耳鼻咽喉科医院【2:診療所】【診療科目:耳鼻いんこう科】島根県出雲市小山町２６９－１" }, "geometry": { "type": "Point", "coordinates": [ 132.743158, 35.373931 ] } },
{ "type": "Feature", "properties": { "ID": 3222325420800, "正式名称": "医療法人社団自進堂　河原泌尿器科医院", "機関区分": 2, "都道府県コード": 32, "市区町村コード": 203, "所在地": "島根県出雲市西平田町８５番地", "緯度": 35.433062, "経度": 132.815071, "url": "https://www.iryou.teikyouseido.mhlw.go.jp/znk-web/juminkanja/S2430/initialize?prefCd=32&kikanCd=2325420800&kikanKbn=2", "url2": null, "内容": "医療法人社団自進堂　河原泌尿器科医院【2:診療所】【診療科目:内科_人工透析内科_外科_肛門外科_皮膚科_泌尿器科_男性泌尿器科】島根県出雲市西平田町８５番地" }, "geometry": { "type": "Point", "coordinates": [ 132.815071, 35.433062 ] } },
{ "type": "Feature", "properties": { "ID": 3222325421070, "正式名称": "なかじま眼科", "機関区分": 2, "都道府県コード": 32, "市区町村コード": 203, "所在地": "島根県出雲市大津町１７３６－１", "緯度": 35.367967, "経度": 132.775668, "url": "https://www.iryou.teikyouseido.mhlw.go.jp/znk-web/juminkanja/S2430/initialize?prefCd=32&kikanCd=2325421070&kikanKbn=2", "url2": null, "内容": "なかじま眼科【2:診療所】【診療科目:眼科】島根県出雲市大津町１７３６－１" }, "geometry": { "type": "Point", "coordinates": [ 132.775668, 35.367967 ] } },
{ "type": "Feature", "properties": { "ID": 3222325421100, "正式名称": "医療法人美玲会なかたに耳鼻咽喉科医院", "機関区分": 2, "都道府県コード": 32, "市区町村コード": 203, "所在地": "島根県出雲市大島町２１－３－２", "緯度": 35.337078, "経度": 132.703489, "url": "https://www.iryou.teikyouseido.mhlw.go.jp/znk-web/juminkanja/S2430/initialize?prefCd=32&kikanCd=2325421100&kikanKbn=2", "url2": null, "内容": "医療法人美玲会なかたに耳鼻咽喉科医院【2:診療所】【診療科目:小児耳鼻いんこう科_頭頸部・耳鼻いんこう科】島根県出雲市大島町２１－３－２" }, "geometry": { "type": "Point", "coordinates": [ 132.703489, 35.337078 ] } },
{ "type": "Feature", "properties": { "ID": 3222325421490, "正式名称": "深田医院", "機関区分": 2, "都道府県コード": 32, "市区町村コード": 203, "所在地": "島根県出雲市高岡町５３－１", "緯度": 35.378173, "経度": 132.759327, "url": "https://www.iryou.teikyouseido.mhlw.go.jp/znk-web/juminkanja/S2430/initialize?prefCd=32&kikanCd=2325421490&kikanKbn=2", "url2": "https://www.fukada-iin.com/", "内容": "深田医院【2:診療所】【診療科目:内科_神経内科_リハビリテーション科】島根県出雲市高岡町５３－１" }, "geometry": { "type": "Point", "coordinates": [ 132.759327, 35.378173 ] } },
{ "type": "Feature", "properties": { "ID": 3222325421520, "正式名称": "医療法人社団　芦沢医院", "機関区分": 2, "都道府県コード": 32, "市区町村コード": 203, "所在地": "島根県出雲市塩冶町８５２", "緯度": 35.353161, "経度": 132.750653, "url": "https://www.iryou.teikyouseido.mhlw.go.jp/znk-web/juminkanja/S2430/initialize?prefCd=32&kikanCd=2325421520&kikanKbn=2", "url2": null, "内容": "医療法人社団　芦沢医院【2:診療所】【診療科目:内科_小児科】島根県出雲市塩冶町８５２" }, "geometry": { "type": "Point", "coordinates": [ 132.750653, 35.353161 ] } },
{ "type": "Feature", "properties": { "ID": 3222325421810, "正式名称": "ふじのクリニック", "機関区分": 2, "都道府県コード": 32, "市区町村コード": 203, "所在地": "島根県出雲市今市町北本町２丁目３－５", "緯度": 35.369514, "経度": 132.75715, "url": "https://www.iryou.teikyouseido.mhlw.go.jp/znk-web/juminkanja/S2430/initialize?prefCd=32&kikanCd=2325421810&kikanKbn=2", "url2": null, "内容": "ふじのクリニック【2:診療所】【診療科目:耳鼻いんこう科_アレルギー科】島根県出雲市今市町北本町２丁目３－５" }, "geometry": { "type": "Point", "coordinates": [ 132.75715, 35.369514 ] } },
{ "type": "Feature", "properties": { "ID": 3222325422080, "正式名称": "大國眼科", "機関区分": 2, "都道府県コード": 32, "市区町村コード": 203, "所在地": "島根県出雲市大社町中荒木３２０－７大國眼科", "緯度": 35.380372, "経度": 132.698183, "url": "https://www.iryou.teikyouseido.mhlw.go.jp/znk-web/juminkanja/S2430/initialize?prefCd=32&kikanCd=2325422080&kikanKbn=2", "url2": null, "内容": "大國眼科【2:診療所】【診療科目:眼科】島根県出雲市大社町中荒木３２０－７大國眼科" }, "geometry": { "type": "Point", "coordinates": [ 132.698183, 35.380372 ] } },
{ "type": "Feature", "properties": { "ID": 3222325422110, "正式名称": "特別養護老人ホーム万田の郷診療所", "機関区分": 2, "都道府県コード": 32, "市区町村コード": 203, "所在地": "島根県出雲市万田町６９２－２", "緯度": 35.443678, "経度": 132.784133, "url": "https://www.iryou.teikyouseido.mhlw.go.jp/znk-web/juminkanja/S2430/initialize?prefCd=32&kikanCd=2325422110&kikanKbn=2", "url2": null, "内容": "特別養護老人ホーム万田の郷診療所【2:診療所】【診療科目:内科】島根県出雲市万田町６９２－２" }, "geometry": { "type": "Point", "coordinates": [ 132.784133, 35.443678 ] } },
{ "type": "Feature", "properties": { "ID": 3222325422950, "正式名称": "医療法人千登会　今岡皮膚科クリニック", "機関区分": 2, "都道府県コード": 32, "市区町村コード": 203, "所在地": "島根県出雲市知井宮町１３７９－６", "緯度": 35.330886, "経度": 132.71355, "url": "https://www.iryou.teikyouseido.mhlw.go.jp/znk-web/juminkanja/S2430/initialize?prefCd=32&kikanCd=2325422950&kikanKbn=2", "url2": null, "内容": "医療法人千登会　今岡皮膚科クリニック【2:診療所】【診療科目:内科_皮膚科】島根県出雲市知井宮町１３７９－６" }, "geometry": { "type": "Point", "coordinates": [ 132.71355, 35.330886 ] } },
{ "type": "Feature", "properties": { "ID": 3222325423090, "正式名称": "斐川中央クリニック", "機関区分": 2, "都道府県コード": 32, "市区町村コード": 203, "所在地": "島根県出雲市斐川町上直江１４２１－１７", "緯度": 35.386769, "経度": 132.807716, "url": "https://www.iryou.teikyouseido.mhlw.go.jp/znk-web/juminkanja/S2430/initialize?prefCd=32&kikanCd=2325423090&kikanKbn=2", "url2": "hikawachuo.sakura.ne.jp", "内容": "斐川中央クリニック【2:診療所】【診療科目:脳神経内科_漢方内科_アレルギー疾患内科】島根県出雲市斐川町上直江１４２１－１７" }, "geometry": { "type": "Point", "coordinates": [ 132.807716, 35.386769 ] } },
{ "type": "Feature", "properties": { "ID": 3222325423120, "正式名称": "ひかわ福祉の里診療所", "機関区分": 2, "都道府県コード": 32, "市区町村コード": 203, "所在地": "島根県出雲市斐川町上直江１８２９番地１なのはな園", "緯度": 35.38588, "経度": 132.80795, "url": "https://www.iryou.teikyouseido.mhlw.go.jp/znk-web/juminkanja/S2430/initialize?prefCd=32&kikanCd=2325423120&kikanKbn=2", "url2": null, "内容": "ひかわ福祉の里診療所【2:診療所】【診療科目:内科】島根県出雲市斐川町上直江１８２９番地１なのはな園" }, "geometry": { "type": "Point", "coordinates": [ 132.80795, 35.38588 ] } },
{ "type": "Feature", "properties": { "ID": 3222325423380, "正式名称": "医療法人打田耳鼻咽喉科医院", "機関区分": 2, "都道府県コード": 32, "市区町村コード": 203, "所在地": "島根県出雲市塩冶神前５－２－１８", "緯度": 35.347581, "経度": 132.75909, "url": "https://www.iryou.teikyouseido.mhlw.go.jp/znk-web/juminkanja/S2430/initialize?prefCd=32&kikanCd=2325423380&kikanKbn=2", "url2": null, "内容": "医療法人打田耳鼻咽喉科医院【2:診療所】【診療科目:耳鼻いんこう科】島根県出雲市塩冶神前５－２－１８" }, "geometry": { "type": "Point", "coordinates": [ 132.75909, 35.347581 ] } },
{ "type": "Feature", "properties": { "ID": 3222325423410, "正式名称": "医療法人　嘉村医院", "機関区分": 2, "都道府県コード": 32, "市区町村コード": 203, "所在地": "島根県出雲市上島町１０２５番地", "緯度": 35.335644, "経度": 132.836381, "url": "https://www.iryou.teikyouseido.mhlw.go.jp/znk-web/juminkanja/S2430/initialize?prefCd=32&kikanCd=2325423410&kikanKbn=2", "url2": null, "内容": "医療法人　嘉村医院【2:診療所】【診療科目:内科_糖尿病内科_消化器内科_リウマチ科】島根県出雲市上島町１０２５番地" }, "geometry": { "type": "Point", "coordinates": [ 132.836381, 35.335644 ] } },
{ "type": "Feature", "properties": { "ID": 3222325423670, "正式名称": "医療法人　久村診療所", "機関区分": 2, "都道府県コード": 32, "市区町村コード": 203, "所在地": "島根県出雲市多伎町小田４５－１", "緯度": 35.284067, "経度": 132.627367, "url": "https://www.iryou.teikyouseido.mhlw.go.jp/znk-web/juminkanja/S2430/initialize?prefCd=32&kikanCd=2325423670&kikanKbn=2", "url2": null, "内容": "医療法人　久村診療所【2:診療所】【診療科目:内科_消化器内科_外科】島根県出雲市多伎町小田４５－１" }, "geometry": { "type": "Point", "coordinates": [ 132.627367, 35.284067 ] } },
{ "type": "Feature", "properties": { "ID": 3222325423830, "正式名称": "医療法人江田クリニック　江田クリニック産婦人科", "機関区分": 2, "都道府県コード": 32, "市区町村コード": 203, "所在地": "島根県出雲市大津町２６０", "緯度": 35.376638, "経度": 132.776473, "url": "https://www.iryou.teikyouseido.mhlw.go.jp/znk-web/juminkanja/S2430/initialize?prefCd=32&kikanCd=2325423830&kikanKbn=2", "url2": "https://obgyn.edaclinic.jp", "内容": "医療法人江田クリニック　江田クリニック産婦人科【2:診療所】【診療科目:産婦人科】島根県出雲市大津町２６０" }, "geometry": { "type": "Point", "coordinates": [ 132.776473, 35.376638 ] } },
{ "type": "Feature", "properties": { "ID": 3222325423960, "正式名称": "医療法人　清風会　小野医院", "機関区分": 2, "都道府県コード": 32, "市区町村コード": 203, "所在地": "島根県出雲市大社町中荒木１７４５－２", "緯度": 35.379213, "経度": 132.687401, "url": "https://www.iryou.teikyouseido.mhlw.go.jp/znk-web/juminkanja/S2430/initialize?prefCd=32&kikanCd=2325423960&kikanKbn=2", "url2": null, "内容": "医療法人　清風会　小野医院【2:診療所】【診療科目:内科_外科】島根県出雲市大社町中荒木１７４５－２" }, "geometry": { "type": "Point", "coordinates": [ 132.687401, 35.379213 ] } },
{ "type": "Feature", "properties": { "ID": 3222325424260, "正式名称": "特別養護老人ホーム湖水苑", "機関区分": 2, "都道府県コード": 32, "市区町村コード": 203, "所在地": "島根県出雲市湖陵町差海３１８－１特別養護老人ホーム湖水苑", "緯度": 35.3276321, "経度": 132.6759728, "url": "https://www.iryou.teikyouseido.mhlw.go.jp/znk-web/juminkanja/S2430/initialize?prefCd=32&kikanCd=2325424260&kikanKbn=2", "url2": null, "内容": "特別養護老人ホーム湖水苑【2:診療所】【診療科目:内科】島根県出雲市湖陵町差海３１８－１特別養護老人ホーム湖水苑" }, "geometry": { "type": "Point", "coordinates": [ 132.675972800000011, 35.3276321 ] } },
{ "type": "Feature", "properties": { "ID": 3222325424390, "正式名称": "医療法人しぶや眼科", "機関区分": 2, "都道府県コード": 32, "市区町村コード": 203, "所在地": "島根県出雲市斐川町直江４４８７", "緯度": 35.390572, "経度": 132.814531, "url": "https://www.iryou.teikyouseido.mhlw.go.jp/znk-web/juminkanja/S2430/initialize?prefCd=32&kikanCd=2325424390&kikanKbn=2", "url2": null, "内容": "医療法人しぶや眼科【2:診療所】【診療科目:眼科】島根県出雲市斐川町直江４４８７" }, "geometry": { "type": "Point", "coordinates": [ 132.814531, 35.390572 ] } },
{ "type": "Feature", "properties": { "ID": 3222325424550, "正式名称": "原医院", "機関区分": 2, "都道府県コード": 32, "市区町村コード": 203, "所在地": "島根県出雲市湖陵町差海１０９７", "緯度": 35.331803, "経度": 132.665711, "url": "https://www.iryou.teikyouseido.mhlw.go.jp/znk-web/juminkanja/S2430/initialize?prefCd=32&kikanCd=2325424550&kikanKbn=2", "url2": null, "内容": "原医院【2:診療所】【診療科目:内科】島根県出雲市湖陵町差海１０９７" }, "geometry": { "type": "Point", "coordinates": [ 132.665711, 35.331803 ] } },
{ "type": "Feature", "properties": { "ID": 3222325424710, "正式名称": "医療法人社団岡倉会しまね総合健診クリニック", "機関区分": 2, "都道府県コード": 32, "市区町村コード": 203, "所在地": "島根県出雲市武志町７５１－１", "緯度": 35.372076, "経度": 132.754913, "url": "https://www.iryou.teikyouseido.mhlw.go.jp/znk-web/juminkanja/S2430/initialize?prefCd=32&kikanCd=2325424710&kikanKbn=2", "url2": null, "内容": "医療法人社団岡倉会しまね総合健診クリニック【2:診療所】【診療科目:健診】島根県出雲市武志町７５１－１" }, "geometry": { "type": "Point", "coordinates": [ 132.754913, 35.372076 ] } },
{ "type": "Feature", "properties": { "ID": 3222325425140, "正式名称": "医療法人　新誠会　きさ内科皮フ科クリニック", "機関区分": 2, "都道府県コード": 32, "市区町村コード": 203, "所在地": "島根県出雲市平田町７６０６", "緯度": 35.440803, "経度": 132.83065, "url": "https://www.iryou.teikyouseido.mhlw.go.jp/znk-web/juminkanja/S2430/initialize?prefCd=32&kikanCd=2325425140&kikanKbn=2", "url2": null, "内容": "医療法人　新誠会　きさ内科皮フ科クリニック【2:診療所】【診療科目:内科_皮膚科】島根県出雲市平田町７６０６" }, "geometry": { "type": "Point", "coordinates": [ 132.83065, 35.440803 ] } },
{ "type": "Feature", "properties": { "ID": 3222325425430, "正式名称": "かとう耳鼻咽喉科医院", "機関区分": 2, "都道府県コード": 32, "市区町村コード": 203, "所在地": "島根県出雲市大社町北荒木８５２－１", "緯度": 35.3819, "経度": 132.694739, "url": "https://www.iryou.teikyouseido.mhlw.go.jp/znk-web/juminkanja/S2430/initialize?prefCd=32&kikanCd=2325425430&kikanKbn=2", "url2": null, "内容": "かとう耳鼻咽喉科医院【2:診療所】【診療科目:頭頸部・耳鼻いんこう科】島根県出雲市大社町北荒木８５２－１" }, "geometry": { "type": "Point", "coordinates": [ 132.694739, 35.3819 ] } },
{ "type": "Feature", "properties": { "ID": 3222325425690, "正式名称": "本田医院", "機関区分": 2, "都道府県コード": 32, "市区町村コード": 203, "所在地": "島根県出雲市湖陵町二部１８０２ー１", "緯度": 35.318085, "経度": 132.672657, "url": "https://www.iryou.teikyouseido.mhlw.go.jp/znk-web/juminkanja/S2430/initialize?prefCd=32&kikanCd=2325425690&kikanKbn=2", "url2": null, "内容": "本田医院【2:診療所】【診療科目:内科_呼吸器内科_循環器内科_アレルギー疾患内科】島根県出雲市湖陵町二部１８０２ー１" }, "geometry": { "type": "Point", "coordinates": [ 132.672657, 35.318085 ] } },
{ "type": "Feature", "properties": { "ID": 3222325425720, "正式名称": "医療法人社団　爽治会　出雲医院", "機関区分": 2, "都道府県コード": 32, "市区町村コード": 203, "所在地": "島根県出雲市駅北町５番地１", "緯度": 35.361532, "経度": 132.759651, "url": "https://www.iryou.teikyouseido.mhlw.go.jp/znk-web/juminkanja/S2430/initialize?prefCd=32&kikanCd=2325425720&kikanKbn=2", "url2": "htts://soujikai.jp", "内容": "医療法人社団　爽治会　出雲医院【2:診療所】【診療科目:漢方内科_アレルギー科】島根県出雲市駅北町５番地１" }, "geometry": { "type": "Point", "coordinates": [ 132.759651, 35.361532 ] } },
{ "type": "Feature", "properties": { "ID": 3222325426020, "正式名称": "医療法人わたなべこどもレディースクリニック", "機関区分": 2, "都道府県コード": 32, "市区町村コード": 203, "所在地": "島根県出雲市武志町８３６番地３", "緯度": 35.390456, "経度": 132.771231, "url": "https://www.iryou.teikyouseido.mhlw.go.jp/znk-web/juminkanja/S2430/initialize?prefCd=32&kikanCd=2325426020&kikanKbn=2", "url2": "http://www.watanabe-clinic.info/", "内容": "医療法人わたなべこどもレディースクリニック【2:診療所】【診療科目:小児科_婦人科】島根県出雲市武志町８３６番地３" }, "geometry": { "type": "Point", "coordinates": [ 132.771231, 35.390456 ] } },
{ "type": "Feature", "properties": { "ID": 3222325427160, "正式名称": "医療法人同仁会あさひクリニック", "機関区分": 2, "都道府県コード": 32, "市区町村コード": 203, "所在地": "島根県出雲市塩冶町９５０－２", "緯度": 35.372244, "経度": 132.757464, "url": "https://www.iryou.teikyouseido.mhlw.go.jp/znk-web/juminkanja/S2430/initialize?prefCd=32&kikanCd=2325427160&kikanKbn=2", "url2": "https://www.doujinkai-asahi.jp", "内容": "医療法人同仁会あさひクリニック【2:診療所】【診療科目:精神科_心療内科】島根県出雲市塩冶町９５０－２" }, "geometry": { "type": "Point", "coordinates": [ 132.757464, 35.372244 ] } },
{ "type": "Feature", "properties": { "ID": 3222325427320, "正式名称": "日御碕診療所", "機関区分": 2, "都道府県コード": 32, "市区町村コード": 203, "所在地": "島根県出雲市大社町宇龍３３８番地３", "緯度": 35.429156, "経度": 132.636072, "url": "https://www.iryou.teikyouseido.mhlw.go.jp/znk-web/juminkanja/S2430/initialize?prefCd=32&kikanCd=2325427320&kikanKbn=2", "url2": null, "内容": "日御碕診療所【2:診療所】【診療科目:内科】島根県出雲市大社町宇龍３３８番地３" }, "geometry": { "type": "Point", "coordinates": [ 132.636072, 35.429156 ] } },
{ "type": "Feature", "properties": { "ID": 3222325427450, "正式名称": "鷺浦診療所", "機関区分": 2, "都道府県コード": 32, "市区町村コード": 203, "所在地": "島根県出雲市大社町鷺浦１０４番地", "緯度": 35.439708, "経度": 132.686811, "url": "https://www.iryou.teikyouseido.mhlw.go.jp/znk-web/juminkanja/S2430/initialize?prefCd=32&kikanCd=2325427450&kikanKbn=2", "url2": null, "内容": "鷺浦診療所【2:診療所】【診療科目:内科】島根県出雲市大社町鷺浦１０４番地" }, "geometry": { "type": "Point", "coordinates": [ 132.686811, 35.439708 ] } },
{ "type": "Feature", "properties": { "ID": 3222325427580, "正式名称": "橋波診療所", "機関区分": 2, "都道府県コード": 32, "市区町村コード": 203, "所在地": "島根県出雲市佐田町下橋波３１番地", "緯度": 35.191208, "経度": 132.675508, "url": "https://www.iryou.teikyouseido.mhlw.go.jp/znk-web/juminkanja/S2430/initialize?prefCd=32&kikanCd=2325427580&kikanKbn=2", "url2": null, "内容": "橋波診療所【2:診療所】【診療科目:内科】島根県出雲市佐田町下橋波３１番地" }, "geometry": { "type": "Point", "coordinates": [ 132.675508, 35.191208 ] } },
{ "type": "Feature", "properties": { "ID": 3222325427610, "正式名称": "出雲休日・夜間診療所", "機関区分": 2, "都道府県コード": 32, "市区町村コード": 203, "所在地": "島根県出雲市塩冶善行町１番地", "緯度": 35.360791, "経度": 132.752143, "url": "https://www.iryou.teikyouseido.mhlw.go.jp/znk-web/juminkanja/S2430/initialize?prefCd=32&kikanCd=2325427610&kikanKbn=2", "url2": "https://www.city.izumo.shimane.jp/www/contents/1540192753804/index.html", "内容": "出雲休日・夜間診療所【2:診療所】【診療科目:内科_小児科】島根県出雲市塩冶善行町１番地" }, "geometry": { "type": "Point", "coordinates": [ 132.752143, 35.360791 ] } },
{ "type": "Feature", "properties": { "ID": 3222325428040, "正式名称": "いまむら耳鼻咽喉科医院", "機関区分": 2, "都道府県コード": 32, "市区町村コード": 203, "所在地": "島根県出雲市国富町８３３－１０", "緯度": 35.426483, "経度": 132.808475, "url": "https://www.iryou.teikyouseido.mhlw.go.jp/znk-web/juminkanja/S2430/initialize?prefCd=32&kikanCd=2325428040&kikanKbn=2", "url2": "imamura-jibika.jp", "内容": "いまむら耳鼻咽喉科医院【2:診療所】【診療科目:耳鼻いんこう科_アレルギー科】島根県出雲市国富町８３３－１０" }, "geometry": { "type": "Point", "coordinates": [ 132.808475, 35.426483 ] } },
{ "type": "Feature", "properties": { "ID": 3222325428170, "正式名称": "特別養護老人ホームみせんの里　医務室", "機関区分": 2, "都道府県コード": 32, "市区町村コード": 203, "所在地": "島根県出雲市大社町遙堪６５番地２特別養護老人ホームみせんの里", "緯度": 35.3939186, "経度": 132.718385, "url": "https://www.iryou.teikyouseido.mhlw.go.jp/znk-web/juminkanja/S2430/initialize?prefCd=32&kikanCd=2325428170&kikanKbn=2", "url2": null, "内容": "特別養護老人ホームみせんの里　医務室【2:診療所】【診療科目:内科】島根県出雲市大社町遙堪６５番地２特別養護老人ホームみせんの里" }, "geometry": { "type": "Point", "coordinates": [ 132.718385, 35.3939186 ] } },
{ "type": "Feature", "properties": { "ID": 3222325428200, "正式名称": "そうみやクリニック", "機関区分": 2, "都道府県コード": 32, "市区町村コード": 203, "所在地": "島根県出雲市渡橋町７３０－１", "緯度": 35.372076, "経度": 132.754913, "url": "https://www.iryou.teikyouseido.mhlw.go.jp/znk-web/juminkanja/S2430/initialize?prefCd=32&kikanCd=2325428200&kikanKbn=2", "url2": "http://www.sohmiya-clinic.com", "内容": "そうみやクリニック【2:診療所】【診療科目:内科_糖尿病内科_内分泌内科】島根県出雲市渡橋町７３０－１" }, "geometry": { "type": "Point", "coordinates": [ 132.754913, 35.372076 ] } },
{ "type": "Feature", "properties": { "ID": 3222325428330, "正式名称": "きむらこどもファミリークリニック", "機関区分": 2, "都道府県コード": 32, "市区町村コード": 203, "所在地": "島根県出雲市西新町１丁目２５４８－９", "緯度": 35.333508, "経度": 132.722114, "url": "https://www.iryou.teikyouseido.mhlw.go.jp/znk-web/juminkanja/S2430/initialize?prefCd=32&kikanCd=2325428330&kikanKbn=2", "url2": null, "内容": "きむらこどもファミリークリニック【2:診療所】【診療科目:内科_小児科】島根県出雲市西新町１丁目２５４８－９" }, "geometry": { "type": "Point", "coordinates": [ 132.722114, 35.333508 ] } },
{ "type": "Feature", "properties": { "ID": 3222325428460, "正式名称": "ますだ眼科クリニック", "機関区分": 2, "都道府県コード": 32, "市区町村コード": 203, "所在地": "島根県出雲市塩冶神前４－６－４", "緯度": 35.350894, "経度": 132.757556, "url": "https://www.iryou.teikyouseido.mhlw.go.jp/znk-web/juminkanja/S2430/initialize?prefCd=32&kikanCd=2325428460&kikanKbn=2", "url2": null, "内容": "ますだ眼科クリニック【2:診療所】【診療科目:眼科】島根県出雲市塩冶神前４－６－４" }, "geometry": { "type": "Point", "coordinates": [ 132.757556, 35.350894 ] } },
{ "type": "Feature", "properties": { "ID": 3222325428590, "正式名称": "にしこおり耳鼻咽喉科クリニック", "機関区分": 2, "都道府県コード": 32, "市区町村コード": 203, "所在地": "島根県出雲市大津新崎町２丁目２３", "緯度": 35.369095, "経度": 132.767128, "url": "https://www.iryou.teikyouseido.mhlw.go.jp/znk-web/juminkanja/S2430/initialize?prefCd=32&kikanCd=2325428590&kikanKbn=2", "url2": "https://ssc10.doctorqube.com/nishikori-jibika/", "内容": "にしこおり耳鼻咽喉科クリニック【2:診療所】【診療科目:頭頸部・耳鼻いんこう科】島根県出雲市大津新崎町２丁目２３" }, "geometry": { "type": "Point", "coordinates": [ 132.767128, 35.369095 ] } },
{ "type": "Feature", "properties": { "ID": 3222325428620, "正式名称": "医療法人かんど会　クリニックかんど", "機関区分": 2, "都道府県コード": 32, "市区町村コード": 203, "所在地": "島根県出雲市西新町２丁目２４５７番地７", "緯度": 35.332536, "経度": 132.725333, "url": "https://www.iryou.teikyouseido.mhlw.go.jp/znk-web/juminkanja/S2430/initialize?prefCd=32&kikanCd=2325428620&kikanKbn=2", "url2": null, "内容": "医療法人かんど会　クリニックかんど【2:診療所】【診療科目:内科】島根県出雲市西新町２丁目２４５７番地７" }, "geometry": { "type": "Point", "coordinates": [ 132.725333, 35.332536 ] } },
{ "type": "Feature", "properties": { "ID": 3222325429210, "正式名称": "特別養護老人ホームかんべの里医務室", "機関区分": 2, "都道府県コード": 32, "市区町村コード": 203, "所在地": "島根県出雲市斐川町名島９３番地２特別養護老人ホームかんべの里", "緯度": 35.3771488, "経度": 132.7850746, "url": "https://www.iryou.teikyouseido.mhlw.go.jp/znk-web/juminkanja/S2430/initialize?prefCd=32&kikanCd=2325429210&kikanKbn=2", "url2": null, "内容": "特別養護老人ホームかんべの里医務室【2:診療所】【診療科目:内科】島根県出雲市斐川町名島９３番地２特別養護老人ホームかんべの里" }, "geometry": { "type": "Point", "coordinates": [ 132.7850746, 35.3771488 ] } },
{ "type": "Feature", "properties": { "ID": 3222325429340, "正式名称": "塩津診療所", "機関区分": 2, "都道府県コード": 32, "市区町村コード": 203, "所在地": "島根県出雲市塩津町７８番地３", "緯度": 35.479519, "経度": 132.791342, "url": "https://www.iryou.teikyouseido.mhlw.go.jp/znk-web/juminkanja/S2430/initialize?prefCd=32&kikanCd=2325429340&kikanKbn=2", "url2": null, "内容": "塩津診療所【2:診療所】【診療科目:内科】島根県出雲市塩津町７８番地３" }, "geometry": { "type": "Point", "coordinates": [ 132.791342, 35.479519 ] } },
{ "type": "Feature", "properties": { "ID": 3222325429470, "正式名称": "はしもと内科クリニック", "機関区分": 2, "都道府県コード": 32, "市区町村コード": 203, "所在地": "島根県出雲市今市町藤ヶ森２０７４", "緯度": 35.36272, "経度": 132.75632, "url": "https://www.iryou.teikyouseido.mhlw.go.jp/znk-web/juminkanja/S2430/initialize?prefCd=32&kikanCd=2325429470&kikanKbn=2", "url2": "https://www.izumo-hashimoto-clinic.jp/", "内容": "はしもと内科クリニック【2:診療所】【診療科目:内科_消化器内科】島根県出雲市今市町藤ヶ森２０７４" }, "geometry": { "type": "Point", "coordinates": [ 132.75632, 35.36272 ] } },
{ "type": "Feature", "properties": { "ID": 3222325429760, "正式名称": "特別養護老人ホームやまゆり苑診療所", "機関区分": 2, "都道府県コード": 32, "市区町村コード": 203, "所在地": "島根県出雲市佐田町一窪田１９６１－５", "緯度": 35.233861, "経度": 132.671503, "url": "https://www.iryou.teikyouseido.mhlw.go.jp/znk-web/juminkanja/S2430/initialize?prefCd=32&kikanCd=2325429760&kikanKbn=2", "url2": null, "内容": "特別養護老人ホームやまゆり苑診療所【2:診療所】【診療科目:内科】島根県出雲市佐田町一窪田１９６１－５" }, "geometry": { "type": "Point", "coordinates": [ 132.671503, 35.233861 ] } },
{ "type": "Feature", "properties": { "ID": 3222325430610, "正式名称": "佐田診療所", "機関区分": 2, "都道府県コード": 32, "市区町村コード": 203, "所在地": "島根県出雲市佐田町反辺１３７０－９", "緯度": 35.24667, "経度": 132.721947, "url": "https://www.iryou.teikyouseido.mhlw.go.jp/znk-web/juminkanja/S2430/initialize?prefCd=32&kikanCd=2325430610&kikanKbn=2", "url2": "https://www.sada-sinryousho.com", "内容": "佐田診療所【2:診療所】【診療科目:内科_神経内科_老年内科_小児科】島根県出雲市佐田町反辺１３７０－９" }, "geometry": { "type": "Point", "coordinates": [ 132.721947, 35.24667 ] } },
{ "type": "Feature", "properties": { "ID": 3222325431460, "正式名称": "はら呼吸器内科クリニック", "機関区分": 2, "都道府県コード": 32, "市区町村コード": 203, "所在地": "島根県出雲市姫原三丁目５−７", "緯度": 35.37258, "経度": 132.759556, "url": "https://www.iryou.teikyouseido.mhlw.go.jp/znk-web/juminkanja/S2430/initialize?prefCd=32&kikanCd=2325431460&kikanKbn=2", "url2": "https://hara-clinique.com", "内容": "はら呼吸器内科クリニック【2:診療所】【診療科目:内科_呼吸器内科】島根県出雲市姫原三丁目５−７" }, "geometry": { "type": "Point", "coordinates": [ 132.759556, 35.37258 ] } },
{ "type": "Feature", "properties": { "ID": 3222325431590, "正式名称": "つむらファミリークリニック　くみ小児科", "機関区分": 2, "都道府県コード": 32, "市区町村コード": 203, "所在地": "島根県出雲市渡橋町８５８－１", "緯度": 35.36748, "経度": 132.742982, "url": "https://www.iryou.teikyouseido.mhlw.go.jp/znk-web/juminkanja/S2430/initialize?prefCd=32&kikanCd=2325431590&kikanKbn=2", "url2": "https://www.tsumura-kumishounika.com/", "内容": "つむらファミリークリニック　くみ小児科【2:診療所】【診療科目:内科_小児科】島根県出雲市渡橋町８５８－１" }, "geometry": { "type": "Point", "coordinates": [ 132.742982, 35.36748 ] } },
{ "type": "Feature", "properties": { "ID": 3222325431620, "正式名称": "医療法人　姫野クリニック", "機関区分": 2, "都道府県コード": 32, "市区町村コード": 203, "所在地": "島根県出雲市塩冶町１０６９", "緯度": 35.355967, "経度": 132.756848, "url": "https://www.iryou.teikyouseido.mhlw.go.jp/znk-web/juminkanja/S2430/initialize?prefCd=32&kikanCd=2325431620&kikanKbn=2", "url2": "https://www.himenocl.com", "内容": "医療法人　姫野クリニック【2:診療所】【診療科目:内科_泌尿器科】島根県出雲市塩冶町１０６９" }, "geometry": { "type": "Point", "coordinates": [ 132.756848, 35.355967 ] } },
{ "type": "Feature", "properties": { "ID": 3222325431910, "正式名称": "えだクリニック整形外科リハビリテーション科", "機関区分": 2, "都道府県コード": 32, "市区町村コード": 203, "所在地": "島根県出雲市今市町藤ケ森２０７４", "緯度": 35.36272, "経度": 132.75632, "url": "https://www.iryou.teikyouseido.mhlw.go.jp/znk-web/juminkanja/S2430/initialize?prefCd=32&kikanCd=2325431910&kikanKbn=2", "url2": "https://izumo.edaclinic.jp/", "内容": "えだクリニック整形外科リハビリテーション科【2:診療所】【診療科目:漢方内科_整形外科_リハビリテーション科_放射線科】島根県出雲市今市町藤ケ森２０７４" }, "geometry": { "type": "Point", "coordinates": [ 132.75632, 35.36272 ] } },
{ "type": "Feature", "properties": { "ID": 3222325432340, "正式名称": "医療法人　晴善会　角医院", "機関区分": 2, "都道府県コード": 32, "市区町村コード": 203, "所在地": "島根県出雲市渡橋町９２０－１", "緯度": 35.370712, "経度": 132.740669, "url": "https://www.iryou.teikyouseido.mhlw.go.jp/znk-web/juminkanja/S2430/initialize?prefCd=32&kikanCd=2325432340&kikanKbn=2", "url2": null, "内容": "医療法人　晴善会　角医院【2:診療所】【診療科目:内科_外科_ペインクリニック外科_泌尿器科_リハビリテーション科】島根県出雲市渡橋町９２０－１" }, "geometry": { "type": "Point", "coordinates": [ 132.740669, 35.370712 ] } },
{ "type": "Feature", "properties": { "ID": 3222325432470, "正式名称": "医療法人つたや会　在宅診療所いずも", "機関区分": 2, "都道府県コード": 32, "市区町村コード": 203, "所在地": "島根県出雲市下古志町７１３－１", "緯度": 35.339639, "経度": 132.736489, "url": "https://www.iryou.teikyouseido.mhlw.go.jp/znk-web/juminkanja/S2430/initialize?prefCd=32&kikanCd=2325432470&kikanKbn=2", "url2": null, "内容": "医療法人つたや会　在宅診療所いずも【2:診療所】【診療科目:内科_麻酔科】島根県出雲市下古志町７１３－１" }, "geometry": { "type": "Point", "coordinates": [ 132.736489, 35.339639 ] } },
{ "type": "Feature", "properties": { "ID": 3222325432630, "正式名称": "医療法人社団秀医会　佐藤内科クリニック", "機関区分": 2, "都道府県コード": 32, "市区町村コード": 203, "所在地": "島根県出雲市古志町１１０７－１", "緯度": 35.372076, "経度": 132.754913, "url": "https://www.iryou.teikyouseido.mhlw.go.jp/znk-web/juminkanja/S2430/initialize?prefCd=32&kikanCd=2325432630&kikanKbn=2", "url2": null, "内容": "医療法人社団秀医会　佐藤内科クリニック【2:診療所】【診療科目:内科_糖尿病内科_呼吸器内科_循環器内科】島根県出雲市古志町１１０７－１" }, "geometry": { "type": "Point", "coordinates": [ 132.754913, 35.372076 ] } },
{ "type": "Feature", "properties": { "ID": 3222325432760, "正式名称": "島根県出雲保健所", "機関区分": 2, "都道府県コード": 32, "市区町村コード": 203, "所在地": "島根県出雲市塩冶町２２３－１", "緯度": 35.34626, "経度": 132.750856, "url": "https://www.iryou.teikyouseido.mhlw.go.jp/znk-web/juminkanja/S2430/initialize?prefCd=32&kikanCd=2325432760&kikanKbn=2", "url2": "https://www.pref.shimane.lg.jp/izumo_hoken/", "内容": "島根県出雲保健所【2:診療所】【診療科目:内科】島根県出雲市塩冶町２２３－１" }, "geometry": { "type": "Point", "coordinates": [ 132.750856, 35.34626 ] } },
{ "type": "Feature", "properties": { "ID": 3222325432890, "正式名称": "特別養護老人ホームかんどの里医務室", "機関区分": 2, "都道府県コード": 32, "市区町村コード": 203, "所在地": "島根県出雲市神門町１４－１", "緯度": 35.372076, "経度": 132.754913, "url": "https://www.iryou.teikyouseido.mhlw.go.jp/znk-web/juminkanja/S2430/initialize?prefCd=32&kikanCd=2325432890&kikanKbn=2", "url2": null, "内容": "特別養護老人ホームかんどの里医務室【2:診療所】【診療科目:内科】島根県出雲市神門町１４－１" }, "geometry": { "type": "Point", "coordinates": [ 132.754913, 35.372076 ] } },
{ "type": "Feature", "properties": { "ID": 3222325433060, "正式名称": "三木整形外科ペインクリニック", "機関区分": 2, "都道府県コード": 32, "市区町村コード": 203, "所在地": "島根県出雲市斐川町併川７０６番地", "緯度": 35.371792, "経度": 132.789856, "url": "https://www.iryou.teikyouseido.mhlw.go.jp/znk-web/juminkanja/S2430/initialize?prefCd=32&kikanCd=2325433060&kikanKbn=2", "url2": null, "内容": "三木整形外科ペインクリニック【2:診療所】【診療科目:内科_外科_整形外科_リウマチ科_リハビリテーション科_麻酔科】島根県出雲市斐川町併川７０６番地" }, "geometry": { "type": "Point", "coordinates": [ 132.789856, 35.371792 ] } },
{ "type": "Feature", "properties": { "ID": 3222325433190, "正式名称": "おおつ内科クリニック", "機関区分": 2, "都道府県コード": 32, "市区町村コード": 203, "所在地": "島根県出雲市大津町１７０８－９", "緯度": 35.367319, "経度": 132.777667, "url": "https://www.iryou.teikyouseido.mhlw.go.jp/znk-web/juminkanja/S2430/initialize?prefCd=32&kikanCd=2325433190&kikanKbn=2", "url2": null, "内容": "おおつ内科クリニック【2:診療所】【診療科目:内科_消化器内科】島根県出雲市大津町１７０８－９" }, "geometry": { "type": "Point", "coordinates": [ 132.777667, 35.367319 ] } },
{ "type": "Feature", "properties": { "ID": 3222325433220, "正式名称": "まつざきクリニック", "機関区分": 2, "都道府県コード": 32, "市区町村コード": 203, "所在地": "島根県出雲市姫原４－１０－２", "緯度": 35.376856, "経度": 132.757836, "url": "https://www.iryou.teikyouseido.mhlw.go.jp/znk-web/juminkanja/S2430/initialize?prefCd=32&kikanCd=2325433220&kikanKbn=2", "url2": null, "内容": "まつざきクリニック【2:診療所】【診療科目:内科_精神科_心療内科】島根県出雲市姫原４－１０－２" }, "geometry": { "type": "Point", "coordinates": [ 132.757836, 35.376856 ] } },
{ "type": "Feature", "properties": { "ID": 3222325433800, "正式名称": "たけだファミリークリニック", "機関区分": 2, "都道府県コード": 32, "市区町村コード": 203, "所在地": "島根県出雲市神西沖町１４５５－１", "緯度": 35.335378, "経度": 132.702172, "url": "https://www.iryou.teikyouseido.mhlw.go.jp/znk-web/juminkanja/S2430/initialize?prefCd=32&kikanCd=2325433800&kikanKbn=2", "url2": null, "内容": "たけだファミリークリニック【2:診療所】【診療科目:内科_消化器内科_小児科】島根県出雲市神西沖町１４５５－１" }, "geometry": { "type": "Point", "coordinates": [ 132.702172, 35.335378 ] } },
{ "type": "Feature", "properties": { "ID": 3222325434360, "正式名称": "石川脳神経内科医院", "機関区分": 2, "都道府県コード": 32, "市区町村コード": 203, "所在地": "島根県出雲市上塩冶町１６３０", "緯度": 35.350211, "経度": 132.764081, "url": "https://www.iryou.teikyouseido.mhlw.go.jp/znk-web/juminkanja/S2430/initialize?prefCd=32&kikanCd=2325434360&kikanKbn=2", "url2": null, "内容": "石川脳神経内科医院【2:診療所】【診療科目:内科_神経内科】島根県出雲市上塩冶町１６３０" }, "geometry": { "type": "Point", "coordinates": [ 132.764081, 35.350211 ] } },
{ "type": "Feature", "properties": { "ID": 3222325434780, "正式名称": "髙垣皮膚科クリニック", "機関区分": 2, "都道府県コード": 32, "市区町村コード": 203, "所在地": "島根県出雲市東園町４９８番地", "緯度": 35.350175, "経度": 132.698944, "url": "https://www.iryou.teikyouseido.mhlw.go.jp/znk-web/juminkanja/S2430/initialize?prefCd=32&kikanCd=2325434780&kikanKbn=2", "url2": "takagakidc.com", "内容": "髙垣皮膚科クリニック【2:診療所】【診療科目:皮膚科】島根県出雲市東園町４９８番地" }, "geometry": { "type": "Point", "coordinates": [ 132.698944, 35.350175 ] } },
{ "type": "Feature", "properties": { "ID": 3222325435110, "正式名称": "医療法人社団ｇｒａｓｓｂａｍｂｏｏ　形成外科皮膚科　草竹クリニック", "機関区分": 2, "都道府県コード": 32, "市区町村コード": 203, "所在地": "島根県出雲市上塩冶町２６６３－１", "緯度": 35.354092, "経度": 132.761419, "url": "https://www.iryou.teikyouseido.mhlw.go.jp/znk-web/juminkanja/S2430/initialize?prefCd=32&kikanCd=2325435110&kikanKbn=2", "url2": null, "内容": "医療法人社団ｇｒａｓｓｂａｍｂｏｏ　形成外科皮膚科　草竹クリニック【2:診療所】【診療科目:形成外科_皮膚科】島根県出雲市上塩冶町２６６３－１" }, "geometry": { "type": "Point", "coordinates": [ 132.761419, 35.354092 ] } },
{ "type": "Feature", "properties": { "ID": 3222325435240, "正式名称": "豆の木在宅診療所", "機関区分": 2, "都道府県コード": 32, "市区町村コード": 203, "所在地": "島根県出雲市浜町５３６−３", "緯度": 35.383173, "経度": 132.713594, "url": "https://www.iryou.teikyouseido.mhlw.go.jp/znk-web/juminkanja/S2430/initialize?prefCd=32&kikanCd=2325435240&kikanKbn=2", "url2": null, "内容": "豆の木在宅診療所【2:診療所】【診療科目:内科_呼吸器内科】島根県出雲市浜町５３６−３" }, "geometry": { "type": "Point", "coordinates": [ 132.713594, 35.383173 ] } },
{ "type": "Feature", "properties": { "ID": 3222325435370, "正式名称": "かつべ眼科クリニック　平田分院", "機関区分": 2, "都道府県コード": 32, "市区町村コード": 203, "所在地": "島根県出雲市平田町１５８１", "緯度": 35.429153, "経度": 132.814023, "url": "https://www.iryou.teikyouseido.mhlw.go.jp/znk-web/juminkanja/S2430/initialize?prefCd=32&kikanCd=2325435370&kikanKbn=2", "url2": null, "内容": "かつべ眼科クリニック　平田分院【2:診療所】【診療科目:眼科】島根県出雲市平田町１５８１" }, "geometry": { "type": "Point", "coordinates": [ 132.814023, 35.429153 ] } },
{ "type": "Feature", "properties": { "ID": 3222325435400, "正式名称": "医療法人須谷医院　すたに呼吸器内科クリニック", "機関区分": 2, "都道府県コード": 32, "市区町村コード": 203, "所在地": "島根県出雲市塩冶神前２丁目１番２２号", "緯度": 35.350734, "経度": 132.753549, "url": "https://www.iryou.teikyouseido.mhlw.go.jp/znk-web/juminkanja/S2430/initialize?prefCd=32&kikanCd=2325435400&kikanKbn=2", "url2": "sutani-clinic.jp", "内容": "医療法人須谷医院　すたに呼吸器内科クリニック【2:診療所】【診療科目:内科_呼吸器内科_アレルギー疾患内科】島根県出雲市塩冶神前２丁目１番２２号" }, "geometry": { "type": "Point", "coordinates": [ 132.753549, 35.350734 ] } },
{ "type": "Feature", "properties": { "ID": 3222325435820, "正式名称": "医療法人幸和会　福田整形外科医院", "機関区分": 2, "都道府県コード": 32, "市区町村コード": 203, "所在地": "島根県出雲市大津新崎町１丁目５１−３", "緯度": 35.369555, "経度": 132.765989, "url": "https://www.iryou.teikyouseido.mhlw.go.jp/znk-web/juminkanja/S2430/initialize?prefCd=32&kikanCd=2325435820&kikanKbn=2", "url2": "http://fukudaseikei.g1.xrea.com/", "内容": "医療法人幸和会　福田整形外科医院【2:診療所】【診療科目:整形外科_リハビリテーション科】島根県出雲市大津新崎町１丁目５１−３" }, "geometry": { "type": "Point", "coordinates": [ 132.765989, 35.369555 ] } },
{ "type": "Feature", "properties": { "ID": 3222325436090, "正式名称": "特別養護老人ホーム薫風園医務室", "機関区分": 2, "都道府県コード": 32, "市区町村コード": 203, "所在地": "島根県出雲市大津町３６２０番地１", "緯度": 35.355683, "経度": 132.777906, "url": "https://www.iryou.teikyouseido.mhlw.go.jp/znk-web/juminkanja/S2430/initialize?prefCd=32&kikanCd=2325436090&kikanKbn=2", "url2": null, "内容": "特別養護老人ホーム薫風園医務室【2:診療所】【診療科目:内科】島根県出雲市大津町３６２０番地１" }, "geometry": { "type": "Point", "coordinates": [ 132.777906, 35.355683 ] } },
{ "type": "Feature", "properties": { "ID": 3222325436120, "正式名称": "不登校／こどもと大人の漢方・心療内科　出雲いいじまクリニック", "機関区分": 2, "都道府県コード": 32, "市区町村コード": 203, "所在地": "島根県出雲市大社町杵築東４５４", "緯度": 35.397753, "経度": 132.684756, "url": "https://www.iryou.teikyouseido.mhlw.go.jp/znk-web/juminkanja/S2430/initialize?prefCd=32&kikanCd=2325436120&kikanKbn=2", "url2": null, "内容": "不登校／こどもと大人の漢方・心療内科　出雲いいじまクリニック【2:診療所】【診療科目:漢方内科_精神科_心療内科】島根県出雲市大社町杵築東４５４" }, "geometry": { "type": "Point", "coordinates": [ 132.684756, 35.397753 ] } },
{ "type": "Feature", "properties": { "ID": 3222325436250, "正式名称": "いづも八咫クリニック", "機関区分": 2, "都道府県コード": 32, "市区町村コード": 203, "所在地": "島根県出雲市中野美保南２ー１ー５", "緯度": 35.375842, "経度": 132.764277, "url": "https://www.iryou.teikyouseido.mhlw.go.jp/znk-web/juminkanja/S2430/initialize?prefCd=32&kikanCd=2325436250&kikanKbn=2", "url2": "https://izumoyata-clinic.com", "内容": "いづも八咫クリニック【2:診療所】【診療科目:内科_漢方内科_疼痛緩和内科_婦人科_皮膚科】島根県出雲市中野美保南２ー１ー５" }, "geometry": { "type": "Point", "coordinates": [ 132.764277, 35.375842 ] } },
{ "type": "Feature", "properties": { "ID": 3222325436380, "正式名称": "医療法人みもりキッズ•ファミリークリニック", "機関区分": 2, "都道府県コード": 32, "市区町村コード": 203, "所在地": "島根県出雲市小山町４４２番地２", "緯度": 35.374961, "経度": 132.736919, "url": "https://www.iryou.teikyouseido.mhlw.go.jp/znk-web/juminkanja/S2430/initialize?prefCd=32&kikanCd=2325436380&kikanKbn=2", "url2": null, "内容": "医療法人みもりキッズ•ファミリークリニック【2:診療所】【診療科目:小児科】島根県出雲市小山町４４２番地２" }, "geometry": { "type": "Point", "coordinates": [ 132.736919, 35.374961 ] } },
{ "type": "Feature", "properties": { "ID": 3222325436410, "正式名称": "ひゃくどみクリニック", "機関区分": 2, "都道府県コード": 32, "市区町村コード": 203, "所在地": "島根県出雲市上塩冶町１４２－１", "緯度": 35.354135, "経度": 132.759356, "url": "https://www.iryou.teikyouseido.mhlw.go.jp/znk-web/juminkanja/S2430/initialize?prefCd=32&kikanCd=2325436410&kikanKbn=2", "url2": "https://www.hyakudomi.jp", "内容": "ひゃくどみクリニック【2:診療所】【診療科目:消化器外科_乳腺外科_肛門外科】島根県出雲市上塩冶町１４２－１" }, "geometry": { "type": "Point", "coordinates": [ 132.759356, 35.354135 ] } },
{ "type": "Feature", "properties": { "ID": 3222325436540, "正式名称": "医療法人いしとび内科医院", "機関区分": 2, "都道府県コード": 32, "市区町村コード": 203, "所在地": "島根県出雲市大社町北荒木４８７ー１", "緯度": 35.385334, "経度": 132.69563, "url": "https://www.iryou.teikyouseido.mhlw.go.jp/znk-web/juminkanja/S2430/initialize?prefCd=32&kikanCd=2325436540&kikanKbn=2", "url2": null, "内容": "医療法人いしとび内科医院【2:診療所】【診療科目:内科_糖尿病内科_内分泌内科_糖尿病・内分泌内科】島根県出雲市大社町北荒木４８７ー１" }, "geometry": { "type": "Point", "coordinates": [ 132.69563, 35.385334 ] } },
{ "type": "Feature", "properties": { "ID": 3222325436700, "正式名称": "医療法人　とうぎ皮フ科クリニック", "機関区分": 2, "都道府県コード": 32, "市区町村コード": 203, "所在地": "島根県出雲市大津新崎町１－６４", "緯度": 35.368609, "経度": 132.76627, "url": "https://www.iryou.teikyouseido.mhlw.go.jp/znk-web/juminkanja/S2430/initialize?prefCd=32&kikanCd=2325436700&kikanKbn=2", "url2": "tohgi-dm.com", "内容": "医療法人　とうぎ皮フ科クリニック【2:診療所】【診療科目:皮膚科_美容皮膚科_アレルギー科】島根県出雲市大津新崎町１－６４" }, "geometry": { "type": "Point", "coordinates": [ 132.76627, 35.368609 ] } },
{ "type": "Feature", "properties": { "ID": 3222325437000, "正式名称": "かなざわ内科糖尿病・骨粗しょう症クリニック", "機関区分": 2, "都道府県コード": 32, "市区町村コード": 203, "所在地": "島根県出雲市塩冶町９９０－２－１", "緯度": 35.355178, "経度": 132.757656, "url": "https://www.iryou.teikyouseido.mhlw.go.jp/znk-web/juminkanja/S2430/initialize?prefCd=32&kikanCd=2325437000&kikanKbn=2", "url2": null, "内容": "かなざわ内科糖尿病・骨粗しょう症クリニック【2:診療所】【診療科目:糖尿病・内分泌内科_骨粗しょう症】島根県出雲市塩冶町９９０－２－１" }, "geometry": { "type": "Point", "coordinates": [ 132.757656, 35.355178 ] } },
{ "type": "Feature", "properties": { "ID": 3222325437130, "正式名称": "島根県厚生農業協同組合連合会", "機関区分": 2, "都道府県コード": 32, "市区町村コード": 203, "所在地": "島根県出雲市斐川町美南１６６６", "緯度": 35.392685, "経度": 132.829029, "url": "https://www.iryou.teikyouseido.mhlw.go.jp/znk-web/juminkanja/S2430/initialize?prefCd=32&kikanCd=2325437130&kikanKbn=2", "url2": "https://www.jakoseiren-shimane.net/", "内容": "島根県厚生農業協同組合連合会【2:診療所】【診療科目:内科_循環器内科_整形外科_眼科】島根県出雲市斐川町美南１６６６" }, "geometry": { "type": "Point", "coordinates": [ 132.829029, 35.392685 ] } },
{ "type": "Feature", "properties": { "ID": 3222325437260, "正式名称": "きたほんまちクリニック", "機関区分": 2, "都道府県コード": 32, "市区町村コード": 203, "所在地": "島根県出雲市今市町北本町５丁目３－６", "緯度": 35.369526, "経度": 132.763584, "url": "https://www.iryou.teikyouseido.mhlw.go.jp/znk-web/juminkanja/S2430/initialize?prefCd=32&kikanCd=2325437260&kikanKbn=2", "url2": "https://www.kitahonmachi.jp/", "内容": "きたほんまちクリニック【2:診療所】【診療科目:精神科_心療内科】島根県出雲市今市町北本町５丁目３－６" }, "geometry": { "type": "Point", "coordinates": [ 132.763584, 35.369526 ] } },
{ "type": "Feature", "properties": { "ID": 3222325438720, "正式名称": "たまがわ内科クリニック", "機関区分": 2, "都道府県コード": 32, "市区町村コード": 203, "所在地": "島根県出雲市斐川町上直江３５３６", "緯度": 35.386629, "経度": 132.807354, "url": "https://www.iryou.teikyouseido.mhlw.go.jp/znk-web/juminkanja/S2430/initialize?prefCd=32&kikanCd=2325438720&kikanKbn=2", "url2": "https://www.tamagawa-imc.jp/", "内容": "たまがわ内科クリニック【2:診療所】【診療科目:内科_消化器内科_内視鏡内科】島根県出雲市斐川町上直江３５３６" }, "geometry": { "type": "Point", "coordinates": [ 132.807354, 35.386629 ] } },
{ "type": "Feature", "properties": { "ID": 3222325441560, "正式名称": "かつべ眼科クリニック", "機関区分": 2, "都道府県コード": 32, "市区町村コード": 203, "所在地": "島根県出雲市大津朝倉３丁目５－３朝倉クリニックモール", "緯度": 35.376911, "経度": 132.758393, "url": "https://www.iryou.teikyouseido.mhlw.go.jp/znk-web/juminkanja/S2430/initialize?prefCd=32&kikanCd=2325441560&kikanKbn=2", "url2": "https://www.katsube-eye.com/", "内容": "かつべ眼科クリニック【2:診療所】【診療科目:眼科】島根県出雲市大津朝倉３丁目５－３朝倉クリニックモール" }, "geometry": { "type": "Point", "coordinates": [ 132.758393, 35.376911 ] } },
{ "type": "Feature", "properties": { "ID": 3222325442600, "正式名称": "永岡内科医院", "機関区分": 2, "都道府県コード": 32, "市区町村コード": 203, "所在地": "島根県出雲市塩冶町１１５６", "緯度": 35.355582, "経度": 132.755221, "url": "https://www.iryou.teikyouseido.mhlw.go.jp/znk-web/juminkanja/S2430/initialize?prefCd=32&kikanCd=2325442600&kikanKbn=2", "url2": null, "内容": "永岡内科医院【2:診療所】【診療科目:内科_糖尿病内科_循環器内科_消化器内科】島根県出雲市塩冶町１１５６" }, "geometry": { "type": "Point", "coordinates": [ 132.755221, 35.355582 ] } },
{ "type": "Feature", "properties": { "ID": 3222325444590, "正式名称": "医大前クリニック", "機関区分": 2, "都道府県コード": 32, "市区町村コード": 203, "所在地": "島根県出雲市塩冶神前１－７－７", "緯度": 35.348861, "経度": 132.753069, "url": "https://www.iryou.teikyouseido.mhlw.go.jp/znk-web/juminkanja/S2430/initialize?prefCd=32&kikanCd=2325444590&kikanKbn=2", "url2": null, "内容": "医大前クリニック【2:診療所】【診療科目:皮膚科_精神科_心療内科】島根県出雲市塩冶神前１－７－７" }, "geometry": { "type": "Point", "coordinates": [ 132.753069, 35.348861 ] } },
{ "type": "Feature", "properties": { "ID": 3222325444620, "正式名称": "医療法人おおた皮膚科クリニック", "機関区分": 2, "都道府県コード": 32, "市区町村コード": 203, "所在地": "島根県出雲市斐川町直江４９２５－１おおた皮膚科クリニック", "緯度": 35.38751, "経度": 132.821932, "url": "https://www.iryou.teikyouseido.mhlw.go.jp/znk-web/juminkanja/S2430/initialize?prefCd=32&kikanCd=2325444620&kikanKbn=2", "url2": "https://otaclinic.net/", "内容": "医療法人おおた皮膚科クリニック【2:診療所】【診療科目:皮膚科】島根県出雲市斐川町直江４９２５－１おおた皮膚科クリニック" }, "geometry": { "type": "Point", "coordinates": [ 132.821932, 35.38751 ] } },
{ "type": "Feature", "properties": { "ID": 3222325444750, "正式名称": "医療法人　出雲すずかけ会　河端循環器内科医院", "機関区分": 2, "都道府県コード": 32, "市区町村コード": 203, "所在地": "島根県出雲市塩冶町１５６５－１", "緯度": 35.363967, "経度": 132.750207, "url": "https://www.iryou.teikyouseido.mhlw.go.jp/znk-web/juminkanja/S2430/initialize?prefCd=32&kikanCd=2325444750&kikanKbn=2", "url2": "https://www.kawabata-cvmc.jp/", "内容": "医療法人　出雲すずかけ会　河端循環器内科医院【2:診療所】【診療科目:内科_循環器内科_ペインクリニック外科_麻酔科】島根県出雲市塩冶町１５６５－１" }, "geometry": { "type": "Point", "coordinates": [ 132.750207, 35.363967 ] } },
{ "type": "Feature", "properties": { "ID": 3222325444880, "正式名称": "青木整形外科医院", "機関区分": 2, "都道府県コード": 32, "市区町村コード": 203, "所在地": "島根県出雲市大社町北荒木１０９２－４", "緯度": 35.383736, "経度": 132.696989, "url": "https://www.iryou.teikyouseido.mhlw.go.jp/znk-web/juminkanja/S2430/initialize?prefCd=32&kikanCd=2325444880&kikanKbn=2", "url2": "https://www.aokiseikeigeka-cl.com/", "内容": "青木整形外科医院【2:診療所】【診療科目:整形外科_リハビリテーション科】島根県出雲市大社町北荒木１０９２－４" }, "geometry": { "type": "Point", "coordinates": [ 132.696989, 35.383736 ] } },
{ "type": "Feature", "properties": { "ID": 3222325445050, "正式名称": "まんだクリニック", "機関区分": 2, "都道府県コード": 32, "市区町村コード": 203, "所在地": "島根県出雲市万田町５３６番地１", "緯度": 35.444567, "経度": 132.784118, "url": "https://www.iryou.teikyouseido.mhlw.go.jp/znk-web/juminkanja/S2430/initialize?prefCd=32&kikanCd=2325445050&kikanKbn=2", "url2": "https://manda-clinic.jp", "内容": "まんだクリニック【2:診療所】【診療科目:内科_消化器内科】島根県出雲市万田町５３６番地１" }, "geometry": { "type": "Point", "coordinates": [ 132.784118, 35.444567 ] } },
{ "type": "Feature", "properties": { "ID": 3222325445180, "正式名称": "出雲漢方クリニック", "機関区分": 2, "都道府県コード": 32, "市区町村コード": 203, "所在地": "島根県出雲市今市町７３６番地１１", "緯度": 35.364465, "経度": 132.754883, "url": "https://www.iryou.teikyouseido.mhlw.go.jp/znk-web/juminkanja/S2430/initialize?prefCd=32&kikanCd=2325445180&kikanKbn=2", "url2": "https://izumo-kampo.clinic/", "内容": "出雲漢方クリニック【2:診療所】【診療科目:内科_外科】島根県出雲市今市町７３６番地１１" }, "geometry": { "type": "Point", "coordinates": [ 132.754883, 35.364465 ] } },
{ "type": "Feature", "properties": { "ID": 3222325445210, "正式名称": "ふちわき耳鼻咽喉科クリニック", "機関区分": 2, "都道府県コード": 32, "市区町村コード": 203, "所在地": "島根県出雲市稲岡町６０７－３", "緯度": 35.392706, "経度": 132.767214, "url": "https://www.iryou.teikyouseido.mhlw.go.jp/znk-web/juminkanja/S2430/initialize?prefCd=32&kikanCd=2325445210&kikanKbn=2", "url2": "https://www.fuchi-cli.jp/", "内容": "ふちわき耳鼻咽喉科クリニック【2:診療所】【診療科目:耳鼻いんこう科】島根県出雲市稲岡町６０７－３" }, "geometry": { "type": "Point", "coordinates": [ 132.767214, 35.392706 ] } },
{ "type": "Feature", "properties": { "ID": 3222325445630, "正式名称": "医療法人社団牧野内科医院", "機関区分": 2, "都道府県コード": 32, "市区町村コード": 203, "所在地": "島根県出雲市西平田町５７－１", "緯度": 35.431066, "経度": 132.816524, "url": "https://www.iryou.teikyouseido.mhlw.go.jp/znk-web/juminkanja/S2430/initialize?prefCd=32&kikanCd=2325445630&kikanKbn=2", "url2": "https://www.makinonaikaiin.jp/", "内容": "医療法人社団牧野内科医院【2:診療所】【診療科目:内科_呼吸器内科】島根県出雲市西平田町５７－１" }, "geometry": { "type": "Point", "coordinates": [ 132.816524, 35.431066 ] } },
{ "type": "Feature", "properties": { "ID": 3222325445760, "正式名称": "特別養護老人ホーム　サン・スマイル医務室", "機関区分": 2, "都道府県コード": 32, "市区町村コード": 203, "所在地": "島根県出雲市神西沖町２１５－１", "緯度": 35.332679, "経度": 132.703594, "url": "https://www.iryou.teikyouseido.mhlw.go.jp/znk-web/juminkanja/S2430/initialize?prefCd=32&kikanCd=2325445760&kikanKbn=2", "url2": null, "内容": "特別養護老人ホーム　サン・スマイル医務室【2:診療所】【診療科目:内科】島根県出雲市神西沖町２１５－１" }, "geometry": { "type": "Point", "coordinates": [ 132.703594, 35.332679 ] } },
{ "type": "Feature", "properties": { "ID": 3222325445890, "正式名称": "れんげ在宅クリニック", "機関区分": 2, "都道府県コード": 32, "市区町村コード": 203, "所在地": "島根県出雲市大津町５８１", "緯度": 35.369086, "経度": 132.777845, "url": "https://www.iryou.teikyouseido.mhlw.go.jp/znk-web/juminkanja/S2430/initialize?prefCd=32&kikanCd=2325445890&kikanKbn=2", "url2": "https://rengezaitaku.jp/", "内容": "れんげ在宅クリニック【2:診療所】【診療科目:内科_疼痛緩和内科_緩和ケア内科】島根県出雲市大津町５８１" }, "geometry": { "type": "Point", "coordinates": [ 132.777845, 35.369086 ] } },
{ "type": "Feature", "properties": { "ID": 3222325446480, "正式名称": "医療法人　北陽クリニック", "機関区分": 2, "都道府県コード": 32, "市区町村コード": 203, "所在地": "島根県出雲市荻杼町３２７ー２", "緯度": 35.385442, "経度": 132.767356, "url": "https://www.iryou.teikyouseido.mhlw.go.jp/znk-web/juminkanja/S2430/initialize?prefCd=32&kikanCd=2325446480&kikanKbn=2", "url2": "https://www.hokuyocl.jp", "内容": "医療法人　北陽クリニック【2:診療所】【診療科目:内科_循環器内科_整形外科_リウマチ科_リハビリテーション科】島根県出雲市荻杼町３２７ー２" }, "geometry": { "type": "Point", "coordinates": [ 132.767356, 35.385442 ] } },
{ "type": "Feature", "properties": { "ID": 3222325446930, "正式名称": "あさやま内科クリニック", "機関区分": 2, "都道府県コード": 32, "市区町村コード": 203, "所在地": "島根県出雲市松寄下町１８９２一２", "緯度": 35.36602, "経度": 132.709121, "url": "https://www.iryou.teikyouseido.mhlw.go.jp/znk-web/juminkanja/S2430/initialize?prefCd=32&kikanCd=2325446930&kikanKbn=2", "url2": "https://asayama-cl.com/", "内容": "あさやま内科クリニック【2:診療所】【診療科目:内科_糖尿病・内分泌内科_脳神経内科】島根県出雲市松寄下町１８９２一２" }, "geometry": { "type": "Point", "coordinates": [ 132.709121, 35.36602 ] } },
{ "type": "Feature", "properties": { "ID": 3222325447070, "正式名称": "みずいクリニック眼科・美容皮膚科", "機関区分": 2, "都道府県コード": 32, "市区町村コード": 203, "所在地": "島根県出雲市斐川町上直江３２３０", "緯度": 35.388096, "経度": 132.805935, "url": "https://www.iryou.teikyouseido.mhlw.go.jp/znk-web/juminkanja/S2430/initialize?prefCd=32&kikanCd=2325447070&kikanKbn=2", "url2": "https://mizui-eye-skinclinic.jp/", "内容": "みずいクリニック眼科・美容皮膚科【2:診療所】【診療科目:眼科_美容皮膚科】島根県出雲市斐川町上直江３２３０" }, "geometry": { "type": "Point", "coordinates": [ 132.805935, 35.388096 ] } },
{ "type": "Feature", "properties": { "ID": 3222325447100, "正式名称": "小山皮膚科クリニック", "機関区分": 2, "都道府県コード": 32, "市区町村コード": 203, "所在地": "島根県出雲市小山町２６９－４", "緯度": 35.373875, "経度": 132.742901, "url": "https://www.iryou.teikyouseido.mhlw.go.jp/znk-web/juminkanja/S2430/initialize?prefCd=32&kikanCd=2325447100&kikanKbn=2", "url2": "https://oyamahifu.com/", "内容": "小山皮膚科クリニック【2:診療所】【診療科目:皮膚科】島根県出雲市小山町２６９－４" }, "geometry": { "type": "Point", "coordinates": [ 132.742901, 35.373875 ] } },
{ "type": "Feature", "properties": { "ID": 3222325500760, "正式名称": "医療法人社団橘林堂川上医院吉永出張所", "機関区分": 2, "都道府県コード": 32, "市区町村コード": 205, "所在地": "島根県大田市川合町吉永替地田１０４２ー７", "緯度": 35.167154, "経度": 132.504363, "url": "https://www.iryou.teikyouseido.mhlw.go.jp/znk-web/juminkanja/S2430/initialize?prefCd=32&kikanCd=2325500760&kikanKbn=2", "url2": null, "内容": "医療法人社団橘林堂川上医院吉永出張所【2:診療所】【診療科目:内科_循環器内科_消化器内科_小児科】島根県大田市川合町吉永替地田１０４２ー７" }, "geometry": { "type": "Point", "coordinates": [ 132.504363, 35.167154 ] } },
{ "type": "Feature", "properties": { "ID": 3222325500920, "正式名称": "医療法人社団　合原医院", "機関区分": 2, "都道府県コード": 32, "市区町村コード": 205, "所在地": "島根県大田市大田町大田イ１９０", "緯度": 35.197803, "経度": 132.50294, "url": "https://www.iryou.teikyouseido.mhlw.go.jp/znk-web/juminkanja/S2430/initialize?prefCd=32&kikanCd=2325500920&kikanKbn=2", "url2": "https://goubaru.or.jp", "内容": "医療法人社団　合原医院【2:診療所】【診療科目:内科_胃腸内科_小児科】島根県大田市大田町大田イ１９０" }, "geometry": { "type": "Point", "coordinates": [ 132.50294, 35.197803 ] } },
{ "type": "Feature", "properties": { "ID": 3222325501770, "正式名称": "大田呼吸循環クリニック", "機関区分": 2, "都道府県コード": 32, "市区町村コード": 205, "所在地": "島根県大田市大田町大田ハ１４５番地", "緯度": 35.191422, "経度": 132.507386, "url": "https://www.iryou.teikyouseido.mhlw.go.jp/znk-web/juminkanja/S2430/initialize?prefCd=32&kikanCd=2325501770&kikanKbn=2", "url2": null, "内容": "大田呼吸循環クリニック【2:診療所】【診療科目:内科_呼吸器内科_循環器内科_消化器内科】島根県大田市大田町大田ハ１４５番地" }, "geometry": { "type": "Point", "coordinates": [ 132.507386, 35.191422 ] } },
{ "type": "Feature", "properties": { "ID": 3222325503660, "正式名称": "障害者支援施設清風園", "機関区分": 2, "都道府県コード": 32, "市区町村コード": 205, "所在地": "島根県大田市川合町吉永１０２５", "緯度": 35.170553, "経度": 132.511122, "url": "https://www.iryou.teikyouseido.mhlw.go.jp/znk-web/juminkanja/S2430/initialize?prefCd=32&kikanCd=2325503660&kikanKbn=2", "url2": null, "内容": "障害者支援施設清風園【2:診療所】【診療科目:内科】島根県大田市川合町吉永１０２５" }, "geometry": { "type": "Point", "coordinates": [ 132.511122, 35.170553 ] } },
{ "type": "Feature", "properties": { "ID": 3222325503820, "正式名称": "医療法人社団Ｓｈｏｗａ", "機関区分": 2, "都道府県コード": 32, "市区町村コード": 205, "所在地": "島根県大田市大田町大田イ１２７", "緯度": 35.191494, "経度": 132.52644, "url": "https://www.iryou.teikyouseido.mhlw.go.jp/znk-web/juminkanja/S2430/initialize?prefCd=32&kikanCd=2325503820&kikanKbn=2", "url2": null, "内容": "医療法人社団Ｓｈｏｗａ【2:診療所】【診療科目:内科_消化器内科】島根県大田市大田町大田イ１２７" }, "geometry": { "type": "Point", "coordinates": [ 132.52644, 35.191494 ] } },
{ "type": "Feature", "properties": { "ID": 3222325504380, "正式名称": "医療法人社団　慶生会　生越整形外科クリニック", "機関区分": 2, "都道府県コード": 32, "市区町村コード": 205, "所在地": "島根県大田市大田町大田イ２６３－８", "緯度": 35.198762, "経度": 132.501675, "url": "https://www.iryou.teikyouseido.mhlw.go.jp/znk-web/juminkanja/S2430/initialize?prefCd=32&kikanCd=2325504380&kikanKbn=2", "url2": null, "内容": "医療法人社団　慶生会　生越整形外科クリニック【2:診療所】【診療科目:整形外科_リハビリテーション科】島根県大田市大田町大田イ２６３－８" }, "geometry": { "type": "Point", "coordinates": [ 132.501675, 35.198762 ] } },
{ "type": "Feature", "properties": { "ID": 3222325506010, "正式名称": "医療法人社団福田医院", "機関区分": 2, "都道府県コード": 32, "市区町村コード": 205, "所在地": "島根県大田市波根町字古川２０２８", "緯度": 35.245354, "経度": 132.530765, "url": "https://www.iryou.teikyouseido.mhlw.go.jp/znk-web/juminkanja/S2430/initialize?prefCd=32&kikanCd=2325506010&kikanKbn=2", "url2": "http://www.dr-fukuda.jp", "内容": "医療法人社団福田医院【2:診療所】【診療科目:内科_循環器内科_消化器内科_小児科】島根県大田市波根町字古川２０２８" }, "geometry": { "type": "Point", "coordinates": [ 132.530765, 35.245354 ] } },
{ "type": "Feature", "properties": { "ID": 3222325507310, "正式名称": "社会福祉法人　慈光会　湯の郷苑", "機関区分": 2, "都道府県コード": 32, "市区町村コード": 205, "所在地": "島根県大田市温泉津町上村４６１番地　特別養護老人ホーム　湯の郷苑", "緯度": 35.069847, "経度": 132.349626, "url": "https://www.iryou.teikyouseido.mhlw.go.jp/znk-web/juminkanja/S2430/initialize?prefCd=32&kikanCd=2325507310&kikanKbn=2", "url2": null, "内容": "社会福祉法人　慈光会　湯の郷苑【2:診療所】【診療科目:内科】島根県大田市温泉津町上村４６１番地　特別養護老人ホーム　湯の郷苑" }, "geometry": { "type": "Point", "coordinates": [ 132.349626, 35.069847 ] } },
{ "type": "Feature", "properties": { "ID": 3222325507600, "正式名称": "医療法人社団合原医院　鳥井診療所", "機関区分": 2, "都道府県コード": 32, "市区町村コード": 205, "所在地": "島根県大田市鳥井町鳥井１８５－４", "緯度": 35.217244, "経度": 132.475619, "url": "https://www.iryou.teikyouseido.mhlw.go.jp/znk-web/juminkanja/S2430/initialize?prefCd=32&kikanCd=2325507600&kikanKbn=2", "url2": null, "内容": "医療法人社団合原医院　鳥井診療所【2:診療所】【診療科目:内科】島根県大田市鳥井町鳥井１８５－４" }, "geometry": { "type": "Point", "coordinates": [ 132.475619, 35.217244 ] } },
{ "type": "Feature", "properties": { "ID": 3222325508030, "正式名称": "大田市国民健康保険　池田診療所", "機関区分": 2, "都道府県コード": 32, "市区町村コード": 205, "所在地": "島根県大田市三瓶町池田２２６７－１", "緯度": 35.146006, "経度": 132.584539, "url": "https://www.iryou.teikyouseido.mhlw.go.jp/znk-web/juminkanja/S2430/initialize?prefCd=32&kikanCd=2325508030&kikanKbn=2", "url2": null, "内容": "大田市国民健康保険　池田診療所【2:診療所】【診療科目:内科_循環器内科_小児科】島根県大田市三瓶町池田２２６７－１" }, "geometry": { "type": "Point", "coordinates": [ 132.584539, 35.146006 ] } },
{ "type": "Feature", "properties": { "ID": 3222325508290, "正式名称": "医療法人社団橘林堂　川上医院", "機関区分": 2, "都道府県コード": 32, "市区町村コード": 205, "所在地": "島根県大田市川合町川合１２４２−１", "緯度": 35.154044, "経度": 132.510563, "url": "https://www.iryou.teikyouseido.mhlw.go.jp/znk-web/juminkanja/S2430/initialize?prefCd=32&kikanCd=2325508290&kikanKbn=2", "url2": "http://www.ohda-med.jp/search/kaiin/12.html", "内容": "医療法人社団橘林堂　川上医院【2:診療所】【診療科目:内科_循環器内科_消化器内科_小児科】島根県大田市川合町川合１２４２−１" }, "geometry": { "type": "Point", "coordinates": [ 132.510563, 35.154044 ] } },
{ "type": "Feature", "properties": { "ID": 322232560082, "正式名称": "美郷町国民健康保険沢谷診療所", "機関区分": 2, "都道府県コード": 32, "市区町村コード": 448, "所在地": "島根県邑智郡美郷町九日市８７番地", "緯度": 35.051889, "経度": 132.656968, "url": "https://www.iryou.teikyouseido.mhlw.go.jp/znk-web/juminkanja/S2430/initialize?prefCd=32&kikanCd=232560082&kikanKbn=2", "url2": null, "内容": "美郷町国民健康保険沢谷診療所【2:診療所】【診療科目:内科】島根県邑智郡美郷町九日市８７番地" }, "geometry": { "type": "Point", "coordinates": [ 132.656968, 35.051889 ] } },
{ "type": "Feature", "properties": { "ID": 3222325601380, "正式名称": "美郷町国民健康保険大和診療所　比之宮出張所", "機関区分": 2, "都道府県コード": 32, "市区町村コード": 448, "所在地": "島根県邑智郡美郷町宮内５６２－３", "緯度": 34.95366, "経度": 132.602455, "url": "https://www.iryou.teikyouseido.mhlw.go.jp/znk-web/juminkanja/S2430/initialize?prefCd=32&kikanCd=2325601380&kikanKbn=2", "url2": null, "内容": "美郷町国民健康保険大和診療所　比之宮出張所【2:診療所】【診療科目:内科】島根県邑智郡美郷町宮内５６２－３" }, "geometry": { "type": "Point", "coordinates": [ 132.602455, 34.95366 ] } },
{ "type": "Feature", "properties": { "ID": 3222325601540, "正式名称": "河野医院", "機関区分": 2, "都道府県コード": 32, "市区町村コード": 449, "所在地": "島根県邑智郡邑南町下口羽１１０２", "緯度": 34.879214, "経度": 132.675206, "url": "https://www.iryou.teikyouseido.mhlw.go.jp/znk-web/juminkanja/S2430/initialize?prefCd=32&kikanCd=2325601540&kikanKbn=2", "url2": null, "内容": "河野医院【2:診療所】【診療科目:内科_外科_整形外科】島根県邑智郡邑南町下口羽１１０２" }, "geometry": { "type": "Point", "coordinates": [ 132.675206, 34.879214 ] } },
{ "type": "Feature", "properties": { "ID": 3222325602130, "正式名称": "医療法人　徳祐会　三上医院", "機関区分": 2, "都道府県コード": 32, "市区町村コード": 449, "所在地": "島根県邑智郡邑南町山田３３－６", "緯度": 34.860652, "経度": 132.539985, "url": "https://www.iryou.teikyouseido.mhlw.go.jp/znk-web/juminkanja/S2430/initialize?prefCd=32&kikanCd=2325602130&kikanKbn=2", "url2": "https://tokuyu-kai.sakura.ne.jp/mikami/index.html", "内容": "医療法人　徳祐会　三上医院【2:診療所】【診療科目:内科_消化器内科】島根県邑智郡邑南町山田３３－６" }, "geometry": { "type": "Point", "coordinates": [ 132.539985, 34.860652 ] } },
{ "type": "Feature", "properties": { "ID": 3222325602840, "正式名称": "邑南町国民健康保険直営井原診療所", "機関区分": 2, "都道府県コード": 32, "市区町村コード": 449, "所在地": "島根県邑智郡邑南町井原２２０１番地２", "緯度": 34.903681, "経度": 132.480321, "url": "https://www.iryou.teikyouseido.mhlw.go.jp/znk-web/juminkanja/S2430/initialize?prefCd=32&kikanCd=2325602840&kikanKbn=2", "url2": "https://www.town.ohnan.lg.jp/www/contents/1597830915308/index.html", "内容": "邑南町国民健康保険直営井原診療所【2:診療所】【診療科目:内科】島根県邑智郡邑南町井原２２０１番地２" }, "geometry": { "type": "Point", "coordinates": [ 132.480321, 34.903681 ] } },
{ "type": "Feature", "properties": { "ID": 3222325603010, "正式名称": "邑南町国民健康保険直営日貫診療所", "機関区分": 2, "都道府県コード": 32, "市区町村コード": 449, "所在地": "島根県邑智郡邑南町日貫３０２３番地３", "緯度": 34.88508, "経度": 132.361846, "url": "https://www.iryou.teikyouseido.mhlw.go.jp/znk-web/juminkanja/S2430/initialize?prefCd=32&kikanCd=2325603010&kikanKbn=2", "url2": "https://www.town.ohnan.lg.jp/www/contents/1597832263440/index.html", "内容": "邑南町国民健康保険直営日貫診療所【2:診療所】【診療科目:内科_麻酔科】島根県邑智郡邑南町日貫３０２３番地３" }, "geometry": { "type": "Point", "coordinates": [ 132.361846, 34.88508 ] } },
{ "type": "Feature", "properties": { "ID": 3222325603140, "正式名称": "大隅医院", "機関区分": 2, "都道府県コード": 32, "市区町村コード": 449, "所在地": "島根県邑智郡邑南町中野　９８３・９８４", "緯度": 34.913493, "経度": 132.457725, "url": "https://www.iryou.teikyouseido.mhlw.go.jp/znk-web/juminkanja/S2430/initialize?prefCd=32&kikanCd=2325603140&kikanKbn=2", "url2": null, "内容": "大隅医院【2:診療所】【診療科目:内科_泌尿器科】島根県邑智郡邑南町中野　９８３・９８４" }, "geometry": { "type": "Point", "coordinates": [ 132.457725, 34.913493 ] } },
{ "type": "Feature", "properties": { "ID": 3222325603270, "正式名称": "應儀医院", "機関区分": 2, "都道府県コード": 32, "市区町村コード": 207, "所在地": "島根県江津市桜江町市山２７４", "緯度": 34.939967, "経度": 132.316558, "url": "https://www.iryou.teikyouseido.mhlw.go.jp/znk-web/juminkanja/S2430/initialize?prefCd=32&kikanCd=2325603270&kikanKbn=2", "url2": null, "内容": "應儀医院【2:診療所】【診療科目:内科】島根県江津市桜江町市山２７４" }, "geometry": { "type": "Point", "coordinates": [ 132.316558, 34.939967 ] } },
{ "type": "Feature", "properties": { "ID": 3222325604150, "正式名称": "双葉診療所", "機関区分": 2, "都道府県コード": 32, "市区町村コード": 448, "所在地": "島根県邑智郡美郷町滝原１６７－１", "緯度": 35.051439, "経度": 132.6001, "url": "https://www.iryou.teikyouseido.mhlw.go.jp/znk-web/juminkanja/S2430/initialize?prefCd=32&kikanCd=2325604150&kikanKbn=2", "url2": null, "内容": "双葉診療所【2:診療所】【診療科目:内科】島根県邑智郡美郷町滝原１６７－１" }, "geometry": { "type": "Point", "coordinates": [ 132.6001, 35.051439 ] } },
{ "type": "Feature", "properties": { "ID": 3222325604280, "正式名称": "ゆめあいの丘診療所", "機関区分": 2, "都道府県コード": 32, "市区町村コード": 449, "所在地": "島根県邑智郡邑南町上亀谷２１８０－２", "緯度": 34.844994, "経度": 132.515958, "url": "https://www.iryou.teikyouseido.mhlw.go.jp/znk-web/juminkanja/S2430/initialize?prefCd=32&kikanCd=2325604280&kikanKbn=2", "url2": null, "内容": "ゆめあいの丘診療所【2:診療所】【診療科目:内科】島根県邑智郡邑南町上亀谷２１８０－２" }, "geometry": { "type": "Point", "coordinates": [ 132.515958, 34.844994 ] } },
{ "type": "Feature", "properties": { "ID": 3222325604310, "正式名称": "医療法人　徳祐会　星ヶ丘クリニック", "機関区分": 2, "都道府県コード": 32, "市区町村コード": 449, "所在地": "島根県邑智郡邑南町高見８２１番地１", "緯度": 34.899511, "経度": 132.54823, "url": "https://www.iryou.teikyouseido.mhlw.go.jp/znk-web/juminkanja/S2430/initialize?prefCd=32&kikanCd=2325604310&kikanKbn=2", "url2": "https://tokuyu-kai.sakura.ne.jp/hoshigaoka/index.html", "内容": "医療法人　徳祐会　星ヶ丘クリニック【2:診療所】【診療科目:内科_消化器内科_外科_整形外科】島根県邑智郡邑南町高見８２１番地１" }, "geometry": { "type": "Point", "coordinates": [ 132.54823, 34.899511 ] } },
{ "type": "Feature", "properties": { "ID": 3222325604990, "正式名称": "邑南町立くるみ邑美園医務室", "機関区分": 2, "都道府県コード": 32, "市区町村コード": 449, "所在地": "島根県邑智郡邑南町中野３５９５番地１８", "緯度": 34.896902, "経度": 132.462033, "url": "https://www.iryou.teikyouseido.mhlw.go.jp/znk-web/juminkanja/S2430/initialize?prefCd=32&kikanCd=2325604990&kikanKbn=2", "url2": null, "内容": "邑南町立くるみ邑美園医務室【2:診療所】【診療科目:精神科】島根県邑智郡邑南町中野３５９５番地１８" }, "geometry": { "type": "Point", "coordinates": [ 132.462033, 34.896902 ] } },
{ "type": "Feature", "properties": { "ID": 3222325605290, "正式名称": "前眼科医院", "機関区分": 2, "都道府県コード": 32, "市区町村コード": 449, "所在地": "島根県邑智郡邑南町下田所１５３番地４", "緯度": 34.854777, "経度": 132.519133, "url": "https://www.iryou.teikyouseido.mhlw.go.jp/znk-web/juminkanja/S2430/initialize?prefCd=32&kikanCd=2325605290&kikanKbn=2", "url2": null, "内容": "前眼科医院【2:診療所】【診療科目:内科_眼科】島根県邑智郡邑南町下田所１５３番地４" }, "geometry": { "type": "Point", "coordinates": [ 132.519133, 34.854777 ] } },
{ "type": "Feature", "properties": { "ID": 3222325605320, "正式名称": "江津市国民健康保険川越診療所", "機関区分": 2, "都道府県コード": 32, "市区町村コード": 207, "所在地": "島根県江津市桜江町川越６７８", "緯度": 34.945975, "経度": 132.412733, "url": "https://www.iryou.teikyouseido.mhlw.go.jp/znk-web/juminkanja/S2430/initialize?prefCd=32&kikanCd=2325605320&kikanKbn=2", "url2": null, "内容": "江津市国民健康保険川越診療所【2:診療所】【診療科目:内科】島根県江津市桜江町川越６７８" }, "geometry": { "type": "Point", "coordinates": [ 132.412733, 34.945975 ] } },
{ "type": "Feature", "properties": { "ID": 3222325605450, "正式名称": "社会福祉法人川本福祉会介護老人福祉施設みどりの里やすらぎ荘診療所", "機関区分": 2, "都道府県コード": 32, "市区町村コード": 441, "所在地": "島根県邑智郡川本町因原５７０番地１", "緯度": 34.964369, "経度": 132.473253, "url": "https://www.iryou.teikyouseido.mhlw.go.jp/znk-web/juminkanja/S2430/initialize?prefCd=32&kikanCd=2325605450&kikanKbn=2", "url2": null, "内容": "社会福祉法人川本福祉会介護老人福祉施設みどりの里やすらぎ荘診療所【2:診療所】【診療科目:内科】島根県邑智郡川本町因原５７０番地１" }, "geometry": { "type": "Point", "coordinates": [ 132.473253, 34.964369 ] } },
{ "type": "Feature", "properties": { "ID": 3222325702160, "正式名称": "医療法人社団邦和会　真鍋医院", "機関区分": 2, "都道府県コード": 32, "市区町村コード": 202, "所在地": "島根県浜田市国分町６７７－１", "緯度": 34.941279, "経度": 132.110385, "url": "https://www.iryou.teikyouseido.mhlw.go.jp/znk-web/juminkanja/S2430/initialize?prefCd=32&kikanCd=2325702160&kikanKbn=2", "url2": null, "内容": "医療法人社団邦和会　真鍋医院【2:診療所】【診療科目:内科】島根県浜田市国分町６７７－１" }, "geometry": { "type": "Point", "coordinates": [ 132.110385, 34.941279 ] } },
{ "type": "Feature", "properties": { "ID": 3222325702740, "正式名称": "医療法人社団　沖田内科医院", "機関区分": 2, "都道府県コード": 32, "市区町村コード": 202, "所在地": "島根県浜田市蛭子町２０－１", "緯度": 34.895955, "経度": 132.076904, "url": "https://www.iryou.teikyouseido.mhlw.go.jp/znk-web/juminkanja/S2430/initialize?prefCd=32&kikanCd=2325702740&kikanKbn=2", "url2": "http://okita-naika.jp", "内容": "医療法人社団　沖田内科医院【2:診療所】【診療科目:内科_消化器内科】島根県浜田市蛭子町２０－１" }, "geometry": { "type": "Point", "coordinates": [ 132.076904, 34.895955 ] } },
{ "type": "Feature", "properties": { "ID": 3222325703620, "正式名称": "医療法人北村内科クリニック", "機関区分": 2, "都道府県コード": 32, "市区町村コード": 202, "所在地": "島根県浜田市国分町１９８１－１５９", "緯度": 34.938504, "経度": 132.110343, "url": "https://www.iryou.teikyouseido.mhlw.go.jp/znk-web/juminkanja/S2430/initialize?prefCd=32&kikanCd=2325703620&kikanKbn=2", "url2": null, "内容": "医療法人北村内科クリニック【2:診療所】【診療科目:内科_循環器内科】島根県浜田市国分町１９８１－１５９" }, "geometry": { "type": "Point", "coordinates": [ 132.110343, 34.938504 ] } },
{ "type": "Feature", "properties": { "ID": 3222325704340, "正式名称": "医療法人社団やすぎクリニック", "機関区分": 2, "都道府県コード": 32, "市区町村コード": 202, "所在地": "島根県浜田市下府町６９番地１", "緯度": 34.930114, "経度": 132.107444, "url": "https://www.iryou.teikyouseido.mhlw.go.jp/znk-web/juminkanja/S2430/initialize?prefCd=32&kikanCd=2325704340&kikanKbn=2", "url2": "https://website2.infomity.net/8080000114/", "内容": "医療法人社団やすぎクリニック【2:診療所】【診療科目:内科_循環器内科_消化器内科】島根県浜田市下府町６９番地１" }, "geometry": { "type": "Point", "coordinates": [ 132.107444, 34.930114 ] } },
{ "type": "Feature", "properties": { "ID": 3222325704470, "正式名称": "医療法人社団池田医院　あさひまちクリニック", "機関区分": 2, "都道府県コード": 32, "市区町村コード": 202, "所在地": "島根県浜田市朝日町１４４０", "緯度": 34.89872, "経度": 132.090216, "url": "https://www.iryou.teikyouseido.mhlw.go.jp/znk-web/juminkanja/S2430/initialize?prefCd=32&kikanCd=2325704470&kikanKbn=2", "url2": "http://asahimachi-cl.jp", "内容": "医療法人社団池田医院　あさひまちクリニック【2:診療所】【診療科目:皮膚科_泌尿器科】島根県浜田市朝日町１４４０" }, "geometry": { "type": "Point", "coordinates": [ 132.090216, 34.89872 ] } },
{ "type": "Feature", "properties": { "ID": 3222325704500, "正式名称": "特別養護老人ホーム偕生園診療所", "機関区分": 2, "都道府県コード": 32, "市区町村コード": 202, "所在地": "島根県浜田市黒川町１９６－１特別養護老人ホーム偕生園", "緯度": 34.8979938, "経度": 132.0968091, "url": "https://www.iryou.teikyouseido.mhlw.go.jp/znk-web/juminkanja/S2430/initialize?prefCd=32&kikanCd=2325704500&kikanKbn=2", "url2": null, "内容": "特別養護老人ホーム偕生園診療所【2:診療所】【診療科目:内科】島根県浜田市黒川町１９６－１特別養護老人ホーム偕生園" }, "geometry": { "type": "Point", "coordinates": [ 132.0968091, 34.8979938 ] } },
{ "type": "Feature", "properties": { "ID": 3222325704760, "正式名称": "医療法人岡本胃腸科内科岡本胃腸科内科医院", "機関区分": 2, "都道府県コード": 32, "市区町村コード": 202, "所在地": "島根県浜田市長沢町５５０－２１", "緯度": 34.908144, "経度": 132.0964, "url": "https://www.iryou.teikyouseido.mhlw.go.jp/znk-web/juminkanja/S2430/initialize?prefCd=32&kikanCd=2325704760&kikanKbn=2", "url2": null, "内容": "医療法人岡本胃腸科内科岡本胃腸科内科医院【2:診療所】【診療科目:内科_消化器内科】島根県浜田市長沢町５５０－２１" }, "geometry": { "type": "Point", "coordinates": [ 132.0964, 34.908144 ] } },
{ "type": "Feature", "properties": { "ID": 3222325704920, "正式名称": "小池医院", "機関区分": 2, "都道府県コード": 32, "市区町村コード": 202, "所在地": "島根県浜田市日脚町９９６－６", "緯度": 34.867169, "経度": 132.026849, "url": "https://www.iryou.teikyouseido.mhlw.go.jp/znk-web/juminkanja/S2430/initialize?prefCd=32&kikanCd=2325704920&kikanKbn=2", "url2": null, "内容": "小池医院【2:診療所】【診療科目:内科_整形外科_小児科_精神科_心療内科_アレルギー科】島根県浜田市日脚町９９６－６" }, "geometry": { "type": "Point", "coordinates": [ 132.026849, 34.867169 ] } },
{ "type": "Feature", "properties": { "ID": 3222325705350, "正式名称": "井廻医院", "機関区分": 2, "都道府県コード": 32, "市区町村コード": 207, "所在地": "島根県江津市嘉久志町イ１４９４－９", "緯度": 34.996067, "経度": 132.21475, "url": "https://www.iryou.teikyouseido.mhlw.go.jp/znk-web/juminkanja/S2430/initialize?prefCd=32&kikanCd=2325705350&kikanKbn=2", "url2": null, "内容": "井廻医院【2:診療所】【診療科目:胃腸内科】島根県江津市嘉久志町イ１４９４－９" }, "geometry": { "type": "Point", "coordinates": [ 132.21475, 34.996067 ] } },
{ "type": "Feature", "properties": { "ID": 3222325707400, "正式名称": "医療法人心和会船津内科医院", "機関区分": 2, "都道府県コード": 32, "市区町村コード": 207, "所在地": "島根県江津市嘉久志町イ１２２０ー４", "緯度": 34.996067, "経度": 132.21475, "url": "https://www.iryou.teikyouseido.mhlw.go.jp/znk-web/juminkanja/S2430/initialize?prefCd=32&kikanCd=2325707400&kikanKbn=2", "url2": null, "内容": "医療法人心和会船津内科医院【2:診療所】【診療科目:内科_消化器内科】島根県江津市嘉久志町イ１２２０ー４" }, "geometry": { "type": "Point", "coordinates": [ 132.21475, 34.996067 ] } },
{ "type": "Feature", "properties": { "ID": 3222325707530, "正式名称": "医療法人社団花田医院浅利分院", "機関区分": 2, "都道府県コード": 32, "市区町村コード": 207, "所在地": "島根県江津市浅利町８４３番地１", "緯度": 35.036075, "経度": 132.266581, "url": "https://www.iryou.teikyouseido.mhlw.go.jp/znk-web/juminkanja/S2430/initialize?prefCd=32&kikanCd=2325707530&kikanKbn=2", "url2": null, "内容": "医療法人社団花田医院浅利分院【2:診療所】【診療科目:内科_循環器内科_小児科】島根県江津市浅利町８４３番地１" }, "geometry": { "type": "Point", "coordinates": [ 132.266581, 35.036075 ] } },
{ "type": "Feature", "properties": { "ID": 3222325707820, "正式名称": "医療法人恒仁会山脇整形外科医院", "機関区分": 2, "都道府県コード": 32, "市区町村コード": 207, "所在地": "島根県江津市和木町６０９－１６", "緯度": 35.002961, "経度": 132.204753, "url": "https://www.iryou.teikyouseido.mhlw.go.jp/znk-web/juminkanja/S2430/initialize?prefCd=32&kikanCd=2325707820&kikanKbn=2", "url2": null, "内容": "医療法人恒仁会山脇整形外科医院【2:診療所】【診療科目:整形外科_リウマチ科_リハビリテーション科】島根県江津市和木町６０９－１６" }, "geometry": { "type": "Point", "coordinates": [ 132.204753, 35.002961 ] } },
{ "type": "Feature", "properties": { "ID": 3222325708120, "正式名称": "医療法人社団　花田医院波積診療所", "機関区分": 2, "都道府県コード": 32, "市区町村コード": 207, "所在地": "島根県江津市波積町本郷３２５ー１", "緯度": 35.037563, "経度": 132.3417, "url": "https://www.iryou.teikyouseido.mhlw.go.jp/znk-web/juminkanja/S2430/initialize?prefCd=32&kikanCd=2325708120&kikanKbn=2", "url2": null, "内容": "医療法人社団　花田医院波積診療所【2:診療所】【診療科目:内科_循環器内科_小児科】島根県江津市波積町本郷３２５ー１" }, "geometry": { "type": "Point", "coordinates": [ 132.3417, 35.037563 ] } },
{ "type": "Feature", "properties": { "ID": 3222325709420, "正式名称": "酒井外科内科医院", "機関区分": 2, "都道府県コード": 32, "市区町村コード": 202, "所在地": "島根県浜田市旭町今市４１２－１", "緯度": 34.858112, "経度": 132.263299, "url": "https://www.iryou.teikyouseido.mhlw.go.jp/znk-web/juminkanja/S2430/initialize?prefCd=32&kikanCd=2325709420&kikanKbn=2", "url2": null, "内容": "酒井外科内科医院【2:診療所】【診療科目:内科_外科】島根県浜田市旭町今市４１２－１" }, "geometry": { "type": "Point", "coordinates": [ 132.263299, 34.858112 ] } },
{ "type": "Feature", "properties": { "ID": 3222325709710, "正式名称": "養護老人ホーム寿光苑診療所", "機関区分": 2, "都道府県コード": 32, "市区町村コード": 202, "所在地": "島根県浜田市弥栄町長安本郷４４２ー２", "緯度": 34.77655, "経度": 132.107, "url": "https://www.iryou.teikyouseido.mhlw.go.jp/znk-web/juminkanja/S2430/initialize?prefCd=32&kikanCd=2325709710&kikanKbn=2", "url2": null, "内容": "養護老人ホーム寿光苑診療所【2:診療所】【診療科目:内科】島根県浜田市弥栄町長安本郷４４２ー２" }, "geometry": { "type": "Point", "coordinates": [ 132.107, 34.77655 ] } },
{ "type": "Feature", "properties": { "ID": 3222325711090, "正式名称": "医療法人社団　彌重内科眼科医院", "機関区分": 2, "都道府県コード": 32, "市区町村コード": 202, "所在地": "島根県浜田市高田町１７", "緯度": 34.895968, "経度": 132.074063, "url": "https://www.iryou.teikyouseido.mhlw.go.jp/znk-web/juminkanja/S2430/initialize?prefCd=32&kikanCd=2325711090&kikanKbn=2", "url2": null, "内容": "医療法人社団　彌重内科眼科医院【2:診療所】【診療科目:内科_呼吸器内科_循環器内科_胃腸内科_小児科_眼科】島根県浜田市高田町１７" }, "geometry": { "type": "Point", "coordinates": [ 132.074063, 34.895968 ] } },
{ "type": "Feature", "properties": { "ID": 3222325711380, "正式名称": "特別養護老人ホームかなぎ園診療所", "機関区分": 2, "都道府県コード": 32, "市区町村コード": 202, "所在地": "島根県浜田市金城町七条イ１０４６番地５", "緯度": 34.865105, "経度": 132.15366, "url": "https://www.iryou.teikyouseido.mhlw.go.jp/znk-web/juminkanja/S2430/initialize?prefCd=32&kikanCd=2325711380&kikanKbn=2", "url2": null, "内容": "特別養護老人ホームかなぎ園診療所【2:診療所】【診療科目:内科_皮膚科_泌尿器科】島根県浜田市金城町七条イ１０４６番地５" }, "geometry": { "type": "Point", "coordinates": [ 132.15366, 34.865105 ] } },
{ "type": "Feature", "properties": { "ID": 3222325711960, "正式名称": "医療法人社団沖田内科医院金城沖田医院", "機関区分": 2, "都道府県コード": 32, "市区町村コード": 202, "所在地": "島根県浜田市金城町七条ハ３９３", "緯度": 34.868983, "経度": 132.148632, "url": "https://www.iryou.teikyouseido.mhlw.go.jp/znk-web/juminkanja/S2430/initialize?prefCd=32&kikanCd=2325711960&kikanKbn=2", "url2": null, "内容": "医療法人社団沖田内科医院金城沖田医院【2:診療所】【診療科目:内科】島根県浜田市金城町七条ハ３９３" }, "geometry": { "type": "Point", "coordinates": [ 132.148632, 34.868983 ] } },
{ "type": "Feature", "properties": { "ID": 3222325712000, "正式名称": "飯塚皮膚科", "機関区分": 2, "都道府県コード": 32, "市区町村コード": 202, "所在地": "島根県浜田市長沢町３１３番地７", "緯度": 34.912939, "経度": 132.105206, "url": "https://www.iryou.teikyouseido.mhlw.go.jp/znk-web/juminkanja/S2430/initialize?prefCd=32&kikanCd=2325712000&kikanKbn=2", "url2": null, "内容": "飯塚皮膚科【2:診療所】【診療科目:皮膚科】島根県浜田市長沢町３１３番地７" }, "geometry": { "type": "Point", "coordinates": [ 132.105206, 34.912939 ] } },
{ "type": "Feature", "properties": { "ID": 3222325712390, "正式名称": "浜田市国民健康保険大麻診療所", "機関区分": 2, "都道府県コード": 32, "市区町村コード": 202, "所在地": "島根県浜田市西村町１０３１番地５", "緯度": 34.825176, "経度": 131.986421, "url": "https://www.iryou.teikyouseido.mhlw.go.jp/znk-web/juminkanja/S2430/initialize?prefCd=32&kikanCd=2325712390&kikanKbn=2", "url2": null, "内容": "浜田市国民健康保険大麻診療所【2:診療所】【診療科目:内科】島根県浜田市西村町１０３１番地５" }, "geometry": { "type": "Point", "coordinates": [ 131.986421, 34.825176 ] } },
{ "type": "Feature", "properties": { "ID": 3222325712420, "正式名称": "医療法人河野眼科医院", "機関区分": 2, "都道府県コード": 32, "市区町村コード": 202, "所在地": "島根県浜田市琵琶町１４３－１", "緯度": 34.899896, "経度": 132.087153, "url": "https://www.iryou.teikyouseido.mhlw.go.jp/znk-web/juminkanja/S2430/initialize?prefCd=32&kikanCd=2325712420&kikanKbn=2", "url2": "https://www.eye-kono.com/", "内容": "医療法人河野眼科医院【2:診療所】【診療科目:眼科】島根県浜田市琵琶町１４３－１" }, "geometry": { "type": "Point", "coordinates": [ 132.087153, 34.899896 ] } },
{ "type": "Feature", "properties": { "ID": 3222325712680, "正式名称": "鈴木内科眼科医院", "機関区分": 2, "都道府県コード": 32, "市区町村コード": 207, "所在地": "島根県江津市和木町５３２－１２", "緯度": 35.003114, "経度": 132.206064, "url": "https://www.iryou.teikyouseido.mhlw.go.jp/znk-web/juminkanja/S2430/initialize?prefCd=32&kikanCd=2325712680&kikanKbn=2", "url2": "https://suzukinaikagankain.tkc.best-hp.jp", "内容": "鈴木内科眼科医院【2:診療所】【診療科目:内科_眼科_皮膚科】島根県江津市和木町５３２－１２" }, "geometry": { "type": "Point", "coordinates": [ 132.206064, 35.003114 ] } },
{ "type": "Feature", "properties": { "ID": 3222325712710, "正式名称": "おさだ眼科クリニック", "機関区分": 2, "都道府県コード": 32, "市区町村コード": 202, "所在地": "島根県浜田市浅井町１５０８－１１", "緯度": 34.903803, "経度": 132.084744, "url": "https://www.iryou.teikyouseido.mhlw.go.jp/znk-web/juminkanja/S2430/initialize?prefCd=32&kikanCd=2325712710&kikanKbn=2", "url2": "https://www.osadagankaclinic.com", "内容": "おさだ眼科クリニック【2:診療所】【診療科目:眼科】島根県浜田市浅井町１５０８－１１" }, "geometry": { "type": "Point", "coordinates": [ 132.084744, 34.903803 ] } },
{ "type": "Feature", "properties": { "ID": 3222325712970, "正式名称": "能美クリニック", "機関区分": 2, "都道府県コード": 32, "市区町村コード": 202, "所在地": "島根県浜田市天満町１１", "緯度": 34.896996, "経度": 132.080363, "url": "https://www.iryou.teikyouseido.mhlw.go.jp/znk-web/juminkanja/S2430/initialize?prefCd=32&kikanCd=2325712970&kikanKbn=2", "url2": null, "内容": "能美クリニック【2:診療所】【診療科目:内科_整形外科_リハビリテーション科】島根県浜田市天満町１１" }, "geometry": { "type": "Point", "coordinates": [ 132.080363, 34.896996 ] } },
{ "type": "Feature", "properties": { "ID": 3222325713270, "正式名称": "浜田市国民健康保険波佐診療所", "機関区分": 2, "都道府県コード": 32, "市区町村コード": 202, "所在地": "島根県浜田市金城町波佐イ４４１番地１", "緯度": 34.777484, "経度": 132.197766, "url": "https://www.iryou.teikyouseido.mhlw.go.jp/znk-web/juminkanja/S2430/initialize?prefCd=32&kikanCd=2325713270&kikanKbn=2", "url2": "https://www.city.hamada.shimane.jp/www/contents/1394092461928/index.html", "内容": "浜田市国民健康保険波佐診療所【2:診療所】【診療科目:内科_小児科】島根県浜田市金城町波佐イ４４１番地１" }, "geometry": { "type": "Point", "coordinates": [ 132.197766, 34.777484 ] } },
{ "type": "Feature", "properties": { "ID": 3222325713430, "正式名称": "医療法人社団爽治会　国沢内科医院", "機関区分": 2, "都道府県コード": 32, "市区町村コード": 207, "所在地": "島根県江津市都野津町１９７２－１", "緯度": 34.989297, "経度": 132.190033, "url": "https://www.iryou.teikyouseido.mhlw.go.jp/znk-web/juminkanja/S2430/initialize?prefCd=32&kikanCd=2325713430&kikanKbn=2", "url2": "http://www.soujikai.jp", "内容": "医療法人社団爽治会　国沢内科医院【2:診療所】【診療科目:内科】島根県江津市都野津町１９７２－１" }, "geometry": { "type": "Point", "coordinates": [ 132.190033, 34.989297 ] } },
{ "type": "Feature", "properties": { "ID": 3222325713690, "正式名称": "医療法人　斎藤医院", "機関区分": 2, "都道府県コード": 32, "市区町村コード": 202, "所在地": "島根県浜田市朝日町１１－１", "緯度": 34.897936, "経度": 132.083763, "url": "https://www.iryou.teikyouseido.mhlw.go.jp/znk-web/juminkanja/S2430/initialize?prefCd=32&kikanCd=2325713690&kikanKbn=2", "url2": "https://www.clinic.fans/", "内容": "医療法人　斎藤医院【2:診療所】【診療科目:内科_小児科_アレルギー科】島根県浜田市朝日町１１－１" }, "geometry": { "type": "Point", "coordinates": [ 132.083763, 34.897936 ] } },
{ "type": "Feature", "properties": { "ID": 3222325713850, "正式名称": "特別養護老人ホーム弥栄苑診療所", "機関区分": 2, "都道府県コード": 32, "市区町村コード": 202, "所在地": "島根県浜田市弥栄町木都賀イ５３９ー１特別養護老人ホーム弥栄苑", "緯度": 34.76639, "経度": 132.07224, "url": "https://www.iryou.teikyouseido.mhlw.go.jp/znk-web/juminkanja/S2430/initialize?prefCd=32&kikanCd=2325713850&kikanKbn=2", "url2": null, "内容": "特別養護老人ホーム弥栄苑診療所【2:診療所】【診療科目:内科_心療内科】島根県浜田市弥栄町木都賀イ５３９ー１特別養護老人ホーム弥栄苑" }, "geometry": { "type": "Point", "coordinates": [ 132.07224, 34.76639 ] } },
{ "type": "Feature", "properties": { "ID": 3222325713980, "正式名称": "もりとう内科クリニック", "機関区分": 2, "都道府県コード": 32, "市区町村コード": 207, "所在地": "島根県江津市江津町１２８５", "緯度": 35.015552, "経度": 132.223621, "url": "https://www.iryou.teikyouseido.mhlw.go.jp/znk-web/juminkanja/S2430/initialize?prefCd=32&kikanCd=2325713980&kikanKbn=2", "url2": null, "内容": "もりとう内科クリニック【2:診療所】【診療科目:内科_小児科】島根県江津市江津町１２８５" }, "geometry": { "type": "Point", "coordinates": [ 132.223621, 35.015552 ] } },
{ "type": "Feature", "properties": { "ID": 3222325714020, "正式名称": "浜田市国民健康保険弥栄診療所", "機関区分": 2, "都道府県コード": 32, "市区町村コード": 202, "所在地": "島根県浜田市弥栄町木都賀イ５３０番地１", "緯度": 34.766602, "経度": 132.071607, "url": "https://www.iryou.teikyouseido.mhlw.go.jp/znk-web/juminkanja/S2430/initialize?prefCd=32&kikanCd=2325714020&kikanKbn=2", "url2": "https://www.city.hamada.shimane.jp/", "内容": "浜田市国民健康保険弥栄診療所【2:診療所】【診療科目:内科_小児科_眼科】島根県浜田市弥栄町木都賀イ５３０番地１" }, "geometry": { "type": "Point", "coordinates": [ 132.071607, 34.766602 ] } },
{ "type": "Feature", "properties": { "ID": 3222325714150, "正式名称": "医療法人社団　花田医院", "機関区分": 2, "都道府県コード": 32, "市区町村コード": 207, "所在地": "島根県江津市後地町３０２３", "緯度": 35.036783, "経度": 132.299975, "url": "https://www.iryou.teikyouseido.mhlw.go.jp/znk-web/juminkanja/S2430/initialize?prefCd=32&kikanCd=2325714150&kikanKbn=2", "url2": null, "内容": "医療法人社団　花田医院【2:診療所】【診療科目:内科_循環器内科_小児科】島根県江津市後地町３０２３" }, "geometry": { "type": "Point", "coordinates": [ 132.299975, 35.036783 ] } },
{ "type": "Feature", "properties": { "ID": 3222325714310, "正式名称": "久保田眼科", "機関区分": 2, "都道府県コード": 32, "市区町村コード": 202, "所在地": "島根県浜田市国分町１９８１－１４５", "緯度": 34.937078, "経度": 132.110189, "url": "https://www.iryou.teikyouseido.mhlw.go.jp/znk-web/juminkanja/S2430/initialize?prefCd=32&kikanCd=2325714310&kikanKbn=2", "url2": "kubota-ganka.info/", "内容": "久保田眼科【2:診療所】【診療科目:眼科】島根県浜田市国分町１９８１－１４５" }, "geometry": { "type": "Point", "coordinates": [ 132.110189, 34.937078 ] } },
{ "type": "Feature", "properties": { "ID": 3222325714570, "正式名称": "医療法人社団もりわき眼科", "機関区分": 2, "都道府県コード": 32, "市区町村コード": 202, "所在地": "島根県浜田市日脚町２４４番地８医療法人社団もりわき眼科", "緯度": 34.866252, "経度": 132.028107, "url": "https://www.iryou.teikyouseido.mhlw.go.jp/znk-web/juminkanja/S2430/initialize?prefCd=32&kikanCd=2325714570&kikanKbn=2", "url2": null, "内容": "医療法人社団もりわき眼科【2:診療所】【診療科目:眼科】島根県浜田市日脚町２４４番地８医療法人社団もりわき眼科" }, "geometry": { "type": "Point", "coordinates": [ 132.028107, 34.866252 ] } },
{ "type": "Feature", "properties": { "ID": 3222325715450, "正式名称": "ごうばら耳鼻咽喉科", "機関区分": 2, "都道府県コード": 32, "市区町村コード": 202, "所在地": "島根県浜田市黒川町２１３－１", "緯度": 34.897628, "経度": 132.097403, "url": "https://www.iryou.teikyouseido.mhlw.go.jp/znk-web/juminkanja/S2430/initialize?prefCd=32&kikanCd=2325715450&kikanKbn=2", "url2": null, "内容": "ごうばら耳鼻咽喉科【2:診療所】【診療科目:耳鼻いんこう科】島根県浜田市黒川町２１３－１" }, "geometry": { "type": "Point", "coordinates": [ 132.097403, 34.897628 ] } },
{ "type": "Feature", "properties": { "ID": 3222325715580, "正式名称": "養護老人ホーム　ミレ青山内　医務室", "機関区分": 2, "都道府県コード": 32, "市区町村コード": 207, "所在地": "島根県江津市二宮町神主１９６４番地３１", "緯度": 34.978128, "経度": 132.184453, "url": "https://www.iryou.teikyouseido.mhlw.go.jp/znk-web/juminkanja/S2430/initialize?prefCd=32&kikanCd=2325715580&kikanKbn=2", "url2": null, "内容": "養護老人ホーム　ミレ青山内　医務室【2:診療所】【診療科目:内科】島根県江津市二宮町神主１９６４番地３１" }, "geometry": { "type": "Point", "coordinates": [ 132.184453, 34.978128 ] } },
{ "type": "Feature", "properties": { "ID": 3222325715870, "正式名称": "もりとう内科松平診療所", "機関区分": 2, "都道府県コード": 32, "市区町村コード": 207, "所在地": "島根県江津市松川町市村６５８番地", "緯度": 35.002755, "経度": 132.281267, "url": "https://www.iryou.teikyouseido.mhlw.go.jp/znk-web/juminkanja/S2430/initialize?prefCd=32&kikanCd=2325715870&kikanKbn=2", "url2": null, "内容": "もりとう内科松平診療所【2:診療所】【診療科目:内科】島根県江津市松川町市村６５８番地" }, "geometry": { "type": "Point", "coordinates": [ 132.281267, 35.002755 ] } },
{ "type": "Feature", "properties": { "ID": 3222325715900, "正式名称": "中村医院", "機関区分": 2, "都道府県コード": 32, "市区町村コード": 202, "所在地": "島根県浜田市三隅町三隅１３５６番地", "緯度": 34.777144, "経度": 131.964986, "url": "https://www.iryou.teikyouseido.mhlw.go.jp/znk-web/juminkanja/S2430/initialize?prefCd=32&kikanCd=2325715900&kikanKbn=2", "url2": null, "内容": "中村医院【2:診療所】【診療科目:内科_外科_整形外科_リハビリテーション科】島根県浜田市三隅町三隅１３５６番地" }, "geometry": { "type": "Point", "coordinates": [ 131.964986, 34.777144 ] } },
{ "type": "Feature", "properties": { "ID": 3222325716040, "正式名称": "医療法人　中村呼吸器内科医院", "機関区分": 2, "都道府県コード": 32, "市区町村コード": 202, "所在地": "島根県浜田市内村町　７８７－８", "緯度": 34.852964, "経度": 132.057081, "url": "https://www.iryou.teikyouseido.mhlw.go.jp/znk-web/juminkanja/S2430/initialize?prefCd=32&kikanCd=2325716040&kikanKbn=2", "url2": null, "内容": "医療法人　中村呼吸器内科医院【2:診療所】【診療科目:内科_呼吸器内科】島根県浜田市内村町　７８７－８" }, "geometry": { "type": "Point", "coordinates": [ 132.057081, 34.852964 ] } },
{ "type": "Feature", "properties": { "ID": 3222325716590, "正式名称": "医療法人社団ＭＯＫＯ大石内科医院", "機関区分": 2, "都道府県コード": 32, "市区町村コード": 202, "所在地": "島根県浜田市黒川町１１５番地１", "緯度": 34.900639, "経度": 132.09135, "url": "https://www.iryou.teikyouseido.mhlw.go.jp/znk-web/juminkanja/S2430/initialize?prefCd=32&kikanCd=2325716590&kikanKbn=2", "url2": null, "内容": "医療法人社団ＭＯＫＯ大石内科医院【2:診療所】【診療科目:内科_腎臓内科_人工透析内科】島根県浜田市黒川町１１５番地１" }, "geometry": { "type": "Point", "coordinates": [ 132.09135, 34.900639 ] } },
{ "type": "Feature", "properties": { "ID": 3222325716880, "正式名称": "野上医院", "機関区分": 2, "都道府県コード": 32, "市区町村コード": 202, "所在地": "島根県浜田市三隅町三隅１３０３", "緯度": 34.775925, "経度": 131.963425, "url": "https://www.iryou.teikyouseido.mhlw.go.jp/znk-web/juminkanja/S2430/initialize?prefCd=32&kikanCd=2325716880&kikanKbn=2", "url2": null, "内容": "野上医院【2:診療所】【診療科目:内科_呼吸器内科_小児科】島根県浜田市三隅町三隅１３０３" }, "geometry": { "type": "Point", "coordinates": [ 131.963425, 34.775925 ] } },
{ "type": "Feature", "properties": { "ID": 3222325717050, "正式名称": "浜田市国民健康保険あさひ診療所", "機関区分": 2, "都道府県コード": 32, "市区町村コード": 202, "所在地": "島根県浜田市旭町丸原１３８－１", "緯度": 34.872439, "経度": 132.259513, "url": "https://www.iryou.teikyouseido.mhlw.go.jp/znk-web/juminkanja/S2430/initialize?prefCd=32&kikanCd=2325717050&kikanKbn=2", "url2": "https://www.city.hamada.shimane.jp", "内容": "浜田市国民健康保険あさひ診療所【2:診療所】【診療科目:内科】島根県浜田市旭町丸原１３８－１" }, "geometry": { "type": "Point", "coordinates": [ 132.259513, 34.872439 ] } },
{ "type": "Feature", "properties": { "ID": 3222325717180, "正式名称": "島根県浜田保健所", "機関区分": 2, "都道府県コード": 32, "市区町村コード": 202, "所在地": "島根県浜田市片庭町２５４浜田保健所", "緯度": 34.897841, "経度": 132.070802, "url": "https://www.iryou.teikyouseido.mhlw.go.jp/znk-web/juminkanja/S2430/initialize?prefCd=32&kikanCd=2325717180&kikanKbn=2", "url2": null, "内容": "島根県浜田保健所【2:診療所】【診療科目:内科_ー】島根県浜田市片庭町２５４浜田保健所" }, "geometry": { "type": "Point", "coordinates": [ 132.070802, 34.897841 ] } },
{ "type": "Feature", "properties": { "ID": 3222325717210, "正式名称": "医療法人　中村整形外科", "機関区分": 2, "都道府県コード": 32, "市区町村コード": 202, "所在地": "島根県浜田市殿町７４－２", "緯度": 34.901431, "経度": 132.078783, "url": "https://www.iryou.teikyouseido.mhlw.go.jp/znk-web/juminkanja/S2430/initialize?prefCd=32&kikanCd=2325717210&kikanKbn=2", "url2": null, "内容": "医療法人　中村整形外科【2:診療所】【診療科目:整形外科_リハビリテーション科】島根県浜田市殿町７４－２" }, "geometry": { "type": "Point", "coordinates": [ 132.078783, 34.901431 ] } },
{ "type": "Feature", "properties": { "ID": 3222325717340, "正式名称": "丸山内科クリニック", "機関区分": 2, "都道府県コード": 32, "市区町村コード": 202, "所在地": "島根県浜田市相生町３９２１", "緯度": 34.896568, "経度": 132.093616, "url": "https://www.iryou.teikyouseido.mhlw.go.jp/znk-web/juminkanja/S2430/initialize?prefCd=32&kikanCd=2325717340&kikanKbn=2", "url2": null, "内容": "丸山内科クリニック【2:診療所】【診療科目:内科】島根県浜田市相生町３９２１" }, "geometry": { "type": "Point", "coordinates": [ 132.093616, 34.896568 ] } },
{ "type": "Feature", "properties": { "ID": 3222325717470, "正式名称": "有福クリニック", "機関区分": 2, "都道府県コード": 32, "市区町村コード": 207, "所在地": "島根県江津市有福温泉町５４６", "緯度": 34.945091, "経度": 132.198324, "url": "https://www.iryou.teikyouseido.mhlw.go.jp/znk-web/juminkanja/S2430/initialize?prefCd=32&kikanCd=2325717470&kikanKbn=2", "url2": null, "内容": "有福クリニック【2:診療所】【診療科目:内科_外科_整形外科】島根県江津市有福温泉町５４６" }, "geometry": { "type": "Point", "coordinates": [ 132.198324, 34.945091 ] } },
{ "type": "Feature", "properties": { "ID": 3222325717500, "正式名称": "医療法人心療内科田中クリニック", "機関区分": 2, "都道府県コード": 32, "市区町村コード": 202, "所在地": "島根県浜田市長沢町３１５６", "緯度": 34.914379, "経度": 132.103236, "url": "https://www.iryou.teikyouseido.mhlw.go.jp/znk-web/juminkanja/S2430/initialize?prefCd=32&kikanCd=2325717500&kikanKbn=2", "url2": null, "内容": "医療法人心療内科田中クリニック【2:診療所】【診療科目:精神科_心療内科】島根県浜田市長沢町３１５６" }, "geometry": { "type": "Point", "coordinates": [ 132.103236, 34.914379 ] } },
{ "type": "Feature", "properties": { "ID": 3222325717630, "正式名称": "さわだクリニック", "機関区分": 2, "都道府県コード": 32, "市区町村コード": 202, "所在地": "島根県浜田市国分町１９８１ー１３２", "緯度": 34.935928, "経度": 132.109802, "url": "https://www.iryou.teikyouseido.mhlw.go.jp/znk-web/juminkanja/S2430/initialize?prefCd=32&kikanCd=2325717630&kikanKbn=2", "url2": null, "内容": "さわだクリニック【2:診療所】【診療科目:内科_アレルギー疾患内科_小児科】島根県浜田市国分町１９８１ー１３２" }, "geometry": { "type": "Point", "coordinates": [ 132.109802, 34.935928 ] } },
{ "type": "Feature", "properties": { "ID": 3222325717920, "正式名称": "医療法人　三隅整形外科医院", "機関区分": 2, "都道府県コード": 32, "市区町村コード": 202, "所在地": "島根県浜田市治和町６７－１", "緯度": 34.856332, "経度": 132.020534, "url": "https://www.iryou.teikyouseido.mhlw.go.jp/znk-web/juminkanja/S2430/initialize?prefCd=32&kikanCd=2325717920&kikanKbn=2", "url2": null, "内容": "医療法人　三隅整形外科医院【2:診療所】【診療科目:整形外科】島根県浜田市治和町６７－１" }, "geometry": { "type": "Point", "coordinates": [ 132.020534, 34.856332 ] } },
{ "type": "Feature", "properties": { "ID": 3222325718060, "正式名称": "さかね内科", "機関区分": 2, "都道府県コード": 32, "市区町村コード": 202, "所在地": "島根県浜田市殿町７６－６", "緯度": 34.901357, "経度": 132.078879, "url": "https://www.iryou.teikyouseido.mhlw.go.jp/znk-web/juminkanja/S2430/initialize?prefCd=32&kikanCd=2325718060&kikanKbn=2", "url2": null, "内容": "さかね内科【2:診療所】【診療科目:内科】島根県浜田市殿町７６－６" }, "geometry": { "type": "Point", "coordinates": [ 132.078879, 34.901357 ] } },
{ "type": "Feature", "properties": { "ID": 3222325718220, "正式名称": "医療法人すみれ小児科", "機関区分": 2, "都道府県コード": 32, "市区町村コード": 202, "所在地": "島根県浜田市熱田町５４１番地１", "緯度": 34.87655, "経度": 132.059203, "url": "https://www.iryou.teikyouseido.mhlw.go.jp/znk-web/juminkanja/S2430/initialize?prefCd=32&kikanCd=2325718220&kikanKbn=2", "url2": null, "内容": "医療法人すみれ小児科【2:診療所】【診療科目:小児科_アレルギー科】島根県浜田市熱田町５４１番地１" }, "geometry": { "type": "Point", "coordinates": [ 132.059203, 34.87655 ] } },
{ "type": "Feature", "properties": { "ID": 3222325718350, "正式名称": "医療法人　都医院", "機関区分": 2, "都道府県コード": 32, "市区町村コード": 202, "所在地": "島根県浜田市治和町イ１１０番地２", "緯度": 34.85691, "経度": 132.02, "url": "https://www.iryou.teikyouseido.mhlw.go.jp/znk-web/juminkanja/S2430/initialize?prefCd=32&kikanCd=2325718350&kikanKbn=2", "url2": null, "内容": "医療法人　都医院【2:診療所】【診療科目:内科_小児科_皮膚科】島根県浜田市治和町イ１１０番地２" }, "geometry": { "type": "Point", "coordinates": [ 132.02, 34.85691 ] } },
{ "type": "Feature", "properties": { "ID": 3222325718480, "正式名称": "島根県立島根あさひ社会復帰促進センター診療所", "機関区分": 2, "都道府県コード": 32, "市区町村コード": 202, "所在地": "島根県浜田市旭町丸原３８０－１５", "緯度": 34.878365, "経度": 132.256708, "url": "https://www.iryou.teikyouseido.mhlw.go.jp/znk-web/juminkanja/S2430/initialize?prefCd=32&kikanCd=2325718480&kikanKbn=2", "url2": "http://www.pref.shimane.lg.jp/shinryo_syo/", "内容": "島根県立島根あさひ社会復帰促進センター診療所【2:診療所】【診療科目:眼科】島根県浜田市旭町丸原３８０－１５" }, "geometry": { "type": "Point", "coordinates": [ 132.256708, 34.878365 ] } },
{ "type": "Feature", "properties": { "ID": 3222325718770, "正式名称": "社会医療法人　清和会　こころクリニックせいわ", "機関区分": 2, "都道府県コード": 32, "市区町村コード": 202, "所在地": "島根県浜田市田町５２－７", "緯度": 34.901908, "経度": 132.086594, "url": "https://www.iryou.teikyouseido.mhlw.go.jp/znk-web/juminkanja/S2430/initialize?prefCd=32&kikanCd=2325718770&kikanKbn=2", "url2": "https://seiwakai-shimane.com/nishikawa/", "内容": "社会医療法人　清和会　こころクリニックせいわ【2:診療所】【診療科目:精神科_神経科_心療内科】島根県浜田市田町５２－７" }, "geometry": { "type": "Point", "coordinates": [ 132.086594, 34.901908 ] } },
{ "type": "Feature", "properties": { "ID": 3222325718930, "正式名称": "厚生労働省第二共済組合　浜田医療センター所属所", "機関区分": 2, "都道府県コード": 32, "市区町村コード": 202, "所在地": "島根県浜田市浅井町７７７－１２", "緯度": 34.903822, "経度": 132.088853, "url": "https://www.iryou.teikyouseido.mhlw.go.jp/znk-web/juminkanja/S2430/initialize?prefCd=32&kikanCd=2325718930&kikanKbn=2", "url2": null, "内容": "厚生労働省第二共済組合　浜田医療センター所属所【2:診療所】【診療科目:内科_歯科】島根県浜田市浅井町７７７－１２" }, "geometry": { "type": "Point", "coordinates": [ 132.088853, 34.903822 ] } },
{ "type": "Feature", "properties": { "ID": 3222325719100, "正式名称": "医療法人心和会船津内科川戸クリニック", "機関区分": 2, "都道府県コード": 32, "市区町村コード": 207, "所在地": "島根県江津市桜江町川戸１７８番地１", "緯度": 34.960772, "経度": 132.334244, "url": "https://www.iryou.teikyouseido.mhlw.go.jp/znk-web/juminkanja/S2430/initialize?prefCd=32&kikanCd=2325719100&kikanKbn=2", "url2": null, "内容": "医療法人心和会船津内科川戸クリニック【2:診療所】【診療科目:内科】島根県江津市桜江町川戸１７８番地１" }, "geometry": { "type": "Point", "coordinates": [ 132.334244, 34.960772 ] } },
{ "type": "Feature", "properties": { "ID": 3222325719360, "正式名称": "敬川沖田クリニック", "機関区分": 2, "都道府県コード": 32, "市区町村コード": 207, "所在地": "島根県江津市敬川町２９６－６", "緯度": 34.970676, "経度": 132.171092, "url": "https://www.iryou.teikyouseido.mhlw.go.jp/znk-web/juminkanja/S2430/initialize?prefCd=32&kikanCd=2325719360&kikanKbn=2", "url2": "https://uyagawa-okita-clinic.com/", "内容": "敬川沖田クリニック【2:診療所】【診療科目:内科_外科_整形外科_リハビリテーション科_麻酔科】島根県江津市敬川町２９６－６" }, "geometry": { "type": "Point", "coordinates": [ 132.171092, 34.970676 ] } },
{ "type": "Feature", "properties": { "ID": 3222325719490, "正式名称": "特別養護老人ホーム福寿草", "機関区分": 2, "都道府県コード": 32, "市区町村コード": 202, "所在地": "島根県浜田市治和町４０番地５", "緯度": 34.855714, "経度": 132.021519, "url": "https://www.iryou.teikyouseido.mhlw.go.jp/znk-web/juminkanja/S2430/initialize?prefCd=32&kikanCd=2325719490&kikanKbn=2", "url2": null, "内容": "特別養護老人ホーム福寿草【2:診療所】【診療科目:内科】島根県浜田市治和町４０番地５" }, "geometry": { "type": "Point", "coordinates": [ 132.021519, 34.855714 ] } },
{ "type": "Feature", "properties": { "ID": 3222325719520, "正式名称": "びおら小児科", "機関区分": 2, "都道府県コード": 32, "市区町村コード": 207, "所在地": "島根県江津市敬川町２９０－１", "緯度": 34.971256, "経度": 132.170836, "url": "https://www.iryou.teikyouseido.mhlw.go.jp/znk-web/juminkanja/S2430/initialize?prefCd=32&kikanCd=2325719520&kikanKbn=2", "url2": null, "内容": "びおら小児科【2:診療所】【診療科目:小児科_アレルギー科】島根県江津市敬川町２９０－１" }, "geometry": { "type": "Point", "coordinates": [ 132.170836, 34.971256 ] } },
{ "type": "Feature", "properties": { "ID": 3222325720180, "正式名称": "養護老人ホーム　長寿苑診療所", "機関区分": 2, "都道府県コード": 32, "市区町村コード": 202, "所在地": "島根県浜田市旭町今市１０３９", "緯度": 34.862367, "経度": 132.256764, "url": "https://www.iryou.teikyouseido.mhlw.go.jp/znk-web/juminkanja/S2430/initialize?prefCd=32&kikanCd=2325720180&kikanKbn=2", "url2": null, "内容": "養護老人ホーム　長寿苑診療所【2:診療所】【診療科目:内科】島根県浜田市旭町今市１０３９" }, "geometry": { "type": "Point", "coordinates": [ 132.256764, 34.862367 ] } },
{ "type": "Feature", "properties": { "ID": 3222325720210, "正式名称": "医療法人社団　寺井医院", "機関区分": 2, "都道府県コード": 32, "市区町村コード": 202, "所在地": "島根県浜田市三隅町三隅３８２－１", "緯度": 34.794656, "経度": 131.956406, "url": "https://www.iryou.teikyouseido.mhlw.go.jp/znk-web/juminkanja/S2430/initialize?prefCd=32&kikanCd=2325720210&kikanKbn=2", "url2": "https://www.misumi-terai-iin.com/", "内容": "医療法人社団　寺井医院【2:診療所】【診療科目:内科_呼吸器内科_循環器内科_消化器内科_小児科_放射線科】島根県浜田市三隅町三隅３８２－１" }, "geometry": { "type": "Point", "coordinates": [ 131.956406, 34.794656 ] } },
{ "type": "Feature", "properties": { "ID": 3222325720500, "正式名称": "特別養護老人ホームロング・レン医務室", "機関区分": 2, "都道府県コード": 32, "市区町村コード": 202, "所在地": "島根県浜田市長沢町１４２８番地６特別養護老人ホームロング・レン", "緯度": 34.906389, "経度": 132.099358, "url": "https://www.iryou.teikyouseido.mhlw.go.jp/znk-web/juminkanja/S2430/initialize?prefCd=32&kikanCd=2325720500&kikanKbn=2", "url2": null, "内容": "特別養護老人ホームロング・レン医務室【2:診療所】【診療科目:内科_内科】島根県浜田市長沢町１４２８番地６特別養護老人ホームロング・レン" }, "geometry": { "type": "Point", "coordinates": [ 132.099358, 34.906389 ] } },
{ "type": "Feature", "properties": { "ID": 3222325720630, "正式名称": "おかだファミリークリニック", "機関区分": 2, "都道府県コード": 32, "市区町村コード": 207, "所在地": "島根県江津市都野津町２３７９－３", "緯度": 34.986358, "経度": 132.185872, "url": "https://www.iryou.teikyouseido.mhlw.go.jp/znk-web/juminkanja/S2430/initialize?prefCd=32&kikanCd=2325720630&kikanKbn=2", "url2": null, "内容": "おかだファミリークリニック【2:診療所】【診療科目:内科_消化器内科】島根県江津市都野津町２３７９－３" }, "geometry": { "type": "Point", "coordinates": [ 132.185872, 34.986358 ] } },
{ "type": "Feature", "properties": { "ID": 3222325720890, "正式名称": "くざの里診療所", "機関区分": 2, "都道府県コード": 32, "市区町村コード": 202, "所在地": "島根県浜田市金城町久佐イ５６０－１", "緯度": 34.853264, "経度": 132.21713, "url": "https://www.iryou.teikyouseido.mhlw.go.jp/znk-web/juminkanja/S2430/initialize?prefCd=32&kikanCd=2325720890&kikanKbn=2", "url2": null, "内容": "くざの里診療所【2:診療所】【診療科目:内科】島根県浜田市金城町久佐イ５６０－１" }, "geometry": { "type": "Point", "coordinates": [ 132.21713, 34.853264 ] } },
{ "type": "Feature", "properties": { "ID": 3222325721060, "正式名称": "沖田医院", "機関区分": 2, "都道府県コード": 32, "市区町村コード": 202, "所在地": "島根県浜田市殿町３－１", "緯度": 34.899725, "経度": 132.079289, "url": "https://www.iryou.teikyouseido.mhlw.go.jp/znk-web/juminkanja/S2430/initialize?prefCd=32&kikanCd=2325721060&kikanKbn=2", "url2": null, "内容": "沖田医院【2:診療所】【診療科目:内科_外科_整形外科_リハビリテーション科】島根県浜田市殿町３－１" }, "geometry": { "type": "Point", "coordinates": [ 132.079289, 34.899725 ] } },
{ "type": "Feature", "properties": { "ID": 3222325721220, "正式名称": "島田診療所　殿町介護医療院", "機関区分": 2, "都道府県コード": 32, "市区町村コード": 202, "所在地": "島根県浜田市殿町８３番地３１", "緯度": 34.899281, "経度": 132.076, "url": "https://www.iryou.teikyouseido.mhlw.go.jp/znk-web/juminkanja/S2430/initialize?prefCd=32&kikanCd=2325721220&kikanKbn=2", "url2": null, "内容": "島田診療所　殿町介護医療院【2:診療所】【診療科目:内科_神経内科】島根県浜田市殿町８３番地３１" }, "geometry": { "type": "Point", "coordinates": [ 132.076, 34.899281 ] } },
{ "type": "Feature", "properties": { "ID": 3222325725840, "正式名称": "浜田市休日応急診療所", "機関区分": 2, "都道府県コード": 32, "市区町村コード": 202, "所在地": "島根県浜田市田町７５７番地３", "緯度": 34.901194, "経度": 132.085217, "url": "https://www.iryou.teikyouseido.mhlw.go.jp/znk-web/juminkanja/S2430/initialize?prefCd=32&kikanCd=2325725840&kikanKbn=2", "url2": "https://www.city.hamada.shimane.jp/www/contents/1634036679652/index.html", "内容": "浜田市休日応急診療所【2:診療所】【診療科目:内科_小児科】島根県浜田市田町７５７番地３" }, "geometry": { "type": "Point", "coordinates": [ 132.085217, 34.901194 ] } },
{ "type": "Feature", "properties": { "ID": 3222325726690, "正式名称": "医療法人　花田クリニック", "機関区分": 2, "都道府県コード": 32, "市区町村コード": 207, "所在地": "島根県江津市嘉久志町イ６６８－１９", "緯度": 34.996067, "経度": 132.21475, "url": "https://www.iryou.teikyouseido.mhlw.go.jp/znk-web/juminkanja/S2430/initialize?prefCd=32&kikanCd=2325726690&kikanKbn=2", "url2": null, "内容": "医療法人　花田クリニック【2:診療所】【診療科目:内科_腎臓内科_人工透析内科】島根県江津市嘉久志町イ６６８－１９" }, "geometry": { "type": "Point", "coordinates": [ 132.21475, 34.996067 ] } },
{ "type": "Feature", "properties": { "ID": 3222325727020, "正式名称": "浜田長沢皮フ科・アレルギー科", "機関区分": 2, "都道府県コード": 32, "市区町村コード": 202, "所在地": "島根県浜田市長沢町３２１－１", "緯度": 34.914219, "経度": 132.105708, "url": "https://www.iryou.teikyouseido.mhlw.go.jp/znk-web/juminkanja/S2430/initialize?prefCd=32&kikanCd=2325727020&kikanKbn=2", "url2": null, "内容": "浜田長沢皮フ科・アレルギー科【2:診療所】【診療科目:小児皮膚科_皮膚科_アレルギー科】島根県浜田市長沢町３２１－１" }, "geometry": { "type": "Point", "coordinates": [ 132.105708, 34.914219 ] } },
{ "type": "Feature", "properties": { "ID": 3222325727280, "正式名称": "いわみ眼科クリニック", "機関区分": 2, "都道府県コード": 32, "市区町村コード": 207, "所在地": "島根県江津市嘉久志町イ６８０番", "緯度": 35.003722, "経度": 132.213822, "url": "https://www.iryou.teikyouseido.mhlw.go.jp/znk-web/juminkanja/S2430/initialize?prefCd=32&kikanCd=2325727280&kikanKbn=2", "url2": "https://iwami-ganka.com/", "内容": "いわみ眼科クリニック【2:診療所】【診療科目:眼科】島根県江津市嘉久志町イ６８０番" }, "geometry": { "type": "Point", "coordinates": [ 132.213822, 35.003722 ] } },
{ "type": "Feature", "properties": { "ID": 3222325800590, "正式名称": "医療法人　大畑医院", "機関区分": 2, "都道府県コード": 32, "市区町村コード": 204, "所在地": "島根県益田市中島町イ９１番地１", "緯度": 34.685301, "経度": 131.832213, "url": "https://www.iryou.teikyouseido.mhlw.go.jp/znk-web/juminkanja/S2430/initialize?prefCd=32&kikanCd=2325800590&kikanKbn=2", "url2": null, "内容": "医療法人　大畑医院【2:診療所】【診療科目:皮膚科_アレルギー科】島根県益田市中島町イ９１番地１" }, "geometry": { "type": "Point", "coordinates": [ 131.832213, 34.685301 ] } },
{ "type": "Feature", "properties": { "ID": 3222325801050, "正式名称": "医療法人　小田整形外科医院", "機関区分": 2, "都道府県コード": 32, "市区町村コード": 204, "所在地": "島根県益田市中島町ロ１４５－３", "緯度": 34.684624, "経度": 131.834228, "url": "https://www.iryou.teikyouseido.mhlw.go.jp/znk-web/juminkanja/S2430/initialize?prefCd=32&kikanCd=2325801050&kikanKbn=2", "url2": null, "内容": "医療法人　小田整形外科医院【2:診療所】【診療科目:整形外科_リウマチ科】島根県益田市中島町ロ１４５－３" }, "geometry": { "type": "Point", "coordinates": [ 131.834228, 34.684624 ] } },
{ "type": "Feature", "properties": { "ID": 3222325803230, "正式名称": "医療法人　平野医院", "機関区分": 2, "都道府県コード": 32, "市区町村コード": 204, "所在地": "島根県益田市駅前町３３番５号", "緯度": 34.678217, "経度": 131.835606, "url": "https://www.iryou.teikyouseido.mhlw.go.jp/znk-web/juminkanja/S2430/initialize?prefCd=32&kikanCd=2325803230&kikanKbn=2", "url2": "https://www.masuda-med.or.jp/info/institution/institution-186/", "内容": "医療法人　平野医院【2:診療所】【診療科目:内科_消化器内科_小児科】島根県益田市駅前町３３番５号" }, "geometry": { "type": "Point", "coordinates": [ 131.835606, 34.678217 ] } },
{ "type": "Feature", "properties": { "ID": 3222325803360, "正式名称": "益田整形外科医院", "機関区分": 2, "都道府県コード": 32, "市区町村コード": 204, "所在地": "島根県益田市染羽町４－３５益田整形外科医院", "緯度": 34.679975, "経度": 131.864602, "url": "https://www.iryou.teikyouseido.mhlw.go.jp/znk-web/juminkanja/S2430/initialize?prefCd=32&kikanCd=2325803360&kikanKbn=2", "url2": null, "内容": "益田整形外科医院【2:診療所】【診療科目:整形外科】島根県益田市染羽町４－３５益田整形外科医院" }, "geometry": { "type": "Point", "coordinates": [ 131.864602, 34.679975 ] } },
{ "type": "Feature", "properties": { "ID": 3222325804080, "正式名称": "山尾医院", "機関区分": 2, "都道府県コード": 32, "市区町村コード": 204, "所在地": "島根県益田市あけぼの東町４番地２", "緯度": 34.677765, "経度": 131.843291, "url": "https://www.iryou.teikyouseido.mhlw.go.jp/znk-web/juminkanja/S2430/initialize?prefCd=32&kikanCd=2325804080&kikanKbn=2", "url2": null, "内容": "山尾医院【2:診療所】【診療科目:内科_消化器内科_小児科】島根県益田市あけぼの東町４番地２" }, "geometry": { "type": "Point", "coordinates": [ 131.843291, 34.677765 ] } },
{ "type": "Feature", "properties": { "ID": 3222325806710, "正式名称": "医療法人好生堂和﨑医院（崎の字は山へんに立・可）", "機関区分": 2, "都道府県コード": 32, "市区町村コード": 501, "所在地": "島根県鹿足郡津和野町後田ロ４０５", "緯度": 34.47, "経度": 131.77536, "url": "https://www.iryou.teikyouseido.mhlw.go.jp/znk-web/juminkanja/S2430/initialize?prefCd=32&kikanCd=2325806710&kikanKbn=2", "url2": "http://www.wasaki-clinic.jp", "内容": "医療法人好生堂和﨑医院（崎の字は山へんに立・可）【2:診療所】【診療科目:内科_消化器内科】島根県鹿足郡津和野町後田ロ４０５" }, "geometry": { "type": "Point", "coordinates": [ 131.77536, 34.47 ] } },
{ "type": "Feature", "properties": { "ID": 3222325807140, "正式名称": "医療法人小笠原　小笠原医院", "機関区分": 2, "都道府県コード": 32, "市区町村コード": 505, "所在地": "島根県鹿足郡吉賀町柿木６４０－１", "緯度": 34.460458, "経度": 131.914753, "url": "https://www.iryou.teikyouseido.mhlw.go.jp/znk-web/juminkanja/S2430/initialize?prefCd=32&kikanCd=2325807140&kikanKbn=2", "url2": null, "内容": "医療法人小笠原　小笠原医院【2:診療所】【診療科目:内科】島根県鹿足郡吉賀町柿木６４０－１" }, "geometry": { "type": "Point", "coordinates": [ 131.914753, 34.460458 ] } },
{ "type": "Feature", "properties": { "ID": 3222325807270, "正式名称": "栗栖医院", "機関区分": 2, "都道府県コード": 32, "市区町村コード": 505, "所在地": "島根県鹿足郡吉賀町柿木３１２－１", "緯度": 34.438005, "経度": 131.866091, "url": "https://www.iryou.teikyouseido.mhlw.go.jp/znk-web/juminkanja/S2430/initialize?prefCd=32&kikanCd=2325807270&kikanKbn=2", "url2": null, "内容": "栗栖医院【2:診療所】【診療科目:内科_形成外科_美容外科_小児科】島根県鹿足郡吉賀町柿木３１２－１" }, "geometry": { "type": "Point", "coordinates": [ 131.866091, 34.438005 ] } },
{ "type": "Feature", "properties": { "ID": 3222325807720, "正式名称": "医療法人　金島胃腸科外科", "機関区分": 2, "都道府県コード": 32, "市区町村コード": 204, "所在地": "島根県益田市高津１丁目９番４号", "緯度": 34.68565, "経度": 131.825506, "url": "https://www.iryou.teikyouseido.mhlw.go.jp/znk-web/juminkanja/S2430/initialize?prefCd=32&kikanCd=2325807720&kikanKbn=2", "url2": "https://www.kaneshima.or.jp/", "内容": "医療法人　金島胃腸科外科【2:診療所】【診療科目:内科_消化器内科_内視鏡内科_外科_胃腸外科_肛門外科_放射線科】島根県益田市高津１丁目９番４号" }, "geometry": { "type": "Point", "coordinates": [ 131.825506, 34.68565 ] } },
{ "type": "Feature", "properties": { "ID": 3222325807850, "正式名称": "特別養護老人ホーム「ますだ」ハイツ", "機関区分": 2, "都道府県コード": 32, "市区町村コード": 204, "所在地": "島根県益田市高津四丁目６－４０", "緯度": 34.686703, "経度": 131.812125, "url": "https://www.iryou.teikyouseido.mhlw.go.jp/znk-web/juminkanja/S2430/initialize?prefCd=32&kikanCd=2325807850&kikanKbn=2", "url2": null, "内容": "特別養護老人ホーム「ますだ」ハイツ【2:診療所】【診療科目:内科】島根県益田市高津四丁目６－４０" }, "geometry": { "type": "Point", "coordinates": [ 131.812125, 34.686703 ] } },
{ "type": "Feature", "properties": { "ID": 3222325809320, "正式名称": "医療法人社団松浦　松浦内科胃腸科", "機関区分": 2, "都道府県コード": 32, "市区町村コード": 505, "所在地": "島根県鹿足郡吉賀町六日市７９５", "緯度": 34.351842, "経度": 131.932931, "url": "https://www.iryou.teikyouseido.mhlw.go.jp/znk-web/juminkanja/S2430/initialize?prefCd=32&kikanCd=2325809320&kikanKbn=2", "url2": null, "内容": "医療法人社団松浦　松浦内科胃腸科【2:診療所】【診療科目:内科_循環器内科_胃腸内科】島根県鹿足郡吉賀町六日市７９５" }, "geometry": { "type": "Point", "coordinates": [ 131.932931, 34.351842 ] } },
{ "type": "Feature", "properties": { "ID": 3222325809450, "正式名称": "特別養護老人ホーム星の里診療所", "機関区分": 2, "都道府県コード": 32, "市区町村コード": 501, "所在地": "島根県鹿足郡津和野町津和野町日原５０－２特別養護老人ホーム星の里内　１階", "緯度": 34.542915, "経度": 131.839016, "url": "https://www.iryou.teikyouseido.mhlw.go.jp/znk-web/juminkanja/S2430/initialize?prefCd=32&kikanCd=2325809450&kikanKbn=2", "url2": null, "内容": "特別養護老人ホーム星の里診療所【2:診療所】【診療科目:内科】島根県鹿足郡津和野町津和野町日原５０－２特別養護老人ホーム星の里内　１階" }, "geometry": { "type": "Point", "coordinates": [ 131.839016, 34.542915 ] } },
{ "type": "Feature", "properties": { "ID": 3222325809580, "正式名称": "医療法人煌星会　みうら眼科", "機関区分": 2, "都道府県コード": 32, "市区町村コード": 204, "所在地": "島根県益田市乙吉町イ３３６－３", "緯度": 34.681923, "経度": 131.844393, "url": "https://www.iryou.teikyouseido.mhlw.go.jp/znk-web/juminkanja/S2430/initialize?prefCd=32&kikanCd=2325809580&kikanKbn=2", "url2": null, "内容": "医療法人煌星会　みうら眼科【2:診療所】【診療科目:眼科】島根県益田市乙吉町イ３３６－３" }, "geometry": { "type": "Point", "coordinates": [ 131.844393, 34.681923 ] } },
{ "type": "Feature", "properties": { "ID": 3222325809740, "正式名称": "中村医院", "機関区分": 2, "都道府県コード": 32, "市区町村コード": 204, "所在地": "島根県益田市匹見町匹見イ１３０９", "緯度": 34.57131, "経度": 132.01639, "url": "https://www.iryou.teikyouseido.mhlw.go.jp/znk-web/juminkanja/S2430/initialize?prefCd=32&kikanCd=2325809740&kikanKbn=2", "url2": null, "内容": "中村医院【2:診療所】【診療科目:内科】島根県益田市匹見町匹見イ１３０９" }, "geometry": { "type": "Point", "coordinates": [ 132.01639, 34.57131 ] } },
{ "type": "Feature", "properties": { "ID": 3222325810140, "正式名称": "ダイワボウレーヨン株式会社益田診療所", "機関区分": 2, "都道府県コード": 32, "市区町村コード": 204, "所在地": "島根県益田市須子町３番１号", "緯度": 34.678519, "経度": 131.830455, "url": "https://www.iryou.teikyouseido.mhlw.go.jp/znk-web/juminkanja/S2430/initialize?prefCd=32&kikanCd=2325810140&kikanKbn=2", "url2": null, "内容": "ダイワボウレーヨン株式会社益田診療所【2:診療所】【診療科目:整形外科】島根県益田市須子町３番１号" }, "geometry": { "type": "Point", "coordinates": [ 131.830455, 34.678519 ] } },
{ "type": "Feature", "properties": { "ID": 3222325810560, "正式名称": "医療法人順生会　すみかわクリニック", "機関区分": 2, "都道府県コード": 32, "市区町村コード": 204, "所在地": "島根県益田市東町２ー９", "緯度": 34.678685, "経度": 131.852855, "url": "https://www.iryou.teikyouseido.mhlw.go.jp/znk-web/juminkanja/S2430/initialize?prefCd=32&kikanCd=2325810560&kikanKbn=2", "url2": null, "内容": "医療法人順生会　すみかわクリニック【2:診療所】【診療科目:内科_消化器内科_胃腸内科_外科_肛門外科】島根県益田市東町２ー９" }, "geometry": { "type": "Point", "coordinates": [ 131.852855, 34.678685 ] } },
{ "type": "Feature", "properties": { "ID": 3222325810850, "正式名称": "医療法人神崎耳鼻咽喉科医院", "機関区分": 2, "都道府県コード": 32, "市区町村コード": 204, "所在地": "島根県益田市あけぼの東町１６－１", "緯度": 34.67994, "経度": 131.842573, "url": "https://www.iryou.teikyouseido.mhlw.go.jp/znk-web/juminkanja/S2430/initialize?prefCd=32&kikanCd=2325810850&kikanKbn=2", "url2": null, "内容": "医療法人神崎耳鼻咽喉科医院【2:診療所】【診療科目:耳鼻いんこう科】島根県益田市あけぼの東町１６－１" }, "geometry": { "type": "Point", "coordinates": [ 131.842573, 34.67994 ] } },
{ "type": "Feature", "properties": { "ID": 3222325810980, "正式名称": "銀杏寮", "機関区分": 2, "都道府県コード": 32, "市区町村コード": 505, "所在地": "島根県鹿足郡吉賀町六日市２６３", "緯度": 34.356675, "経度": 131.938358, "url": "https://www.iryou.teikyouseido.mhlw.go.jp/znk-web/juminkanja/S2430/initialize?prefCd=32&kikanCd=2325810980&kikanKbn=2", "url2": null, "内容": "銀杏寮【2:診療所】【診療科目:内科】島根県鹿足郡吉賀町六日市２６３" }, "geometry": { "type": "Point", "coordinates": [ 131.938358, 34.356675 ] } },
{ "type": "Feature", "properties": { "ID": 3222325811150, "正式名称": "林泌尿器科", "機関区分": 2, "都道府県コード": 32, "市区町村コード": 204, "所在地": "島根県益田市乙吉町イ３３０番地２", "緯度": 34.67968, "経度": 131.846901, "url": "https://www.iryou.teikyouseido.mhlw.go.jp/znk-web/juminkanja/S2430/initialize?prefCd=32&kikanCd=2325811150&kikanKbn=2", "url2": null, "内容": "林泌尿器科【2:診療所】【診療科目:内科_泌尿器科】島根県益田市乙吉町イ３３０番地２" }, "geometry": { "type": "Point", "coordinates": [ 131.846901, 34.67968 ] } },
{ "type": "Feature", "properties": { "ID": 3222325811310, "正式名称": "特別養護老人ホームシルバーリーフつわの", "機関区分": 2, "都道府県コード": 32, "市区町村コード": 501, "所在地": "島根県鹿足郡津和野町後田ロ１２６番地", "緯度": 34.467354, "経度": 131.77562, "url": "https://www.iryou.teikyouseido.mhlw.go.jp/znk-web/juminkanja/S2430/initialize?prefCd=32&kikanCd=2325811310&kikanKbn=2", "url2": null, "内容": "特別養護老人ホームシルバーリーフつわの【2:診療所】【診療科目:内科】島根県鹿足郡津和野町後田ロ１２６番地" }, "geometry": { "type": "Point", "coordinates": [ 131.77562, 34.467354 ] } },
{ "type": "Feature", "properties": { "ID": 3222325811570, "正式名称": "中島こどもクリニック", "機関区分": 2, "都道府県コード": 32, "市区町村コード": 204, "所在地": "島根県益田市高津二丁目３２－１０", "緯度": 34.681328, "経度": 131.820808, "url": "https://www.iryou.teikyouseido.mhlw.go.jp/znk-web/juminkanja/S2430/initialize?prefCd=32&kikanCd=2325811570&kikanKbn=2", "url2": null, "内容": "中島こどもクリニック【2:診療所】【診療科目:小児科】島根県益田市高津二丁目３２－１０" }, "geometry": { "type": "Point", "coordinates": [ 131.820808, 34.681328 ] } },
{ "type": "Feature", "properties": { "ID": 3222325811860, "正式名称": "医療法人　しまだ眼科", "機関区分": 2, "都道府県コード": 32, "市区町村コード": 204, "所在地": "島根県益田市三宅町２－７", "緯度": 34.676786, "経度": 131.853469, "url": "https://www.iryou.teikyouseido.mhlw.go.jp/znk-web/juminkanja/S2430/initialize?prefCd=32&kikanCd=2325811860&kikanKbn=2", "url2": null, "内容": "医療法人　しまだ眼科【2:診療所】【診療科目:眼科】島根県益田市三宅町２－７" }, "geometry": { "type": "Point", "coordinates": [ 131.853469, 34.676786 ] } },
{ "type": "Feature", "properties": { "ID": 3222325812030, "正式名称": "医療法人永瀬脳外科内科", "機関区分": 2, "都道府県コード": 32, "市区町村コード": 204, "所在地": "島根県益田市土井町２ー２７", "緯度": 34.671573, "経度": 131.854344, "url": "https://www.iryou.teikyouseido.mhlw.go.jp/znk-web/juminkanja/S2430/initialize?prefCd=32&kikanCd=2325812030&kikanKbn=2", "url2": "https://nagase.or.jp/", "内容": "医療法人永瀬脳外科内科【2:診療所】【診療科目:脳神経内科_脳神経外科】島根県益田市土井町２ー２７" }, "geometry": { "type": "Point", "coordinates": [ 131.854344, 34.671573 ] } },
{ "type": "Feature", "properties": { "ID": 3222325812290, "正式名称": "医療法人　山藤整形外科医院", "機関区分": 2, "都道府県コード": 32, "市区町村コード": 204, "所在地": "島根県益田市乙吉町イ３３８－５", "緯度": 34.682823, "経度": 131.84244, "url": "https://www.iryou.teikyouseido.mhlw.go.jp/znk-web/juminkanja/S2430/initialize?prefCd=32&kikanCd=2325812290&kikanKbn=2", "url2": null, "内容": "医療法人　山藤整形外科医院【2:診療所】【診療科目:整形外科_リウマチ科_リハビリテーション科】島根県益田市乙吉町イ３３８－５" }, "geometry": { "type": "Point", "coordinates": [ 131.84244, 34.682823 ] } },
{ "type": "Feature", "properties": { "ID": 3222325812320, "正式名称": "益田市国民健康保険診療施設　匹見道川診療所", "機関区分": 2, "都道府県コード": 32, "市区町村コード": 204, "所在地": "島根県益田市匹見町道川イ１３４番地１", "緯度": 34.648873, "経度": 132.107852, "url": "https://www.iryou.teikyouseido.mhlw.go.jp/znk-web/juminkanja/S2430/initialize?prefCd=32&kikanCd=2325812320&kikanKbn=2", "url2": null, "内容": "益田市国民健康保険診療施設　匹見道川診療所【2:診療所】【診療科目:内科】島根県益田市匹見町道川イ１３４番地１" }, "geometry": { "type": "Point", "coordinates": [ 132.107852, 34.648873 ] } },
{ "type": "Feature", "properties": { "ID": 3222325812450, "正式名称": "特別養護老人ホームみろく苑", "機関区分": 2, "都道府県コード": 32, "市区町村コード": 505, "所在地": "島根県鹿足郡吉賀町六日市５８２－１特別養護老人ホームみろく苑", "緯度": 34.3554266, "経度": 131.9368217, "url": "https://www.iryou.teikyouseido.mhlw.go.jp/znk-web/juminkanja/S2430/initialize?prefCd=32&kikanCd=2325812450&kikanKbn=2", "url2": null, "内容": "特別養護老人ホームみろく苑【2:診療所】【診療科目:胃腸内科】島根県鹿足郡吉賀町六日市５８２－１特別養護老人ホームみろく苑" }, "geometry": { "type": "Point", "coordinates": [ 131.9368217, 34.3554266 ] } },
{ "type": "Feature", "properties": { "ID": 3222325812580, "正式名称": "医療法人　黒田医院", "機関区分": 2, "都道府県コード": 32, "市区町村コード": 204, "所在地": "島根県益田市須子町１０－２７", "緯度": 34.677442, "経度": 131.830581, "url": "https://www.iryou.teikyouseido.mhlw.go.jp/znk-web/juminkanja/S2430/initialize?prefCd=32&kikanCd=2325812580&kikanKbn=2", "url2": null, "内容": "医療法人　黒田医院【2:診療所】【診療科目:内科_循環器内科】島根県益田市須子町１０－２７" }, "geometry": { "type": "Point", "coordinates": [ 131.830581, 34.677442 ] } },
{ "type": "Feature", "properties": { "ID": 3222325813040, "正式名称": "特別養護老人ホームとびのこ苑　診療所", "機関区分": 2, "都道府県コード": 32, "市区町村コード": 505, "所在地": "島根県鹿足郡吉賀町柿木８０番地１特別養護老院ホームとびのこ苑", "緯度": 34.4364301, "経度": 131.8674456, "url": "https://www.iryou.teikyouseido.mhlw.go.jp/znk-web/juminkanja/S2430/initialize?prefCd=32&kikanCd=2325813040&kikanKbn=2", "url2": null, "内容": "特別養護老人ホームとびのこ苑　診療所【2:診療所】【診療科目:内科_形成外科】島根県鹿足郡吉賀町柿木８０番地１特別養護老院ホームとびのこ苑" }, "geometry": { "type": "Point", "coordinates": [ 131.8674456, 34.4364301 ] } },
{ "type": "Feature", "properties": { "ID": 3222325813170, "正式名称": "益田市立特別養護老人ホーム美寿苑診療所", "機関区分": 2, "都道府県コード": 32, "市区町村コード": 204, "所在地": "島根県益田市美都町都茂１８７１－９", "緯度": 34.667145, "経度": 131.984012, "url": "https://www.iryou.teikyouseido.mhlw.go.jp/znk-web/juminkanja/S2430/initialize?prefCd=32&kikanCd=2325813170&kikanKbn=2", "url2": null, "内容": "益田市立特別養護老人ホーム美寿苑診療所【2:診療所】【診療科目:内科】島根県益田市美都町都茂１８７１－９" }, "geometry": { "type": "Point", "coordinates": [ 131.984012, 34.667145 ] } },
{ "type": "Feature", "properties": { "ID": 3222325813200, "正式名称": "あすかクリニック", "機関区分": 2, "都道府県コード": 32, "市区町村コード": 204, "所在地": "島根県益田市乙吉町ロ３３番地", "緯度": 34.682823, "経度": 131.84244, "url": "https://www.iryou.teikyouseido.mhlw.go.jp/znk-web/juminkanja/S2430/initialize?prefCd=32&kikanCd=2325813200&kikanKbn=2", "url2": "http://www.asuka-ec.com", "内容": "あすかクリニック【2:診療所】【診療科目:整形外科_リウマチ科_リハビリテーション科】島根県益田市乙吉町ロ３３番地" }, "geometry": { "type": "Point", "coordinates": [ 131.84244, 34.682823 ] } },
{ "type": "Feature", "properties": { "ID": 3222325813460, "正式名称": "特別養護老人ホームくしろ宝寿苑診療所", "機関区分": 2, "都道府県コード": 32, "市区町村コード": 204, "所在地": "島根県益田市久城町５３１番地　特別養護老人ホームくしろ宝寿苑", "緯度": 34.701255, "経度": 131.850756, "url": "https://www.iryou.teikyouseido.mhlw.go.jp/znk-web/juminkanja/S2430/initialize?prefCd=32&kikanCd=2325813460&kikanKbn=2", "url2": null, "内容": "特別養護老人ホームくしろ宝寿苑診療所【2:診療所】【診療科目:内科】島根県益田市久城町５３１番地　特別養護老人ホームくしろ宝寿苑" }, "geometry": { "type": "Point", "coordinates": [ 131.850756, 34.701255 ] } },
{ "type": "Feature", "properties": { "ID": 3222325813590, "正式名称": "斧山医院", "機関区分": 2, "都道府県コード": 32, "市区町村コード": 204, "所在地": "島根県益田市あけぼの西町１６－４", "緯度": 34.682726, "経度": 131.838439, "url": "https://www.iryou.teikyouseido.mhlw.go.jp/znk-web/juminkanja/S2430/initialize?prefCd=32&kikanCd=2325813590&kikanKbn=2", "url2": null, "内容": "斧山医院【2:診療所】【診療科目:内科_消化器内科】島根県益田市あけぼの西町１６－４" }, "geometry": { "type": "Point", "coordinates": [ 131.838439, 34.682726 ] } },
{ "type": "Feature", "properties": { "ID": 3222325813620, "正式名称": "村野医院", "機関区分": 2, "都道府県コード": 32, "市区町村コード": 204, "所在地": "島根県益田市下本郷町６１－１", "緯度": 34.688194, "経度": 131.85054, "url": "https://www.iryou.teikyouseido.mhlw.go.jp/znk-web/juminkanja/S2430/initialize?prefCd=32&kikanCd=2325813620&kikanKbn=2", "url2": null, "内容": "村野医院【2:診療所】【診療科目:内科_小児科】島根県益田市下本郷町６１－１" }, "geometry": { "type": "Point", "coordinates": [ 131.85054, 34.688194 ] } },
{ "type": "Feature", "properties": { "ID": 3222325813750, "正式名称": "益田市立特別養護老人ホームもみじの里", "機関区分": 2, "都道府県コード": 32, "市区町村コード": 204, "所在地": "島根県益田市匹見町匹見イ１２０８番地", "緯度": 34.57131, "経度": 132.01639, "url": "https://www.iryou.teikyouseido.mhlw.go.jp/znk-web/juminkanja/S2430/initialize?prefCd=32&kikanCd=2325813750&kikanKbn=2", "url2": null, "内容": "益田市立特別養護老人ホームもみじの里【2:診療所】【診療科目:内科】島根県益田市匹見町匹見イ１２０８番地" }, "geometry": { "type": "Point", "coordinates": [ 132.01639, 34.57131 ] } },
{ "type": "Feature", "properties": { "ID": 3222325813880, "正式名称": "医療法人　小笠原　つわぶき医院", "機関区分": 2, "都道府県コード": 32, "市区町村コード": 501, "所在地": "島根県鹿足郡津和野町鷲原イ１９０", "緯度": 34.453762, "経度": 131.7558, "url": "https://www.iryou.teikyouseido.mhlw.go.jp/znk-web/juminkanja/S2430/initialize?prefCd=32&kikanCd=2325813880&kikanKbn=2", "url2": null, "内容": "医療法人　小笠原　つわぶき医院【2:診療所】【診療科目:内科_リハビリテーション科_放射線科】島根県鹿足郡津和野町鷲原イ１９０" }, "geometry": { "type": "Point", "coordinates": [ 131.7558, 34.453762 ] } },
{ "type": "Feature", "properties": { "ID": 3222325814180, "正式名称": "益田市国民健康保険診療施設美都診療所", "機関区分": 2, "都道府県コード": 32, "市区町村コード": 204, "所在地": "島根県益田市美都町都茂１８１３番地１", "緯度": 34.666552, "経度": 131.985356, "url": "https://www.iryou.teikyouseido.mhlw.go.jp/znk-web/juminkanja/S2430/initialize?prefCd=32&kikanCd=2325814180&kikanKbn=2", "url2": "https://www.masuda-med.or.jp/info/institution/institution-204/", "内容": "益田市国民健康保険診療施設美都診療所【2:診療所】【診療科目:内科】島根県益田市美都町都茂１８１３番地１" }, "geometry": { "type": "Point", "coordinates": [ 131.985356, 34.666552 ] } },
{ "type": "Feature", "properties": { "ID": 3222325814210, "正式名称": "益田市国民健康保険診療施設匹見澄川診療所", "機関区分": 2, "都道府県コード": 32, "市区町村コード": 204, "所在地": "島根県益田市匹見町澄川イ２６６番地６", "緯度": 34.59834, "経度": 131.93985, "url": "https://www.iryou.teikyouseido.mhlw.go.jp/znk-web/juminkanja/S2430/initialize?prefCd=32&kikanCd=2325814210&kikanKbn=2", "url2": null, "内容": "益田市国民健康保険診療施設匹見澄川診療所【2:診療所】【診療科目:内科】島根県益田市匹見町澄川イ２６６番地６" }, "geometry": { "type": "Point", "coordinates": [ 131.93985, 34.59834 ] } },
{ "type": "Feature", "properties": { "ID": 3222325814340, "正式名称": "いしみつ耳鼻咽喉科クリニック", "機関区分": 2, "都道府県コード": 32, "市区町村コード": 204, "所在地": "島根県益田市高津６－２３－２０", "緯度": 34.689612, "経度": 131.810481, "url": "https://www.iryou.teikyouseido.mhlw.go.jp/znk-web/juminkanja/S2430/initialize?prefCd=32&kikanCd=2325814340&kikanKbn=2", "url2": "https://www.ishimitsu-ent.com/", "内容": "いしみつ耳鼻咽喉科クリニック【2:診療所】【診療科目:耳鼻いんこう科_頭頸部・耳鼻いんこう科】島根県益田市高津６－２３－２０" }, "geometry": { "type": "Point", "coordinates": [ 131.810481, 34.689612 ] } },
{ "type": "Feature", "properties": { "ID": 3222325814500, "正式名称": "おちハートリニック", "機関区分": 2, "都道府県コード": 32, "市区町村コード": 204, "所在地": "島根県益田市高津８丁目５－２", "緯度": 34.690772, "経度": 131.813297, "url": "https://www.iryou.teikyouseido.mhlw.go.jp/znk-web/juminkanja/S2430/initialize?prefCd=32&kikanCd=2325814500&kikanKbn=2", "url2": "http://www.ochiheart.com/", "内容": "おちハートリニック【2:診療所】【診療科目:内科_循環器内科_精神科_心療内科】島根県益田市高津８丁目５－２" }, "geometry": { "type": "Point", "coordinates": [ 131.813297, 34.690772 ] } },
{ "type": "Feature", "properties": { "ID": 3222325814630, "正式名称": "障がい者支援施設　ラポール宝生苑診療所", "機関区分": 2, "都道府県コード": 32, "市区町村コード": 204, "所在地": "島根県益田市久城町５３１番地障がい者支援施設　ラポール宝生苑", "緯度": 34.701382, "経度": 131.850025, "url": "https://www.iryou.teikyouseido.mhlw.go.jp/znk-web/juminkanja/S2430/initialize?prefCd=32&kikanCd=2325814630&kikanKbn=2", "url2": null, "内容": "障がい者支援施設　ラポール宝生苑診療所【2:診療所】【診療科目:内科】島根県益田市久城町５３１番地障がい者支援施設　ラポール宝生苑" }, "geometry": { "type": "Point", "coordinates": [ 131.850025, 34.701382 ] } },
{ "type": "Feature", "properties": { "ID": 3222325814760, "正式名称": "まついクリニック", "機関区分": 2, "都道府県コード": 32, "市区町村コード": 204, "所在地": "島根県益田市高津６丁目１４番１号", "緯度": 34.688824, "経度": 131.813045, "url": "https://www.iryou.teikyouseido.mhlw.go.jp/znk-web/juminkanja/S2430/initialize?prefCd=32&kikanCd=2325814760&kikanKbn=2", "url2": null, "内容": "まついクリニック【2:診療所】【診療科目:内科_呼吸器内科_胃腸内科_外科_乳腺外科_大腸・肛門外科】島根県益田市高津６丁目１４番１号" }, "geometry": { "type": "Point", "coordinates": [ 131.813045, 34.688824 ] } },
{ "type": "Feature", "properties": { "ID": 3222325815190, "正式名称": "益田市立休日応急診療所", "機関区分": 2, "都道府県コード": 32, "市区町村コード": 204, "所在地": "島根県益田市駅前町１７番１号益田駅前ビルＥＡＧＡ２階", "緯度": 34.677184, "経度": 131.839569, "url": "https://www.iryou.teikyouseido.mhlw.go.jp/znk-web/juminkanja/S2430/initialize?prefCd=32&kikanCd=2325815190&kikanKbn=2", "url2": "https://www.city.masuda.lg.jp/soshikikarasagasu/fukushikankyobu/chiikiiryotaisakushitsu/5/2054.html", "内容": "益田市立休日応急診療所【2:診療所】【診療科目:内科_小児科】島根県益田市駅前町１７番１号益田駅前ビルＥＡＧＡ２階" }, "geometry": { "type": "Point", "coordinates": [ 131.839569, 34.677184 ] } },
{ "type": "Feature", "properties": { "ID": 3222325815220, "正式名称": "益田市国民健康保険診療施設美都診療所二川出張診療所", "機関区分": 2, "都道府県コード": 32, "市区町村コード": 204, "所在地": "島根県益田市美都町宇津川ロ３８３番地１", "緯度": 34.690528, "経度": 132.028048, "url": "https://www.iryou.teikyouseido.mhlw.go.jp/znk-web/juminkanja/S2430/initialize?prefCd=32&kikanCd=2325815220&kikanKbn=2", "url2": "https://www.masuda-med.or.jp/info/institution/institution-204/", "内容": "益田市国民健康保険診療施設美都診療所二川出張診療所【2:診療所】【診療科目:内科】島根県益田市美都町宇津川ロ３８３番地１" }, "geometry": { "type": "Point", "coordinates": [ 132.028048, 34.690528 ] } },
{ "type": "Feature", "properties": { "ID": 3222325815510, "正式名称": "軽費老人ホームコーポますだ診療所", "機関区分": 2, "都道府県コード": 32, "市区町村コード": 204, "所在地": "島根県益田市高津四丁目２７番７号", "緯度": 34.685675, "経度": 131.811186, "url": "https://www.iryou.teikyouseido.mhlw.go.jp/znk-web/juminkanja/S2430/initialize?prefCd=32&kikanCd=2325815510&kikanKbn=2", "url2": "http://www.baijukai.jp", "内容": "軽費老人ホームコーポますだ診療所【2:診療所】【診療科目:内科】島根県益田市高津四丁目２７番７号" }, "geometry": { "type": "Point", "coordinates": [ 131.811186, 34.685675 ] } },
{ "type": "Feature", "properties": { "ID": 3222325815640, "正式名称": "益田市国民健康保険診療施設美都診療所　東仙道出張診療所", "機関区分": 2, "都道府県コード": 32, "市区町村コード": 204, "所在地": "島根県益田市美都町仙道８０４番地２", "緯度": 34.676456, "経度": 131.93932, "url": "https://www.iryou.teikyouseido.mhlw.go.jp/znk-web/juminkanja/S2430/initialize?prefCd=32&kikanCd=2325815640&kikanKbn=2", "url2": "https://www.masuda-med.or.jp/info/institution/institution-204/", "内容": "益田市国民健康保険診療施設美都診療所　東仙道出張診療所【2:診療所】【診療科目:内科】島根県益田市美都町仙道８０４番地２" }, "geometry": { "type": "Point", "coordinates": [ 131.93932, 34.676456 ] } },
{ "type": "Feature", "properties": { "ID": 3222325816070, "正式名称": "特別養護老人ホーム雪舟園医務室", "機関区分": 2, "都道府県コード": 32, "市区町村コード": 204, "所在地": "島根県益田市かもしま北町７－３", "緯度": 34.684094, "経度": 131.82105, "url": "https://www.iryou.teikyouseido.mhlw.go.jp/znk-web/juminkanja/S2430/initialize?prefCd=32&kikanCd=2325816070&kikanKbn=2", "url2": null, "内容": "特別養護老人ホーム雪舟園医務室【2:診療所】【診療科目:内科】島根県益田市かもしま北町７－３" }, "geometry": { "type": "Point", "coordinates": [ 131.82105, 34.684094 ] } },
{ "type": "Feature", "properties": { "ID": 3222325816100, "正式名称": "たかせ内科", "機関区分": 2, "都道府県コード": 32, "市区町村コード": 204, "所在地": "島根県益田市かもしま東町９番地６", "緯度": 34.685117, "経度": 131.862558, "url": "https://www.iryou.teikyouseido.mhlw.go.jp/znk-web/juminkanja/S2430/initialize?prefCd=32&kikanCd=2325816100&kikanKbn=2", "url2": null, "内容": "たかせ内科【2:診療所】【診療科目:内科_糖尿病内科_内分泌内科】島根県益田市かもしま東町９番地６" }, "geometry": { "type": "Point", "coordinates": [ 131.862558, 34.685117 ] } },
{ "type": "Feature", "properties": { "ID": 3222325816230, "正式名称": "養護老人ホーム清月の里診療所", "機関区分": 2, "都道府県コード": 32, "市区町村コード": 204, "所在地": "島根県益田市横田町１７５１番５養護老人ホーム清月の里", "緯度": 34.6341128, "経度": 131.7962368, "url": "https://www.iryou.teikyouseido.mhlw.go.jp/znk-web/juminkanja/S2430/initialize?prefCd=32&kikanCd=2325816230&kikanKbn=2", "url2": null, "内容": "養護老人ホーム清月の里診療所【2:診療所】【診療科目:内科】島根県益田市横田町１７５１番５養護老人ホーム清月の里" }, "geometry": { "type": "Point", "coordinates": [ 131.7962368, 34.6341128 ] } },
{ "type": "Feature", "properties": { "ID": 3222325816490, "正式名称": "特別養護老人ホーム本郷園医務室", "機関区分": 2, "都道府県コード": 32, "市区町村コード": 204, "所在地": "島根県益田市下本郷町４４０", "緯度": 34.689853, "経度": 131.857088, "url": "https://www.iryou.teikyouseido.mhlw.go.jp/znk-web/juminkanja/S2430/initialize?prefCd=32&kikanCd=2325816490&kikanKbn=2", "url2": null, "内容": "特別養護老人ホーム本郷園医務室【2:診療所】【診療科目:内科_なし】島根県益田市下本郷町４４０" }, "geometry": { "type": "Point", "coordinates": [ 131.857088, 34.689853 ] } },
{ "type": "Feature", "properties": { "ID": 3222325817240, "正式名称": "さくらクリニック益田", "機関区分": 2, "都道府県コード": 32, "市区町村コード": 204, "所在地": "島根県益田市乙吉町イ１０２－１", "緯度": 34.682823, "経度": 131.84244, "url": "https://www.iryou.teikyouseido.mhlw.go.jp/znk-web/juminkanja/S2430/initialize?prefCd=32&kikanCd=2325817240&kikanKbn=2", "url2": null, "内容": "さくらクリニック益田【2:診療所】【診療科目:精神科_心療内科】島根県益田市乙吉町イ１０２－１" }, "geometry": { "type": "Point", "coordinates": [ 131.84244, 34.682823 ] } },
{ "type": "Feature", "properties": { "ID": 3222325819260, "正式名称": "島根県益田保健所", "機関区分": 2, "都道府県コード": 32, "市区町村コード": 204, "所在地": "島根県益田市昭和町１３－１", "緯度": 34.677956, "経度": 131.851911, "url": "https://www.iryou.teikyouseido.mhlw.go.jp/znk-web/juminkanja/S2430/initialize?prefCd=32&kikanCd=2325819260&kikanKbn=2", "url2": null, "内容": "島根県益田保健所【2:診療所】【診療科目:内科】島根県益田市昭和町１３－１" }, "geometry": { "type": "Point", "coordinates": [ 131.851911, 34.677956 ] } },
{ "type": "Feature", "properties": { "ID": 3222325820950, "正式名称": "医療法人たいじん堂　松本医院", "機関区分": 2, "都道府県コード": 32, "市区町村コード": 204, "所在地": "島根県益田市横田町４２９－２３", "緯度": 34.624453, "経度": 131.806306, "url": "https://www.iryou.teikyouseido.mhlw.go.jp/znk-web/juminkanja/S2430/initialize?prefCd=32&kikanCd=2325820950&kikanKbn=2", "url2": "ma-iin.com", "内容": "医療法人たいじん堂　松本医院【2:診療所】【診療科目:内科_小児科_アレルギー科】島根県益田市横田町４２９－２３" }, "geometry": { "type": "Point", "coordinates": [ 131.806306, 34.624453 ] } },
{ "type": "Feature", "properties": { "ID": 3222325821410, "正式名称": "医療法人　橘井堂　日原診療所", "機関区分": 2, "都道府県コード": 32, "市区町村コード": 501, "所在地": "島根県鹿足郡津和野町枕瀬９７５番地１", "緯度": 34.541411, "経度": 131.836326, "url": "https://www.iryou.teikyouseido.mhlw.go.jp/znk-web/juminkanja/S2430/initialize?prefCd=32&kikanCd=2325821410&kikanKbn=2", "url2": null, "内容": "医療法人　橘井堂　日原診療所【2:診療所】【診療科目:内科】島根県鹿足郡津和野町枕瀬９７５番地１" }, "geometry": { "type": "Point", "coordinates": [ 131.836326, 34.541411 ] } },
{ "type": "Feature", "properties": { "ID": 3222325823140, "正式名称": "万葉コトノ葉クリニック", "機関区分": 2, "都道府県コード": 32, "市区町村コード": 204, "所在地": "島根県益田市あけぼの西町１４－２万葉コトノ葉クリニック", "緯度": 34.681388, "経度": 131.839332, "url": "https://www.iryou.teikyouseido.mhlw.go.jp/znk-web/juminkanja/S2430/initialize?prefCd=32&kikanCd=2325823140&kikanKbn=2", "url2": null, "内容": "万葉コトノ葉クリニック【2:診療所】【診療科目:精神科_心療内科】島根県益田市あけぼの西町１４－２万葉コトノ葉クリニック" }, "geometry": { "type": "Point", "coordinates": [ 131.839332, 34.681388 ] } },
{ "type": "Feature", "properties": { "ID": 3222325900100, "正式名称": "養護老人ホーム百寿荘診療所", "機関区分": 2, "都道府県コード": 32, "市区町村コード": 528, "所在地": "島根県隠岐郡隠岐の島町栄町１０９１番地", "緯度": 36.214342, "経度": 133.326625, "url": "https://www.iryou.teikyouseido.mhlw.go.jp/znk-web/juminkanja/S2430/initialize?prefCd=32&kikanCd=2325900100&kikanKbn=2", "url2": null, "内容": "養護老人ホーム百寿荘診療所【2:診療所】【診療科目:内科】島根県隠岐郡隠岐の島町栄町１０９１番地" }, "geometry": { "type": "Point", "coordinates": [ 133.326625, 36.214342 ] } },
{ "type": "Feature", "properties": { "ID": 3222325900490, "正式名称": "隠岐の島町国民健康保険中村診療所", "機関区分": 2, "都道府県コード": 32, "市区町村コード": 528, "所在地": "島根県隠岐郡隠岐の島町中村８番地１", "緯度": 36.31945, "経度": 133.302957, "url": "https://www.iryou.teikyouseido.mhlw.go.jp/znk-web/juminkanja/S2430/initialize?prefCd=32&kikanCd=2325900490&kikanKbn=2", "url2": null, "内容": "隠岐の島町国民健康保険中村診療所【2:診療所】【診療科目:内科】島根県隠岐郡隠岐の島町中村８番地１" }, "geometry": { "type": "Point", "coordinates": [ 133.302957, 36.31945 ] } },
{ "type": "Feature", "properties": { "ID": 3222325900780, "正式名称": "特別養護老人ホーム静和園診療所", "機関区分": 2, "都道府県コード": 32, "市区町村コード": 528, "所在地": "島根県隠岐郡隠岐の島町栄町１０８８番地", "緯度": 36.214776, "経度": 133.326758, "url": "https://www.iryou.teikyouseido.mhlw.go.jp/znk-web/juminkanja/S2430/initialize?prefCd=32&kikanCd=2325900780&kikanKbn=2", "url2": null, "内容": "特別養護老人ホーム静和園診療所【2:診療所】【診療科目:内科】島根県隠岐郡隠岐の島町栄町１０８８番地" }, "geometry": { "type": "Point", "coordinates": [ 133.326758, 36.214776 ] } },
{ "type": "Feature", "properties": { "ID": 3222325901660, "正式名称": "隠岐の島町久見へき地診療所", "機関区分": 2, "都道府県コード": 32, "市区町村コード": 528, "所在地": "島根県隠岐郡隠岐の島町久見３０９番地２", "緯度": 36.320847, "経度": 133.230993, "url": "https://www.iryou.teikyouseido.mhlw.go.jp/znk-web/juminkanja/S2430/initialize?prefCd=32&kikanCd=2325901660&kikanKbn=2", "url2": "https://okikouiki.jp/clinic/", "内容": "隠岐の島町久見へき地診療所【2:診療所】【診療科目:内科】島根県隠岐郡隠岐の島町久見３０９番地２" }, "geometry": { "type": "Point", "coordinates": [ 133.230993, 36.320847 ] } },
{ "type": "Feature", "properties": { "ID": 3222325902090, "正式名称": "隠岐の島町国民健康保険都万診療所那久出張所", "機関区分": 2, "都道府県コード": 32, "市区町村コード": 528, "所在地": "島根県隠岐郡隠岐の島町那久１５６－２", "緯度": 36.216553, "経度": 133.200656, "url": "https://www.iryou.teikyouseido.mhlw.go.jp/znk-web/juminkanja/S2430/initialize?prefCd=32&kikanCd=2325902090&kikanKbn=2", "url2": null, "内容": "隠岐の島町国民健康保険都万診療所那久出張所【2:診療所】【診療科目:内科】島根県隠岐郡隠岐の島町那久１５６－２" }, "geometry": { "type": "Point", "coordinates": [ 133.200656, 36.216553 ] } },
{ "type": "Feature", "properties": { "ID": 3222325902670, "正式名称": "高梨医院", "機関区分": 2, "都道府県コード": 32, "市区町村コード": 528, "所在地": "島根県隠岐郡隠岐の島町栄町１４１０", "緯度": 36.211444, "経度": 133.327956, "url": "https://www.iryou.teikyouseido.mhlw.go.jp/znk-web/juminkanja/S2430/initialize?prefCd=32&kikanCd=2325902670&kikanKbn=2", "url2": null, "内容": "高梨医院【2:診療所】【診療科目:内科_小児科】島根県隠岐郡隠岐の島町栄町１４１０" }, "geometry": { "type": "Point", "coordinates": [ 133.327956, 36.211444 ] } },
{ "type": "Feature", "properties": { "ID": 3222325902700, "正式名称": "半田内科クリニック", "機関区分": 2, "都道府県コード": 32, "市区町村コード": 528, "所在地": "島根県隠岐郡隠岐の島町西町八尾の一９番地", "緯度": 36.203489, "経度": 133.33283, "url": "https://www.iryou.teikyouseido.mhlw.go.jp/znk-web/juminkanja/S2430/initialize?prefCd=32&kikanCd=2325902700&kikanKbn=2", "url2": null, "内容": "半田内科クリニック【2:診療所】【診療科目:内科_循環器内科_皮膚科】島根県隠岐郡隠岐の島町西町八尾の一９番地" }, "geometry": { "type": "Point", "coordinates": [ 133.33283, 36.203489 ] } },
{ "type": "Feature", "properties": { "ID": 3222325902830, "正式名称": "宇野内科医院", "機関区分": 2, "都道府県コード": 32, "市区町村コード": 528, "所在地": "島根県隠岐郡隠岐の島町有木月無１１－１", "緯度": 36.214525, "経度": 133.321703, "url": "https://www.iryou.teikyouseido.mhlw.go.jp/znk-web/juminkanja/S2430/initialize?prefCd=32&kikanCd=2325902830&kikanKbn=2", "url2": null, "内容": "宇野内科医院【2:診療所】【診療科目:内科_消化器内科_胃腸内科】島根県隠岐郡隠岐の島町有木月無１１－１" }, "geometry": { "type": "Point", "coordinates": [ 133.321703, 36.214525 ] } },
{ "type": "Feature", "properties": { "ID": 3222325903260, "正式名称": "隠岐の島町布施へき地診療所", "機関区分": 2, "都道府県コード": 32, "市区町村コード": 528, "所在地": "島根県隠岐郡隠岐の島町布施６４２－１", "緯度": 36.29119, "経度": 133.34883, "url": "https://www.iryou.teikyouseido.mhlw.go.jp/znk-web/juminkanja/S2430/initialize?prefCd=32&kikanCd=2325903260&kikanKbn=2", "url2": null, "内容": "隠岐の島町布施へき地診療所【2:診療所】【診療科目:内科】島根県隠岐郡隠岐の島町布施６４２－１" }, "geometry": { "type": "Point", "coordinates": [ 133.34883, 36.29119 ] } },
{ "type": "Feature", "properties": { "ID": 3222325903390, "正式名称": "隠岐の島町国民健康保険都万診療所", "機関区分": 2, "都道府県コード": 32, "市区町村コード": 528, "所在地": "島根県隠岐郡隠岐の島町都万１７７３－１", "緯度": 36.196022, "経度": 133.235075, "url": "https://www.iryou.teikyouseido.mhlw.go.jp/znk-web/juminkanja/S2430/initialize?prefCd=32&kikanCd=2325903390&kikanKbn=2", "url2": null, "内容": "隠岐の島町国民健康保険都万診療所【2:診療所】【診療科目:内科】島根県隠岐郡隠岐の島町都万１７７３－１" }, "geometry": { "type": "Point", "coordinates": [ 133.235075, 36.196022 ] } },
{ "type": "Feature", "properties": { "ID": 3222326000690, "正式名称": "へき地三度診療所", "機関区分": 2, "都道府県コード": 32, "市区町村コード": 526, "所在地": "島根県隠岐郡西ノ島町大字浦郷２６８８番地", "緯度": 36.066734, "経度": 132.95863, "url": "https://www.iryou.teikyouseido.mhlw.go.jp/znk-web/juminkanja/S2430/initialize?prefCd=32&kikanCd=2326000690&kikanKbn=2", "url2": null, "内容": "へき地三度診療所【2:診療所】【診療科目:内科】島根県隠岐郡西ノ島町大字浦郷２６８８番地" }, "geometry": { "type": "Point", "coordinates": [ 132.95863, 36.066734 ] } },
{ "type": "Feature", "properties": { "ID": 3222326001020, "正式名称": "特別養護老人ホーム和光苑診療所", "機関区分": 2, "都道府県コード": 32, "市区町村コード": 526, "所在地": "島根県隠岐郡西ノ島町宇賀６９７番地", "緯度": 36.116231, "経度": 133.066247, "url": "https://www.iryou.teikyouseido.mhlw.go.jp/znk-web/juminkanja/S2430/initialize?prefCd=32&kikanCd=2326001020&kikanKbn=2", "url2": null, "内容": "特別養護老人ホーム和光苑診療所【2:診療所】【診療科目:内科】島根県隠岐郡西ノ島町宇賀６９７番地" }, "geometry": { "type": "Point", "coordinates": [ 133.066247, 36.116231 ] } },
{ "type": "Feature", "properties": { "ID": 3222326001280, "正式名称": "国民健康保険知夫村診療所", "機関区分": 2, "都道府県コード": 32, "市区町村コード": 527, "所在地": "島根県隠岐郡知夫村１１０６－３", "緯度": 36.013783, "経度": 133.04112, "url": "https://www.iryou.teikyouseido.mhlw.go.jp/znk-web/juminkanja/S2430/initialize?prefCd=32&kikanCd=2326001280&kikanKbn=2", "url2": null, "内容": "国民健康保険知夫村診療所【2:診療所】【診療科目:内科_精神科】島根県隠岐郡知夫村１１０６－３" }, "geometry": { "type": "Point", "coordinates": [ 133.04112, 36.013783 ] } },
{ "type": "Feature", "properties": { "ID": 3222326001310, "正式名称": "特別養護老人ホーム諏訪苑診療所", "機関区分": 2, "都道府県コード": 32, "市区町村コード": 525, "所在地": "島根県隠岐郡海士町海士３９６４番地", "緯度": 36.098197, "経度": 133.09295, "url": "https://www.iryou.teikyouseido.mhlw.go.jp/znk-web/juminkanja/S2430/initialize?prefCd=32&kikanCd=2326001310&kikanKbn=2", "url2": null, "内容": "特別養護老人ホーム諏訪苑診療所【2:診療所】【診療科目:内科_内科】島根県隠岐郡海士町海士３９６４番地" }, "geometry": { "type": "Point", "coordinates": [ 133.09295, 36.098197 ] } },
{ "type": "Feature", "properties": { "ID": 3222326001440, "正式名称": "海士町国民健康保険海士診療所", "機関区分": 2, "都道府県コード": 32, "市区町村コード": 525, "所在地": "島根県隠岐郡海士町大字海士１４６６番地", "緯度": 36.09596, "経度": 133.094794, "url": "https://www.iryou.teikyouseido.mhlw.go.jp/znk-web/juminkanja/S2430/initialize?prefCd=32&kikanCd=2326001440&kikanKbn=2", "url2": "https://ama-shinryosho.jp", "内容": "海士町国民健康保険海士診療所【2:診療所】【診療科目:内科_整形外科_小児科_眼科_精神科】島根県隠岐郡海士町大字海士１４６６番地" }, "geometry": { "type": "Point", "coordinates": [ 133.094794, 36.09596 ] } },
{ "type": "Feature", "properties": { "ID": 3222326001570, "正式名称": "西ノ島町国民健康保険浦郷診療所", "機関区分": 2, "都道府県コード": 32, "市区町村コード": 526, "所在地": "島根県隠岐郡西ノ島町大字浦郷５４４番地１５", "緯度": 36.092868, "経度": 132.994545, "url": "https://www.iryou.teikyouseido.mhlw.go.jp/znk-web/juminkanja/S2430/initialize?prefCd=32&kikanCd=2326001570&kikanKbn=2", "url2": null, "内容": "西ノ島町国民健康保険浦郷診療所【2:診療所】【診療科目:内科】島根県隠岐郡西ノ島町大字浦郷５４４番地１５" }, "geometry": { "type": "Point", "coordinates": [ 132.994545, 36.092868 ] } },
{ "type": "Feature", "properties": { "ID": 3222326100170, "正式名称": "大田市国民健康保険仁摩診療所", "機関区分": 2, "都道府県コード": 32, "市区町村コード": 205, "所在地": "島根県大田市仁摩町仁万６４３－１", "緯度": 35.149301, "経度": 132.407013, "url": "https://www.iryou.teikyouseido.mhlw.go.jp/znk-web/juminkanja/S2430/initialize?prefCd=32&kikanCd=2326100170&kikanKbn=2", "url2": "https://www.nimashinryoujo.com", "内容": "大田市国民健康保険仁摩診療所【2:診療所】【診療科目:内科_小児科_小児外科】島根県大田市仁摩町仁万６４３－１" }, "geometry": { "type": "Point", "coordinates": [ 132.407013, 35.149301 ] } },
{ "type": "Feature", "properties": { "ID": 3222326100200, "正式名称": "医療法人社団波多野診療所", "機関区分": 2, "都道府県コード": 32, "市区町村コード": 448, "所在地": "島根県邑智郡美郷町粕渕１９７番地　１", "緯度": 35.074953, "経度": 132.590811, "url": "https://www.iryou.teikyouseido.mhlw.go.jp/znk-web/juminkanja/S2430/initialize?prefCd=32&kikanCd=2326100200&kikanKbn=2", "url2": null, "内容": "医療法人社団波多野診療所【2:診療所】【診療科目:内科_循環器内科_小児科】島根県邑智郡美郷町粕渕１９７番地　１" }, "geometry": { "type": "Point", "coordinates": [ 132.590811, 35.074953 ] } },
{ "type": "Feature", "properties": { "ID": 3222326100330, "正式名称": "あさぎり診療所", "機関区分": 2, "都道府県コード": 32, "市区町村コード": 449, "所在地": "島根県邑智郡邑南町下口羽３９１－２特別養護老人ホームあさぎり", "緯度": 34.8815559, "経度": 132.6650337, "url": "https://www.iryou.teikyouseido.mhlw.go.jp/znk-web/juminkanja/S2430/initialize?prefCd=32&kikanCd=2326100330&kikanKbn=2", "url2": null, "内容": "あさぎり診療所【2:診療所】【診療科目:内科】島根県邑智郡邑南町下口羽３９１－２特別養護老人ホームあさぎり" }, "geometry": { "type": "Point", "coordinates": [ 132.6650337, 34.8815559 ] } },
{ "type": "Feature", "properties": { "ID": 3222326100590, "正式名称": "美郷町国民健康保険大和診療所", "機関区分": 2, "都道府県コード": 32, "市区町村コード": 448, "所在地": "島根県邑智郡美郷町都賀本郷１６３番地", "緯度": 34.957692, "経度": 132.643677, "url": "https://www.iryou.teikyouseido.mhlw.go.jp/znk-web/juminkanja/S2430/initialize?prefCd=32&kikanCd=2326100590&kikanKbn=2", "url2": null, "内容": "美郷町国民健康保険大和診療所【2:診療所】【診療科目:内科】島根県邑智郡美郷町都賀本郷１６３番地" }, "geometry": { "type": "Point", "coordinates": [ 132.643677, 34.957692 ] } },
{ "type": "Feature", "properties": { "ID": 3222326100620, "正式名称": "特別養護老人ホーム風の里陽光苑", "機関区分": 2, "都道府県コード": 32, "市区町村コード": 207, "所在地": "島根県江津市桜江町長谷２７２３番地２", "緯度": 34.922064, "経度": 132.270228, "url": "https://www.iryou.teikyouseido.mhlw.go.jp/znk-web/juminkanja/S2430/initialize?prefCd=32&kikanCd=2326100620&kikanKbn=2", "url2": null, "内容": "特別養護老人ホーム風の里陽光苑【2:診療所】【診療科目:内科】島根県江津市桜江町長谷２７２３番地２" }, "geometry": { "type": "Point", "coordinates": [ 132.270228, 34.922064 ] } },
{ "type": "Feature", "properties": { "ID": 3222326100750, "正式名称": "サンデイズ双葉園診療所", "機関区分": 2, "都道府県コード": 32, "市区町村コード": 205, "所在地": "島根県大田市鳥井町鳥井１８８１番地１サンデイズ双葉園", "緯度": 35.214653, "経度": 132.485417, "url": "https://www.iryou.teikyouseido.mhlw.go.jp/znk-web/juminkanja/S2430/initialize?prefCd=32&kikanCd=2326100750&kikanKbn=2", "url2": null, "内容": "サンデイズ双葉園診療所【2:診療所】【診療科目:内科】島根県大田市鳥井町鳥井１８８１番地１サンデイズ双葉園" }, "geometry": { "type": "Point", "coordinates": [ 132.485417, 35.214653 ] } },
{ "type": "Feature", "properties": { "ID": 3222326100880, "正式名称": "あうん健康庵", "機関区分": 2, "都道府県コード": 32, "市区町村コード": 207, "所在地": "島根県江津市桜江町田津３８２－１６", "緯度": 34.947225, "経度": 132.379083, "url": "https://www.iryou.teikyouseido.mhlw.go.jp/znk-web/juminkanja/S2430/initialize?prefCd=32&kikanCd=2326100880&kikanKbn=2", "url2": null, "内容": "あうん健康庵【2:診療所】【診療科目:内科_呼吸器内科_循環器内科_外科】島根県江津市桜江町田津３８２－１６" }, "geometry": { "type": "Point", "coordinates": [ 132.379083, 34.947225 ] } },
{ "type": "Feature", "properties": { "ID": 3222326100910, "正式名称": "わだ耳鼻咽喉科医院", "機関区分": 2, "都道府県コード": 32, "市区町村コード": 205, "所在地": "島根県大田市大田町大田イ２００ー３", "緯度": 35.197803, "経度": 132.50294, "url": "https://www.iryou.teikyouseido.mhlw.go.jp/znk-web/juminkanja/S2430/initialize?prefCd=32&kikanCd=2326100910&kikanKbn=2", "url2": "wadajibika.com", "内容": "わだ耳鼻咽喉科医院【2:診療所】【診療科目:耳鼻いんこう科】島根県大田市大田町大田イ２００ー３" }, "geometry": { "type": "Point", "coordinates": [ 132.50294, 35.197803 ] } },
{ "type": "Feature", "properties": { "ID": 3222326101050, "正式名称": "ゆうイングさわらび医務室", "機関区分": 2, "都道府県コード": 32, "市区町村コード": 205, "所在地": "島根県大田市長久町土江５５番地２", "緯度": 35.19632, "経度": 132.48175, "url": "https://www.iryou.teikyouseido.mhlw.go.jp/znk-web/juminkanja/S2430/initialize?prefCd=32&kikanCd=2326101050&kikanKbn=2", "url2": null, "内容": "ゆうイングさわらび医務室【2:診療所】【診療科目:内科】島根県大田市長久町土江５５番地２" }, "geometry": { "type": "Point", "coordinates": [ 132.48175, 35.19632 ] } },
{ "type": "Feature", "properties": { "ID": 3222326101180, "正式名称": "医療法人社団　賢宏会　上垣医院", "機関区分": 2, "都道府県コード": 32, "市区町村コード": 205, "所在地": "島根県大田市大田町大田イ３１９－１", "緯度": 35.197501, "経度": 132.505116, "url": "https://www.iryou.teikyouseido.mhlw.go.jp/znk-web/juminkanja/S2430/initialize?prefCd=32&kikanCd=2326101180&kikanKbn=2", "url2": "https://www.uegaki-iin.com/", "内容": "医療法人社団　賢宏会　上垣医院【2:診療所】【診療科目:内科_整形外科】島根県大田市大田町大田イ３１９－１" }, "geometry": { "type": "Point", "coordinates": [ 132.505116, 35.197501 ] } },
{ "type": "Feature", "properties": { "ID": 3222326101340, "正式名称": "邑南町国民健康保険直営阿須那診療所", "機関区分": 2, "都道府県コード": 32, "市区町村コード": 449, "所在地": "島根県邑智郡邑南町阿須那１５０番地１", "緯度": 34.874804, "経度": 132.618278, "url": "https://www.iryou.teikyouseido.mhlw.go.jp/znk-web/juminkanja/S2430/initialize?prefCd=32&kikanCd=2326101340&kikanKbn=2", "url2": "https://www.town.ohnan.lg.jp/www/contents/1597818544995/index.html", "内容": "邑南町国民健康保険直営阿須那診療所【2:診療所】【診療科目:内科_外科】島根県邑智郡邑南町阿須那１５０番地１" }, "geometry": { "type": "Point", "coordinates": [ 132.618278, 34.874804 ] } },
{ "type": "Feature", "properties": { "ID": 3222326101630, "正式名称": "香梅苑医務室", "機関区分": 2, "都道府県コード": 32, "市区町村コード": 449, "所在地": "島根県邑智郡邑南町矢上３４７", "緯度": 34.89335, "経度": 132.445006, "url": "https://www.iryou.teikyouseido.mhlw.go.jp/znk-web/juminkanja/S2430/initialize?prefCd=32&kikanCd=2326101630&kikanKbn=2", "url2": null, "内容": "香梅苑医務室【2:診療所】【診療科目:内科】島根県邑智郡邑南町矢上３４７" }, "geometry": { "type": "Point", "coordinates": [ 132.445006, 34.89335 ] } },
{ "type": "Feature", "properties": { "ID": 3222326101890, "正式名称": "美郷町君谷診療所", "機関区分": 2, "都道府県コード": 32, "市区町村コード": 448, "所在地": "島根県邑智郡美郷町京覧原２７７番地", "緯度": 35.06359, "経度": 132.507318, "url": "https://www.iryou.teikyouseido.mhlw.go.jp/znk-web/juminkanja/S2430/initialize?prefCd=32&kikanCd=2326101890&kikanKbn=2", "url2": null, "内容": "美郷町君谷診療所【2:診療所】【診療科目:内科】島根県邑智郡美郷町京覧原２７７番地" }, "geometry": { "type": "Point", "coordinates": [ 132.507318, 35.06359 ] } },
{ "type": "Feature", "properties": { "ID": 3222326101920, "正式名称": "医療法人社団摯静会　やまうち内科", "機関区分": 2, "都道府県コード": 32, "市区町村コード": 205, "所在地": "島根県大田市長久町長久ロ２２５－５", "緯度": 35.199581, "経度": 132.489199, "url": "https://www.iryou.teikyouseido.mhlw.go.jp/znk-web/juminkanja/S2430/initialize?prefCd=32&kikanCd=2326101920&kikanKbn=2", "url2": null, "内容": "医療法人社団摯静会　やまうち内科【2:診療所】【診療科目:内科_代謝内科_糖尿病・内分泌内科_小児科】島根県大田市長久町長久ロ２２５－５" }, "geometry": { "type": "Point", "coordinates": [ 132.489199, 35.199581 ] } },
{ "type": "Feature", "properties": { "ID": 3222326102060, "正式名称": "医療法人　大田姫野クリニック", "機関区分": 2, "都道府県コード": 32, "市区町村コード": 205, "所在地": "島根県大田市大田町大田イ１４－２", "緯度": 35.198818, "経度": 132.497855, "url": "https://www.iryou.teikyouseido.mhlw.go.jp/znk-web/juminkanja/S2430/initialize?prefCd=32&kikanCd=2326102060&kikanKbn=2", "url2": "https://oodahimeno.com", "内容": "医療法人　大田姫野クリニック【2:診療所】【診療科目:泌尿器科】島根県大田市大田町大田イ１４－２" }, "geometry": { "type": "Point", "coordinates": [ 132.497855, 35.198818 ] } },
{ "type": "Feature", "properties": { "ID": 3222326102640, "正式名称": "江川荘診療所", "機関区分": 2, "都道府県コード": 32, "市区町村コード": 441, "所在地": "島根県邑智郡川本町大字因原５１８番地１養護老人ホーム江川荘", "緯度": 34.9650616, "経度": 132.473309, "url": "https://www.iryou.teikyouseido.mhlw.go.jp/znk-web/juminkanja/S2430/initialize?prefCd=32&kikanCd=2326102640&kikanKbn=2", "url2": null, "内容": "江川荘診療所【2:診療所】【診療科目:内科】島根県邑智郡川本町大字因原５１８番地１養護老人ホーム江川荘" }, "geometry": { "type": "Point", "coordinates": [ 132.473309, 34.9650616 ] } },
{ "type": "Feature", "properties": { "ID": 3222326102770, "正式名称": "医療法人　弘生堂　須田医院", "機関区分": 2, "都道府県コード": 32, "市区町村コード": 205, "所在地": "島根県大田市仁摩町仁万８６２番地１", "緯度": 35.153192, "経度": 132.401589, "url": "https://www.iryou.teikyouseido.mhlw.go.jp/znk-web/juminkanja/S2430/initialize?prefCd=32&kikanCd=2326102770&kikanKbn=2", "url2": "https://suda-c.jp/", "内容": "医療法人　弘生堂　須田医院【2:診療所】【診療科目:内科_小児科_心療内科】島根県大田市仁摩町仁万８６２番地１" }, "geometry": { "type": "Point", "coordinates": [ 132.401589, 35.153192 ] } },
{ "type": "Feature", "properties": { "ID": 3222326102930, "正式名称": "医療法人銀泉会　湯里診療所", "機関区分": 2, "都道府県コード": 32, "市区町村コード": 205, "所在地": "島根県大田市温泉津町湯里１６４２－１", "緯度": 35.105949, "経度": 132.376735, "url": "https://www.iryou.teikyouseido.mhlw.go.jp/znk-web/juminkanja/S2430/initialize?prefCd=32&kikanCd=2326102930&kikanKbn=2", "url2": "https://www.nimashinryoujo.com", "内容": "医療法人銀泉会　湯里診療所【2:診療所】【診療科目:内科】島根県大田市温泉津町湯里１６４２－１" }, "geometry": { "type": "Point", "coordinates": [ 132.376735, 35.105949 ] } },
{ "type": "Feature", "properties": { "ID": 3222326103100, "正式名称": "木島医院", "機関区分": 2, "都道府県コード": 32, "市区町村コード": 205, "所在地": "島根県大田市久手町刺鹿２７３２", "緯度": 35.229659, "経度": 132.505715, "url": "https://www.iryou.teikyouseido.mhlw.go.jp/znk-web/juminkanja/S2430/initialize?prefCd=32&kikanCd=2326103100&kikanKbn=2", "url2": "http://www.ginzan-tv.ne.jp/yoshi1234/", "内容": "木島医院【2:診療所】【診療科目:内科_循環器内科_消化器内科_小児科】島根県大田市久手町刺鹿２７３２" }, "geometry": { "type": "Point", "coordinates": [ 132.505715, 35.229659 ] } },
{ "type": "Feature", "properties": { "ID": 3222326103360, "正式名称": "三笠記念クリニック", "機関区分": 2, "都道府県コード": 32, "市区町村コード": 449, "所在地": "島根県邑智郡邑南町上田所３９－５", "緯度": 34.840459, "経度": 132.506409, "url": "https://www.iryou.teikyouseido.mhlw.go.jp/znk-web/juminkanja/S2430/initialize?prefCd=32&kikanCd=2326103360&kikanKbn=2", "url2": "http://tokuyu-kai.sakura.ne.jp", "内容": "三笠記念クリニック【2:診療所】【診療科目:内科】島根県邑智郡邑南町上田所３９－５" }, "geometry": { "type": "Point", "coordinates": [ 132.506409, 34.840459 ] } },
{ "type": "Feature", "properties": { "ID": 3222326103490, "正式名称": "医療法人社団悠伸会うめがえ内科クリニック", "機関区分": 2, "都道府県コード": 32, "市区町村コード": 205, "所在地": "島根県大田市大田町大田ロ１１８６番地２", "緯度": 35.193816, "経度": 132.496782, "url": "https://www.iryou.teikyouseido.mhlw.go.jp/znk-web/juminkanja/S2430/initialize?prefCd=32&kikanCd=2326103490&kikanKbn=2", "url2": null, "内容": "医療法人社団悠伸会うめがえ内科クリニック【2:診療所】【診療科目:内科_神経内科_漢方内科_心療内科】島根県大田市大田町大田ロ１１８６番地２" }, "geometry": { "type": "Point", "coordinates": [ 132.496782, 35.193816 ] } },
{ "type": "Feature", "properties": { "ID": 3222326103810, "正式名称": "特別養護老人ホーム眺峰園医務室", "機関区分": 2, "都道府県コード": 32, "市区町村コード": 205, "所在地": "島根県大田市川合町吉永１０２５－１眺峰園", "緯度": 35.171136, "経度": 132.512003, "url": "https://www.iryou.teikyouseido.mhlw.go.jp/znk-web/juminkanja/S2430/initialize?prefCd=32&kikanCd=2326103810&kikanKbn=2", "url2": null, "内容": "特別養護老人ホーム眺峰園医務室【2:診療所】【診療科目:内科_精神科】島根県大田市川合町吉永１０２５－１眺峰園" }, "geometry": { "type": "Point", "coordinates": [ 132.512003, 35.171136 ] } },
{ "type": "Feature", "properties": { "ID": 3222326104080, "正式名称": "障害者支援施設緑風園医務室", "機関区分": 2, "都道府県コード": 32, "市区町村コード": 449, "所在地": "島根県邑智郡邑南町中野２３８４障害者支援施設緑風園", "緯度": 34.89653, "経度": 132.463937, "url": "https://www.iryou.teikyouseido.mhlw.go.jp/znk-web/juminkanja/S2430/initialize?prefCd=32&kikanCd=2326104080&kikanKbn=2", "url2": null, "内容": "障害者支援施設緑風園医務室【2:診療所】【診療科目:内科】島根県邑智郡邑南町中野２３８４障害者支援施設緑風園" }, "geometry": { "type": "Point", "coordinates": [ 132.463937, 34.89653 ] } },
{ "type": "Feature", "properties": { "ID": 3222326104240, "正式名称": "医療法人郷原医院", "機関区分": 2, "都道府県コード": 32, "市区町村コード": 205, "所在地": "島根県大田市久利町久利７２６－４", "緯度": 35.154111, "経度": 132.475919, "url": "https://www.iryou.teikyouseido.mhlw.go.jp/znk-web/juminkanja/S2430/initialize?prefCd=32&kikanCd=2326104240&kikanKbn=2", "url2": "http://gohbara-clinic.com", "内容": "医療法人郷原医院【2:診療所】【診療科目:内科_消化器内科_小児科】島根県大田市久利町久利７２６－４" }, "geometry": { "type": "Point", "coordinates": [ 132.475919, 35.154111 ] } },
{ "type": "Feature", "properties": { "ID": 3222326104660, "正式名称": "本田皮膚科医院", "機関区分": 2, "都道府県コード": 32, "市区町村コード": 205, "所在地": "島根県大田市大田町大田ロ１０３１－６", "緯度": 35.190003, "経度": 132.499739, "url": "https://www.iryou.teikyouseido.mhlw.go.jp/znk-web/juminkanja/S2430/initialize?prefCd=32&kikanCd=2326104660&kikanKbn=2", "url2": null, "内容": "本田皮膚科医院【2:診療所】【診療科目:皮膚科】島根県大田市大田町大田ロ１０３１－６" }, "geometry": { "type": "Point", "coordinates": [ 132.499739, 35.190003 ] } },
{ "type": "Feature", "properties": { "ID": 3222326104820, "正式名称": "島根県県央保健所", "機関区分": 2, "都道府県コード": 32, "市区町村コード": 205, "所在地": "島根県大田市長久町長久ハ７－１", "緯度": 35.200899, "経度": 132.495229, "url": "https://www.iryou.teikyouseido.mhlw.go.jp/znk-web/juminkanja/S2430/initialize?prefCd=32&kikanCd=2326104820&kikanKbn=2", "url2": "https://www.pref.shimane.lg.jp/kenou_hoken/", "内容": "島根県県央保健所【2:診療所】【診療科目:内科】島根県大田市長久町長久ハ７－１" }, "geometry": { "type": "Point", "coordinates": [ 132.495229, 35.200899 ] } },
{ "type": "Feature", "properties": { "ID": 3222326107720, "正式名称": "医療法人　優翔会　ふじわら眼科クリニック", "機関区分": 2, "都道府県コード": 32, "市区町村コード": 205, "所在地": "島根県大田市大田町大田ロ１１８１－２", "緯度": 35.197803, "経度": 132.50294, "url": "https://www.iryou.teikyouseido.mhlw.go.jp/znk-web/juminkanja/S2430/initialize?prefCd=32&kikanCd=2326107720&kikanKbn=2", "url2": "https://fujiwara-ganka.jp/", "内容": "医療法人　優翔会　ふじわら眼科クリニック【2:診療所】【診療科目:眼科】島根県大田市大田町大田ロ１１８１－２" }, "geometry": { "type": "Point", "coordinates": [ 132.50294, 35.197803 ] } },
{ "type": "Feature", "properties": { "ID": 3222326108440, "正式名称": "邑南町国民健康保険直営矢上診療所", "機関区分": 2, "都道府県コード": 32, "市区町村コード": 449, "所在地": "島根県邑智郡邑南町矢上３８５３番地１", "緯度": 34.889415, "経度": 132.440644, "url": "https://www.iryou.teikyouseido.mhlw.go.jp/znk-web/juminkanja/S2430/initialize?prefCd=32&kikanCd=2326108440&kikanKbn=2", "url2": "https://www.town.ohnan.lg.jp/www/contents/1597832662192/index.html", "内容": "邑南町国民健康保険直営矢上診療所【2:診療所】【診療科目:内科】島根県邑智郡邑南町矢上３８５３番地１" }, "geometry": { "type": "Point", "coordinates": [ 132.440644, 34.889415 ] } },
{ "type": "Feature", "properties": { "ID": 3222326108860, "正式名称": "介護老人福祉施設サンシルバーさわらび", "機関区分": 2, "都道府県コード": 32, "市区町村コード": 205, "所在地": "島根県大田市長久町土江６５－２", "緯度": 35.19632, "経度": 132.48175, "url": "https://www.iryou.teikyouseido.mhlw.go.jp/znk-web/juminkanja/S2430/initialize?prefCd=32&kikanCd=2326108860&kikanKbn=2", "url2": null, "内容": "介護老人福祉施設サンシルバーさわらび【2:診療所】【診療科目:内科】島根県大田市長久町土江６５－２" }, "geometry": { "type": "Point", "coordinates": [ 132.48175, 35.19632 ] } },
{ "type": "Feature", "properties": { "ID": 3222326111860, "正式名称": "しみず眼科", "機関区分": 2, "都道府県コード": 32, "市区町村コード": 205, "所在地": "島根県大田市大田町大田イ１９２ー１５", "緯度": 35.197803, "経度": 132.50294, "url": "https://www.iryou.teikyouseido.mhlw.go.jp/znk-web/juminkanja/S2430/initialize?prefCd=32&kikanCd=2326111860&kikanKbn=2", "url2": "https://www.shimizu-eyeclinic.jp/", "内容": "しみず眼科【2:診療所】【診療科目:眼科】島根県大田市大田町大田イ１９２ー１５" }, "geometry": { "type": "Point", "coordinates": [ 132.50294, 35.197803 ] } },
{ "type": "Feature", "properties": { "ID": 3222326111990, "正式名称": "こまめクリニック", "機関区分": 2, "都道府県コード": 32, "市区町村コード": 205, "所在地": "島根県大田市大田町大田ロ８１４－３", "緯度": 35.182363, "経度": 132.506282, "url": "https://www.iryou.teikyouseido.mhlw.go.jp/znk-web/juminkanja/S2430/initialize?prefCd=32&kikanCd=2326111990&kikanKbn=2", "url2": "https://komame-clinic.org/", "内容": "こまめクリニック【2:診療所】【診療科目:内科_認知症_脳神経外科】島根県大田市大田町大田ロ８１４－３" }, "geometry": { "type": "Point", "coordinates": [ 132.506282, 35.182363 ] } },
{ "type": "Feature", "properties": { "ID": 3222326112610, "正式名称": "石田医院", "機関区分": 2, "都道府県コード": 32, "市区町村コード": 205, "所在地": "島根県大田市大田町大田ハ９１", "緯度": 35.190943, "経度": 132.506251, "url": "https://www.iryou.teikyouseido.mhlw.go.jp/znk-web/juminkanja/S2430/initialize?prefCd=32&kikanCd=2326112610&kikanKbn=2", "url2": null, "内容": "石田医院【2:診療所】【診療科目:内科_循環器内科_消化器内科_小児科_放射線科】島根県大田市大田町大田ハ９１" }, "geometry": { "type": "Point", "coordinates": [ 132.506251, 35.190943 ] } },
{ "type": "Feature", "properties": { "ID": 3222326112740, "正式名称": "石田医院　山口診療所", "機関区分": 2, "都道府県コード": 32, "市区町村コード": 205, "所在地": "島根県大田市山口町山口１１８１－１", "緯度": 35.172822, "経度": 132.627297, "url": "https://www.iryou.teikyouseido.mhlw.go.jp/znk-web/juminkanja/S2430/initialize?prefCd=32&kikanCd=2326112740&kikanKbn=2", "url2": null, "内容": "石田医院　山口診療所【2:診療所】【診療科目:内科_循環器内科_小児科】島根県大田市山口町山口１１８１－１" }, "geometry": { "type": "Point", "coordinates": [ 132.627297, 35.172822 ] } },
{ "type": "Feature", "properties": { "ID": 3222326113880, "正式名称": "公立邑智病院附属市木診療所", "機関区分": 2, "都道府県コード": 32, "市区町村コード": 449, "所在地": "島根県邑智郡邑南町市木２１６１－１", "緯度": 34.839781, "経度": 132.394592, "url": "https://www.iryou.teikyouseido.mhlw.go.jp/znk-web/juminkanja/S2430/initialize?prefCd=32&kikanCd=2326113880&kikanKbn=2", "url2": null, "内容": "公立邑智病院附属市木診療所【2:診療所】【診療科目:内科】島根県邑智郡邑南町市木２１６１－１" }, "geometry": { "type": "Point", "coordinates": [ 132.394592, 34.839781 ] } },
{ "type": "Feature", "properties": { "ID": 3222326113910, "正式名称": "温泉津こどもクリニック", "機関区分": 2, "都道府県コード": 32, "市区町村コード": 205, "所在地": "島根県大田市温泉津町温泉津ロ１３５－３", "緯度": 35.09593, "経度": 132.34776, "url": "https://www.iryou.teikyouseido.mhlw.go.jp/znk-web/juminkanja/S2430/initialize?prefCd=32&kikanCd=2326113910&kikanKbn=2", "url2": null, "内容": "温泉津こどもクリニック【2:診療所】【診療科目:小児科】島根県大田市温泉津町温泉津ロ１３５－３" }, "geometry": { "type": "Point", "coordinates": [ 132.34776, 35.09593 ] } },
{ "type": "Feature", "properties": { "ID": 3222326200230, "正式名称": "隠岐の島町立特別養護老人ホームなごみ苑診療所", "機関区分": 2, "都道府県コード": 32, "市区町村コード": 528, "所在地": "島根県隠岐郡隠岐の島町郡４２５番５", "緯度": 36.284078, "経度": 133.250751, "url": "https://www.iryou.teikyouseido.mhlw.go.jp/znk-web/juminkanja/S2430/initialize?prefCd=32&kikanCd=2326200230&kikanKbn=2", "url2": null, "内容": "隠岐の島町立特別養護老人ホームなごみ苑診療所【2:診療所】【診療科目:内科】島根県隠岐郡隠岐の島町郡４２５番５" }, "geometry": { "type": "Point", "coordinates": [ 133.250751, 36.284078 ] } },
{ "type": "Feature", "properties": { "ID": 3222326200360, "正式名称": "隠岐の島町国民健康保険五箇診療所", "機関区分": 2, "都道府県コード": 32, "市区町村コード": 528, "所在地": "島根県隠岐郡隠岐の島町郡５８４番地１", "緯度": 36.284232, "経度": 133.250152, "url": "https://www.iryou.teikyouseido.mhlw.go.jp/znk-web/juminkanja/S2430/initialize?prefCd=32&kikanCd=2326200360&kikanKbn=2", "url2": null, "内容": "隠岐の島町国民健康保険五箇診療所【2:診療所】【診療科目:内科】島根県隠岐郡隠岐の島町郡５８４番地１" }, "geometry": { "type": "Point", "coordinates": [ 133.250152, 36.284232 ] } },
{ "type": "Feature", "properties": { "ID": 3222326200490, "正式名称": "島根県隠岐保健所", "機関区分": 2, "都道府県コード": 32, "市区町村コード": 528, "所在地": "島根県隠岐郡隠岐の島町港町塩口２４", "緯度": 36.202257, "経度": 133.328044, "url": "https://www.iryou.teikyouseido.mhlw.go.jp/znk-web/juminkanja/S2430/initialize?prefCd=32&kikanCd=2326200490&kikanKbn=2", "url2": "https://www.pref.shimane.lg.jp/oki_hoken/", "内容": "島根県隠岐保健所【2:診療所】【診療科目:外来診療は行っていない】島根県隠岐郡隠岐の島町港町塩口２４" }, "geometry": { "type": "Point", "coordinates": [ 133.328044, 36.202257 ] } },
{ "type": "Feature", "properties": { "ID": 3222326300260, "正式名称": "医療法人渡部医院", "機関区分": 2, "都道府県コード": 32, "市区町村コード": 206, "所在地": "島根県安来市安来町１１９５－７", "緯度": 35.427053, "経度": 133.249083, "url": "https://www.iryou.teikyouseido.mhlw.go.jp/znk-web/juminkanja/S2430/initialize?prefCd=32&kikanCd=2326300260&kikanKbn=2", "url2": null, "内容": "医療法人渡部医院【2:診療所】【診療科目:内科_循環器内科_消化器内科_漢方内科_外科_皮膚科_アレルギー科】島根県安来市安来町１１９５－７" }, "geometry": { "type": "Point", "coordinates": [ 133.249083, 35.427053 ] } },
{ "type": "Feature", "properties": { "ID": 3222326300970, "正式名称": "医療法人社団　やすぎ博愛クリニック", "機関区分": 2, "都道府県コード": 32, "市区町村コード": 206, "所在地": "島根県安来市安来町１２７８－５", "緯度": 35.423436, "経度": 133.248863, "url": "https://www.iryou.teikyouseido.mhlw.go.jp/znk-web/juminkanja/S2430/initialize?prefCd=32&kikanCd=2326300970&kikanKbn=2", "url2": "https://www.yasugihakuai.jp/", "内容": "医療法人社団　やすぎ博愛クリニック【2:診療所】【診療科目:内科_糖尿病内科_呼吸器内科_循環器内科_乳腺外科_整形外科】島根県安来市安来町１２７８－５" }, "geometry": { "type": "Point", "coordinates": [ 133.248863, 35.423436 ] } },
{ "type": "Feature", "properties": { "ID": 3222326304750, "正式名称": "やすぎの皮ふ科", "機関区分": 2, "都道府県コード": 32, "市区町村コード": 206, "所在地": "島根県安来市飯島町２８９番１", "緯度": 35.433903, "経度": 133.238397, "url": "https://www.iryou.teikyouseido.mhlw.go.jp/znk-web/juminkanja/S2430/initialize?prefCd=32&kikanCd=2326304750&kikanKbn=2", "url2": "https://www.yasuginohifuka.com", "内容": "やすぎの皮ふ科【2:診療所】【診療科目:形成外科_小児皮膚科_皮膚科_アレルギー科】島根県安来市飯島町２８９番１" }, "geometry": { "type": "Point", "coordinates": [ 133.238397, 35.433903 ] } },
{ "type": "Feature", "properties": { "ID": 3223211410653, "正式名称": "かものはし在宅クリニック", "機関区分": 2, "都道府県コード": 32, "市区町村コード": 209, "所在地": "島根県雲南市加茂町宇治７９６－７", "緯度": 35.343308, "経度": 132.903778, "url": "https://www.iryou.teikyouseido.mhlw.go.jp/znk-web/juminkanja/S2430/initialize?prefCd=32&kikanCd=3211410653&kikanKbn=2", "url2": null, "内容": "かものはし在宅クリニック【2:診療所】【診療科目:内科_麻酔科】島根県雲南市加茂町宇治７９６－７" }, "geometry": { "type": "Point", "coordinates": [ 132.903778, 35.343308 ] } },
{ "type": "Feature", "properties": { "ID": 3223325404070, "正式名称": "角　歯科医院", "機関区分": 2, "都道府県コード": 32, "市区町村コード": 203, "所在地": "島根県出雲市大社町杵築東４９１", "緯度": 35.398483, "経度": 132.682554, "url": "https://www.iryou.teikyouseido.mhlw.go.jp/znk-web/juminkanja/S2430/initialize?prefCd=32&kikanCd=3325404070&kikanKbn=2", "url2": null, "内容": "角　歯科医院【2:診療所】【診療科目:歯科_小児歯科】島根県出雲市大社町杵築東４９１" }, "geometry": { "type": "Point", "coordinates": [ 132.682554, 35.398483 ] } }
]
}
