{
"type": "FeatureCollection",
"name": "geo_32_5",
"crs": { "type": "name", "properties": { "name": "urn:ogc:def:crs:OGC:1.3:CRS84" } },
"features": [
{ "type": "Feature", "properties": { "ID": 3255325100190, "正式名称": "千寿堂薬局", "機関区分": 5, "都道府県コード": 32, "市区町村コード": 201, "所在地": "島根県松江市砂子町１９６－１", "緯度": 35.472613, "経度": 133.045354, "url": "https://www.iryou.teikyouseido.mhlw.go.jp/znk-web/juminkanja/S2430/initialize?prefCd=32&kikanCd=5325100190&kikanKbn=5", "url2": "http://www.senjudou.jp/", "内容": "千寿堂薬局【5:薬局】島根県松江市砂子町１９６－１" }, "geometry": { "type": "Point", "coordinates": [ 133.045354, 35.472613 ] } },
{ "type": "Feature", "properties": { "ID": 3255325100480, "正式名称": "さくら薬局　黒田店", "機関区分": 5, "都道府県コード": 32, "市区町村コード": 201, "所在地": "島根県松江市黒田町４２３－２", "緯度": 35.476497, "経度": 133.043528, "url": "https://www.iryou.teikyouseido.mhlw.go.jp/znk-web/juminkanja/S2430/initialize?prefCd=32&kikanCd=5325100480&kikanKbn=5", "url2": "https://nagomi-sakura.jp/", "内容": "さくら薬局　黒田店【5:薬局】島根県松江市黒田町４２３－２" }, "geometry": { "type": "Point", "coordinates": [ 133.043528, 35.476497 ] } },
{ "type": "Feature", "properties": { "ID": 3255325100800, "正式名称": "有限会社　サンアイ薬局", "機関区分": 5, "都道府県コード": 32, "市区町村コード": 201, "所在地": "島根県松江市八束町波入６０８－９", "緯度": 35.487088, "経度": 133.178463, "url": "https://www.iryou.teikyouseido.mhlw.go.jp/znk-web/juminkanja/S2430/initialize?prefCd=32&kikanCd=5325100800&kikanKbn=5", "url2": null, "内容": "有限会社　サンアイ薬局【5:薬局】島根県松江市八束町波入６０８－９" }, "geometry": { "type": "Point", "coordinates": [ 133.178463, 35.487088 ] } },
{ "type": "Feature", "properties": { "ID": 3255325101100, "正式名称": "調剤薬局ナガトミ", "機関区分": 5, "都道府県コード": 32, "市区町村コード": 201, "所在地": "島根県松江市殿町３８３山陰中央ビル５階", "緯度": 35.471895, "経度": 133.054624, "url": "https://www.iryou.teikyouseido.mhlw.go.jp/znk-web/juminkanja/S2430/initialize?prefCd=32&kikanCd=5325101100&kikanKbn=5", "url2": null, "内容": "調剤薬局ナガトミ【5:薬局】島根県松江市殿町３８３山陰中央ビル５階" }, "geometry": { "type": "Point", "coordinates": [ 133.054624, 35.471895 ] } },
{ "type": "Feature", "properties": { "ID": 3255325101650, "正式名称": "有限会社ホテイ薬局山代店", "機関区分": 5, "都道府県コード": 32, "市区町村コード": 201, "所在地": "島根県松江市山代町４８０－３", "緯度": 35.439544, "経度": 133.085851, "url": "https://www.iryou.teikyouseido.mhlw.go.jp/znk-web/juminkanja/S2430/initialize?prefCd=32&kikanCd=5325101650&kikanKbn=5", "url2": null, "内容": "有限会社ホテイ薬局山代店【5:薬局】島根県松江市山代町４８０－３" }, "geometry": { "type": "Point", "coordinates": [ 133.085851, 35.439544 ] } },
{ "type": "Feature", "properties": { "ID": 3255325101810, "正式名称": "有限会社　和田薬局", "機関区分": 5, "都道府県コード": 32, "市区町村コード": 201, "所在地": "島根県松江市北堀町２０７", "緯度": 35.4763, "経度": 133.054112, "url": "https://www.iryou.teikyouseido.mhlw.go.jp/znk-web/juminkanja/S2430/initialize?prefCd=32&kikanCd=5325101810&kikanKbn=5", "url2": null, "内容": "有限会社　和田薬局【5:薬局】島根県松江市北堀町２０７" }, "geometry": { "type": "Point", "coordinates": [ 133.054112, 35.4763 ] } },
{ "type": "Feature", "properties": { "ID": 3255325102080, "正式名称": "有限会社　橘泉堂　山口卯兵衛商店", "機関区分": 5, "都道府県コード": 32, "市区町村コード": 201, "所在地": "島根県松江市末次本町３４番地", "緯度": 35.468767, "経度": 133.05484, "url": "https://www.iryou.teikyouseido.mhlw.go.jp/znk-web/juminkanja/S2430/initialize?prefCd=32&kikanCd=5325102080&kikanKbn=5", "url2": null, "内容": "有限会社　橘泉堂　山口卯兵衛商店【5:薬局】島根県松江市末次本町３４番地" }, "geometry": { "type": "Point", "coordinates": [ 133.05484, 35.468767 ] } },
{ "type": "Feature", "properties": { "ID": 3255325102530, "正式名称": "すみれ調剤薬局", "機関区分": 5, "都道府県コード": 32, "市区町村コード": 201, "所在地": "島根県松江市西津田１０丁目１７－２０－２", "緯度": 35.452547, "経度": 133.082552, "url": "https://www.iryou.teikyouseido.mhlw.go.jp/znk-web/juminkanja/S2430/initialize?prefCd=32&kikanCd=5325102530&kikanKbn=5", "url2": "https://www.e-classa.net/sumire01/index.html", "内容": "すみれ調剤薬局【5:薬局】島根県松江市西津田１０丁目１７－２０－２" }, "geometry": { "type": "Point", "coordinates": [ 133.082552, 35.452547 ] } },
{ "type": "Feature", "properties": { "ID": 3255325103670, "正式名称": "有限会社だるま薬局", "機関区分": 5, "都道府県コード": 32, "市区町村コード": 201, "所在地": "島根県松江市殿町７４", "緯度": 35.471401, "経度": 133.053957, "url": "https://www.iryou.teikyouseido.mhlw.go.jp/znk-web/juminkanja/S2430/initialize?prefCd=32&kikanCd=5325103670&kikanKbn=5", "url2": null, "内容": "有限会社だるま薬局【5:薬局】島根県松江市殿町７４" }, "geometry": { "type": "Point", "coordinates": [ 133.053957, 35.471401 ] } },
{ "type": "Feature", "properties": { "ID": 3255325103700, "正式名称": "有限会社ホテイ薬局", "機関区分": 5, "都道府県コード": 32, "市区町村コード": 201, "所在地": "島根県松江市上乃木三丁目５－１", "緯度": 35.448216, "経度": 133.059213, "url": "https://www.iryou.teikyouseido.mhlw.go.jp/znk-web/juminkanja/S2430/initialize?prefCd=32&kikanCd=5325103700&kikanKbn=5", "url2": "https://hotei-pharmacy.com", "内容": "有限会社ホテイ薬局【5:薬局】島根県松江市上乃木三丁目５－１" }, "geometry": { "type": "Point", "coordinates": [ 133.059213, 35.448216 ] } },
{ "type": "Feature", "properties": { "ID": 3255325103830, "正式名称": "日本調剤松江薬局", "機関区分": 5, "都道府県コード": 32, "市区町村コード": 201, "所在地": "島根県松江市母衣町１２６－３", "緯度": 35.470946, "経度": 133.056509, "url": "https://www.iryou.teikyouseido.mhlw.go.jp/znk-web/juminkanja/S2430/initialize?prefCd=32&kikanCd=5325103830&kikanKbn=5", "url2": "https://www.nicho.co.jp/tenpo/matue/", "内容": "日本調剤松江薬局【5:薬局】島根県松江市母衣町１２６－３" }, "geometry": { "type": "Point", "coordinates": [ 133.056509, 35.470946 ] } },
{ "type": "Feature", "properties": { "ID": 3255325103960, "正式名称": "みるきぃ調剤薬局", "機関区分": 5, "都道府県コード": 32, "市区町村コード": 201, "所在地": "島根県松江市竪町８５", "緯度": 35.460268, "経度": 133.057261, "url": "https://www.iryou.teikyouseido.mhlw.go.jp/znk-web/juminkanja/S2430/initialize?prefCd=32&kikanCd=5325103960&kikanKbn=5", "url2": null, "内容": "みるきぃ調剤薬局【5:薬局】島根県松江市竪町８５" }, "geometry": { "type": "Point", "coordinates": [ 133.057261, 35.460268 ] } },
{ "type": "Feature", "properties": { "ID": 3255325104000, "正式名称": "さくら薬局古志原店", "機関区分": 5, "都道府県コード": 32, "市区町村コード": 201, "所在地": "島根県松江市古志原５丁目１４－５５", "緯度": 35.441169, "経度": 133.083715, "url": "https://www.iryou.teikyouseido.mhlw.go.jp/znk-web/juminkanja/S2430/initialize?prefCd=32&kikanCd=5325104000&kikanKbn=5", "url2": "https://nagomi-sakura.jp/", "内容": "さくら薬局古志原店【5:薬局】島根県松江市古志原５丁目１４－５５" }, "geometry": { "type": "Point", "coordinates": [ 133.083715, 35.441169 ] } },
{ "type": "Feature", "properties": { "ID": 3255325104390, "正式名称": "アイアイ薬局", "機関区分": 5, "都道府県コード": 32, "市区町村コード": 201, "所在地": "島根県松江市上乃木９丁目１９－２３", "緯度": 35.440003, "経度": 133.064239, "url": "https://www.iryou.teikyouseido.mhlw.go.jp/znk-web/juminkanja/S2430/initialize?prefCd=32&kikanCd=5325104390&kikanKbn=5", "url2": null, "内容": "アイアイ薬局【5:薬局】島根県松江市上乃木９丁目１９－２３" }, "geometry": { "type": "Point", "coordinates": [ 133.064239, 35.440003 ] } },
{ "type": "Feature", "properties": { "ID": 3255325104550, "正式名称": "スマイル薬局", "機関区分": 5, "都道府県コード": 32, "市区町村コード": 201, "所在地": "島根県松江市雑賀町２５５－１", "緯度": 35.458709, "経度": 133.059355, "url": "https://www.iryou.teikyouseido.mhlw.go.jp/znk-web/juminkanja/S2430/initialize?prefCd=32&kikanCd=5325104550&kikanKbn=5", "url2": null, "内容": "スマイル薬局【5:薬局】島根県松江市雑賀町２５５－１" }, "geometry": { "type": "Point", "coordinates": [ 133.059355, 35.458709 ] } },
{ "type": "Feature", "properties": { "ID": 3255325105300, "正式名称": "すみれ調剤薬局　八雲店", "機関区分": 5, "都道府県コード": 32, "市区町村コード": 201, "所在地": "島根県松江市八雲町日吉１９４－１４", "緯度": 35.416717, "経度": 133.096527, "url": "https://www.iryou.teikyouseido.mhlw.go.jp/znk-web/juminkanja/S2430/initialize?prefCd=32&kikanCd=5325105300&kikanKbn=5", "url2": "http://www.e-classa.net/sumireyakumo", "内容": "すみれ調剤薬局　八雲店【5:薬局】島根県松江市八雲町日吉１９４－１４" }, "geometry": { "type": "Point", "coordinates": [ 133.096527, 35.416717 ] } },
{ "type": "Feature", "properties": { "ID": 3255325105430, "正式名称": "そうごう薬局北堀店", "機関区分": 5, "都道府県コード": 32, "市区町村コード": 201, "所在地": "島根県松江市北堀町１２－３", "緯度": 35.477792, "経度": 133.053429, "url": "https://www.iryou.teikyouseido.mhlw.go.jp/znk-web/juminkanja/S2430/initialize?prefCd=32&kikanCd=5325105430&kikanKbn=5", "url2": "https://www.sogo-pharmacy.jp/shop/view/40", "内容": "そうごう薬局北堀店【5:薬局】島根県松江市北堀町１２－３" }, "geometry": { "type": "Point", "coordinates": [ 133.053429, 35.477792 ] } },
{ "type": "Feature", "properties": { "ID": 3255325105690, "正式名称": "有限会社　さくら薬局　東出雲店", "機関区分": 5, "都道府県コード": 32, "市区町村コード": 201, "所在地": "島根県松江市東出雲町錦新町２丁目２ー２", "緯度": 35.433768, "経度": 133.138197, "url": "https://www.iryou.teikyouseido.mhlw.go.jp/znk-web/juminkanja/S2430/initialize?prefCd=32&kikanCd=5325105690&kikanKbn=5", "url2": "https://nagomi-sakura.jp/", "内容": "有限会社　さくら薬局　東出雲店【5:薬局】島根県松江市東出雲町錦新町２丁目２ー２" }, "geometry": { "type": "Point", "coordinates": [ 133.138197, 35.433768 ] } },
{ "type": "Feature", "properties": { "ID": 3255325105980, "正式名称": "フロンティア薬局　松江店", "機関区分": 5, "都道府県コード": 32, "市区町村コード": 201, "所在地": "島根県松江市乃白町１７０－１", "緯度": 35.436399, "経度": 133.055489, "url": "https://www.iryou.teikyouseido.mhlw.go.jp/znk-web/juminkanja/S2430/initialize?prefCd=32&kikanCd=5325105980&kikanKbn=5", "url2": "http://www.frontier-ph.com", "内容": "フロンティア薬局　松江店【5:薬局】島根県松江市乃白町１７０－１" }, "geometry": { "type": "Point", "coordinates": [ 133.055489, 35.436399 ] } },
{ "type": "Feature", "properties": { "ID": 3255325106020, "正式名称": "有限会社くすりや調剤薬局", "機関区分": 5, "都道府県コード": 32, "市区町村コード": 201, "所在地": "島根県松江市八幡町２８６－８", "緯度": 35.440362, "経度": 133.11802, "url": "https://www.iryou.teikyouseido.mhlw.go.jp/znk-web/juminkanja/S2430/initialize?prefCd=32&kikanCd=5325106020&kikanKbn=5", "url2": "https://yugenkusuriya55.my.canva.site/dafjctcr6rs", "内容": "有限会社くすりや調剤薬局【5:薬局】島根県松江市八幡町２８６－８" }, "geometry": { "type": "Point", "coordinates": [ 133.11802, 35.440362 ] } },
{ "type": "Feature", "properties": { "ID": 3255325106310, "正式名称": "りんご薬局", "機関区分": 5, "都道府県コード": 32, "市区町村コード": 201, "所在地": "島根県松江市美保関町森山７６５－２", "緯度": 35.551726, "経度": 133.233011, "url": "https://www.iryou.teikyouseido.mhlw.go.jp/znk-web/juminkanja/S2430/initialize?prefCd=32&kikanCd=5325106310&kikanKbn=5", "url2": null, "内容": "りんご薬局【5:薬局】島根県松江市美保関町森山７６５－２" }, "geometry": { "type": "Point", "coordinates": [ 133.233011, 35.551726 ] } },
{ "type": "Feature", "properties": { "ID": 3255325107160, "正式名称": "安来中央薬局", "機関区分": 5, "都道府県コード": 32, "市区町村コード": 206, "所在地": "島根県安来市今津町６７０ー３", "緯度": 35.433539, "経度": 133.23353, "url": "https://www.iryou.teikyouseido.mhlw.go.jp/znk-web/juminkanja/S2430/initialize?prefCd=32&kikanCd=5325107160&kikanKbn=5", "url2": null, "内容": "安来中央薬局【5:薬局】島根県安来市今津町６７０ー３" }, "geometry": { "type": "Point", "coordinates": [ 133.23353, 35.433539 ] } },
{ "type": "Feature", "properties": { "ID": 3255325107450, "正式名称": "有限会社　さいとう薬局", "機関区分": 5, "都道府県コード": 32, "市区町村コード": 206, "所在地": "島根県安来市広瀬町広瀬１４６４ー１", "緯度": 35.36947, "経度": 133.175347, "url": "https://www.iryou.teikyouseido.mhlw.go.jp/znk-web/juminkanja/S2430/initialize?prefCd=32&kikanCd=5325107450&kikanKbn=5", "url2": null, "内容": "有限会社　さいとう薬局【5:薬局】島根県安来市広瀬町広瀬１４６４ー１" }, "geometry": { "type": "Point", "coordinates": [ 133.175347, 35.36947 ] } },
{ "type": "Feature", "properties": { "ID": 3255325107580, "正式名称": "なべや薬局神田店", "機関区分": 5, "都道府県コード": 32, "市区町村コード": 206, "所在地": "島根県安来市安来町７６９－１", "緯度": 35.425818, "経度": 133.245822, "url": "https://www.iryou.teikyouseido.mhlw.go.jp/znk-web/juminkanja/S2430/initialize?prefCd=32&kikanCd=5325107580&kikanKbn=5", "url2": null, "内容": "なべや薬局神田店【5:薬局】島根県安来市安来町７６９－１" }, "geometry": { "type": "Point", "coordinates": [ 133.245822, 35.425818 ] } },
{ "type": "Feature", "properties": { "ID": 3255325107740, "正式名称": "有限会社調剤薬局ケイ十神店", "機関区分": 5, "都道府県コード": 32, "市区町村コード": 206, "所在地": "島根県安来市南十神町１４－１", "緯度": 35.429932, "経度": 133.26014, "url": "https://www.iryou.teikyouseido.mhlw.go.jp/znk-web/juminkanja/S2430/initialize?prefCd=32&kikanCd=5325107740&kikanKbn=5", "url2": "https://www.kei-tokami.com", "内容": "有限会社調剤薬局ケイ十神店【5:薬局】島根県安来市南十神町１４－１" }, "geometry": { "type": "Point", "coordinates": [ 133.26014, 35.429932 ] } },
{ "type": "Feature", "properties": { "ID": 3255325107900, "正式名称": "古山薬局", "機関区分": 5, "都道府県コード": 32, "市区町村コード": 206, "所在地": "島根県安来市広瀬町広瀬８６２", "緯度": 35.366525, "経度": 133.174602, "url": "https://www.iryou.teikyouseido.mhlw.go.jp/znk-web/juminkanja/S2430/initialize?prefCd=32&kikanCd=5325107900&kikanKbn=5", "url2": null, "内容": "古山薬局【5:薬局】島根県安来市広瀬町広瀬８６２" }, "geometry": { "type": "Point", "coordinates": [ 133.174602, 35.366525 ] } },
{ "type": "Feature", "properties": { "ID": 3255325108170, "正式名称": "ラン調剤薬局", "機関区分": 5, "都道府県コード": 32, "市区町村コード": 206, "所在地": "島根県安来市飯島町５３０－５", "緯度": 35.428795, "経度": 133.239492, "url": "https://www.iryou.teikyouseido.mhlw.go.jp/znk-web/juminkanja/S2430/initialize?prefCd=32&kikanCd=5325108170&kikanKbn=5", "url2": null, "内容": "ラン調剤薬局【5:薬局】島根県安来市飯島町５３０－５" }, "geometry": { "type": "Point", "coordinates": [ 133.239492, 35.428795 ] } },
{ "type": "Feature", "properties": { "ID": 3255325108590, "正式名称": "スイング上乃木薬局", "機関区分": 5, "都道府県コード": 32, "市区町村コード": 201, "所在地": "島根県松江市上乃木１－２－２１", "緯度": 35.452704, "経度": 133.060471, "url": "https://www.iryou.teikyouseido.mhlw.go.jp/znk-web/juminkanja/S2430/initialize?prefCd=32&kikanCd=5325108590&kikanKbn=5", "url2": "http://www.ssmile.co.jp", "内容": "スイング上乃木薬局【5:薬局】島根県松江市上乃木１－２－２１" }, "geometry": { "type": "Point", "coordinates": [ 133.060471, 35.452704 ] } },
{ "type": "Feature", "properties": { "ID": 3255325108880, "正式名称": "比津が丘薬局", "機関区分": 5, "都道府県コード": 32, "市区町村コード": 201, "所在地": "島根県松江市比津町４７２－１", "緯度": 35.490561, "経度": 133.037679, "url": "https://www.iryou.teikyouseido.mhlw.go.jp/znk-web/juminkanja/S2430/initialize?prefCd=32&kikanCd=5325108880&kikanKbn=5", "url2": "https://ks-office.group/index.html", "内容": "比津が丘薬局【5:薬局】島根県松江市比津町４７２－１" }, "geometry": { "type": "Point", "coordinates": [ 133.037679, 35.490561 ] } },
{ "type": "Feature", "properties": { "ID": 3255325109050, "正式名称": "生泉堂調剤薬局", "機関区分": 5, "都道府県コード": 32, "市区町村コード": 201, "所在地": "島根県松江市大正町４５５－５", "緯度": 35.462834, "経度": 133.063783, "url": "https://www.iryou.teikyouseido.mhlw.go.jp/znk-web/juminkanja/S2430/initialize?prefCd=32&kikanCd=5325109050&kikanKbn=5", "url2": "seisendo-yakkyoku.com", "内容": "生泉堂調剤薬局【5:薬局】島根県松江市大正町４５５－５" }, "geometry": { "type": "Point", "coordinates": [ 133.063783, 35.462834 ] } },
{ "type": "Feature", "properties": { "ID": 3255325109630, "正式名称": "ひまわり薬局", "機関区分": 5, "都道府県コード": 32, "市区町村コード": 201, "所在地": "島根県松江市玉湯町湯町　８２６－１", "緯度": 35.432023, "経度": 133.006359, "url": "https://www.iryou.teikyouseido.mhlw.go.jp/znk-web/juminkanja/S2430/initialize?prefCd=32&kikanCd=5325109630&kikanKbn=5", "url2": "seisendo-yakkyoku.com", "内容": "ひまわり薬局【5:薬局】島根県松江市玉湯町湯町　８２６－１" }, "geometry": { "type": "Point", "coordinates": [ 133.006359, 35.432023 ] } },
{ "type": "Feature", "properties": { "ID": 3255325109890, "正式名称": "オール薬局乃木店", "機関区分": 5, "都道府県コード": 32, "市区町村コード": 201, "所在地": "島根県松江市乃木福富町４１３－２", "緯度": 35.436437, "経度": 133.041487, "url": "https://www.iryou.teikyouseido.mhlw.go.jp/znk-web/juminkanja/S2430/initialize?prefCd=32&kikanCd=5325109890&kikanKbn=5", "url2": "https://www.e-classa.net/owl-nogi", "内容": "オール薬局乃木店【5:薬局】島根県松江市乃木福富町４１３－２" }, "geometry": { "type": "Point", "coordinates": [ 133.041487, 35.436437 ] } },
{ "type": "Feature", "properties": { "ID": 3255325110030, "正式名称": "松江中央薬局", "機関区分": 5, "都道府県コード": 32, "市区町村コード": 201, "所在地": "島根県松江市堂形町７６１", "緯度": 35.467728, "経度": 133.043301, "url": "https://www.iryou.teikyouseido.mhlw.go.jp/znk-web/juminkanja/S2430/initialize?prefCd=32&kikanCd=5325110030&kikanKbn=5", "url2": null, "内容": "松江中央薬局【5:薬局】島根県松江市堂形町７６１" }, "geometry": { "type": "Point", "coordinates": [ 133.043301, 35.467728 ] } },
{ "type": "Feature", "properties": { "ID": 3255325110160, "正式名称": "そうごう薬局安来店", "機関区分": 5, "都道府県コード": 32, "市区町村コード": 206, "所在地": "島根県安来市安来町９３５－４", "緯度": 35.433598, "経度": 133.252207, "url": "https://www.iryou.teikyouseido.mhlw.go.jp/znk-web/juminkanja/S2430/initialize?prefCd=32&kikanCd=5325110160&kikanKbn=5", "url2": null, "内容": "そうごう薬局安来店【5:薬局】島根県安来市安来町９３５－４" }, "geometry": { "type": "Point", "coordinates": [ 133.252207, 35.433598 ] } },
{ "type": "Feature", "properties": { "ID": 3255325110870, "正式名称": "そうごう薬局　島根大学前店", "機関区分": 5, "都道府県コード": 32, "市区町村コード": 201, "所在地": "島根県松江市学園２丁目２７－１６", "緯度": 35.484602, "経度": 133.069192, "url": "https://www.iryou.teikyouseido.mhlw.go.jp/znk-web/juminkanja/S2430/initialize?prefCd=32&kikanCd=5325110870&kikanKbn=5", "url2": null, "内容": "そうごう薬局　島根大学前店【5:薬局】島根県松江市学園２丁目２７－１６" }, "geometry": { "type": "Point", "coordinates": [ 133.069192, 35.484602 ] } },
{ "type": "Feature", "properties": { "ID": 3255325110900, "正式名称": "さいかまち薬局", "機関区分": 5, "都道府県コード": 32, "市区町村コード": 201, "所在地": "島根県松江市雑賀町７０ー２", "緯度": 35.457075, "経度": 133.056968, "url": "https://www.iryou.teikyouseido.mhlw.go.jp/znk-web/juminkanja/S2430/initialize?prefCd=32&kikanCd=5325110900&kikanKbn=5", "url2": null, "内容": "さいかまち薬局【5:薬局】島根県松江市雑賀町７０ー２" }, "geometry": { "type": "Point", "coordinates": [ 133.056968, 35.457075 ] } },
{ "type": "Feature", "properties": { "ID": 3255325111040, "正式名称": "母衣町薬局", "機関区分": 5, "都道府県コード": 32, "市区町村コード": 201, "所在地": "島根県松江市母衣町１９８－４", "緯度": 35.47163, "経度": 133.056863, "url": "https://www.iryou.teikyouseido.mhlw.go.jp/znk-web/juminkanja/S2430/initialize?prefCd=32&kikanCd=5325111040&kikanKbn=5", "url2": null, "内容": "母衣町薬局【5:薬局】島根県松江市母衣町１９８－４" }, "geometry": { "type": "Point", "coordinates": [ 133.056863, 35.47163 ] } },
{ "type": "Feature", "properties": { "ID": 3255325111200, "正式名称": "なの花薬局松江川津店", "機関区分": 5, "都道府県コード": 32, "市区町村コード": 201, "所在地": "島根県松江市下東川津町４２ー８", "緯度": 35.496924, "経度": 133.080565, "url": "https://www.iryou.teikyouseido.mhlw.go.jp/znk-web/juminkanja/S2430/initialize?prefCd=32&kikanCd=5325111200&kikanKbn=5", "url2": "https://www.nanohana-ph.jp/", "内容": "なの花薬局松江川津店【5:薬局】島根県松江市下東川津町４２ー８" }, "geometry": { "type": "Point", "coordinates": [ 133.080565, 35.496924 ] } },
{ "type": "Feature", "properties": { "ID": 3255325111330, "正式名称": "かわたに薬局", "機関区分": 5, "都道府県コード": 32, "市区町村コード": 201, "所在地": "島根県松江市北田町１３３－１", "緯度": 35.475601, "経度": 133.063062, "url": "https://www.iryou.teikyouseido.mhlw.go.jp/znk-web/juminkanja/S2430/initialize?prefCd=32&kikanCd=5325111330&kikanKbn=5", "url2": null, "内容": "かわたに薬局【5:薬局】島根県松江市北田町１３３－１" }, "geometry": { "type": "Point", "coordinates": [ 133.063062, 35.475601 ] } },
{ "type": "Feature", "properties": { "ID": 3255325111460, "正式名称": "そうごう薬局　東出雲店", "機関区分": 5, "都道府県コード": 32, "市区町村コード": 201, "所在地": "島根県松江市東出雲町揖屋１０３４－１", "緯度": 35.430259, "経度": 133.152204, "url": "https://www.iryou.teikyouseido.mhlw.go.jp/znk-web/juminkanja/S2430/initialize?prefCd=32&kikanCd=5325111460&kikanKbn=5", "url2": "https://www.sogo-pharmacy.jp/shop/view/547", "内容": "そうごう薬局　東出雲店【5:薬局】島根県松江市東出雲町揖屋１０３４－１" }, "geometry": { "type": "Point", "coordinates": [ 133.152204, 35.430259 ] } },
{ "type": "Feature", "properties": { "ID": 3255325111750, "正式名称": "はくいし薬局", "機関区分": 5, "都道府県コード": 32, "市区町村コード": 201, "所在地": "島根県松江市宍道町白石１３７－２１", "緯度": 35.397072, "経度": 132.906532, "url": "https://www.iryou.teikyouseido.mhlw.go.jp/znk-web/juminkanja/S2430/initialize?prefCd=32&kikanCd=5325111750&kikanKbn=5", "url2": null, "内容": "はくいし薬局【5:薬局】島根県松江市宍道町白石１３７－２１" }, "geometry": { "type": "Point", "coordinates": [ 132.906532, 35.397072 ] } },
{ "type": "Feature", "properties": { "ID": 3255325111880, "正式名称": "フロンティア薬局乃白店", "機関区分": 5, "都道府県コード": 32, "市区町村コード": 201, "所在地": "島根県松江市乃白町２００１", "緯度": 35.438089, "経度": 133.052413, "url": "https://www.iryou.teikyouseido.mhlw.go.jp/znk-web/juminkanja/S2430/initialize?prefCd=32&kikanCd=5325111880&kikanKbn=5", "url2": null, "内容": "フロンティア薬局乃白店【5:薬局】島根県松江市乃白町２００１" }, "geometry": { "type": "Point", "coordinates": [ 133.052413, 35.438089 ] } },
{ "type": "Feature", "properties": { "ID": 3255325112050, "正式名称": "浜乃木薬局", "機関区分": 5, "都道府県コード": 32, "市区町村コード": 201, "所在地": "島根県松江市浜乃木２丁目７－１３北川ビル", "緯度": 35.446334, "経度": 133.054445, "url": "https://www.iryou.teikyouseido.mhlw.go.jp/znk-web/juminkanja/S2430/initialize?prefCd=32&kikanCd=5325112050&kikanKbn=5", "url2": null, "内容": "浜乃木薬局【5:薬局】島根県松江市浜乃木２丁目７－１３北川ビル" }, "geometry": { "type": "Point", "coordinates": [ 133.054445, 35.446334 ] } },
{ "type": "Feature", "properties": { "ID": 3255325112180, "正式名称": "ひまわり薬局学園店", "機関区分": 5, "都道府県コード": 32, "市区町村コード": 201, "所在地": "島根県松江市学園南１丁目１１－１７", "緯度": 35.470153, "経度": 133.069774, "url": "https://www.iryou.teikyouseido.mhlw.go.jp/znk-web/juminkanja/S2430/initialize?prefCd=32&kikanCd=5325112180&kikanKbn=5", "url2": null, "内容": "ひまわり薬局学園店【5:薬局】島根県松江市学園南１丁目１１－１７" }, "geometry": { "type": "Point", "coordinates": [ 133.069774, 35.470153 ] } },
{ "type": "Feature", "properties": { "ID": 3255325112210, "正式名称": "ウェルネス薬局春日店", "機関区分": 5, "都道府県コード": 32, "市区町村コード": 201, "所在地": "島根県松江市春日町５－２", "緯度": 35.487451, "経度": 133.045953, "url": "https://www.iryou.teikyouseido.mhlw.go.jp/znk-web/juminkanja/S2430/initialize?prefCd=32&kikanCd=5325112210&kikanKbn=5", "url2": "https://www.wellness-web.co.jp/", "内容": "ウェルネス薬局春日店【5:薬局】島根県松江市春日町５－２" }, "geometry": { "type": "Point", "coordinates": [ 133.045953, 35.487451 ] } },
{ "type": "Feature", "properties": { "ID": 3255325112630, "正式名称": "ウェルネス薬局東津田店", "機関区分": 5, "都道府県コード": 32, "市区町村コード": 201, "所在地": "島根県松江市東津田町１１２５－２", "緯度": 35.457436, "経度": 133.084186, "url": "https://www.iryou.teikyouseido.mhlw.go.jp/znk-web/juminkanja/S2430/initialize?prefCd=32&kikanCd=5325112630&kikanKbn=5", "url2": "https://www.wellness-web.co.jp/", "内容": "ウェルネス薬局東津田店【5:薬局】島根県松江市東津田町１１２５－２" }, "geometry": { "type": "Point", "coordinates": [ 133.084186, 35.457436 ] } },
{ "type": "Feature", "properties": { "ID": 3255325112890, "正式名称": "太陽薬局　上乃木店", "機関区分": 5, "都道府県コード": 32, "市区町村コード": 201, "所在地": "島根県松江市上乃木２－２９－２", "緯度": 35.448934, "経度": 133.063894, "url": "https://www.iryou.teikyouseido.mhlw.go.jp/znk-web/juminkanja/S2430/initialize?prefCd=32&kikanCd=5325112890&kikanKbn=5", "url2": "https://taiyo-trust.com/      https://taiyo-trust.jp/", "内容": "太陽薬局　上乃木店【5:薬局】島根県松江市上乃木２－２９－２" }, "geometry": { "type": "Point", "coordinates": [ 133.063894, 35.448934 ] } },
{ "type": "Feature", "properties": { "ID": 3255325113060, "正式名称": "くれよん薬局", "機関区分": 5, "都道府県コード": 32, "市区町村コード": 201, "所在地": "島根県松江市上乃木４丁目１０番３１号", "緯度": 35.446063, "経度": 133.063176, "url": "https://www.iryou.teikyouseido.mhlw.go.jp/znk-web/juminkanja/S2430/initialize?prefCd=32&kikanCd=5325113060&kikanKbn=5", "url2": "https://www.smile-hp.com/pharmacy/crayon.html", "内容": "くれよん薬局【5:薬局】島根県松江市上乃木４丁目１０番３１号" }, "geometry": { "type": "Point", "coordinates": [ 133.063176, 35.446063 ] } },
{ "type": "Feature", "properties": { "ID": 3255325113190, "正式名称": "エスマイル薬局東出雲店", "機関区分": 5, "都道府県コード": 32, "市区町村コード": 201, "所在地": "島根県松江市東出雲町揖屋１１８０－８", "緯度": 35.427109, "経度": 133.153053, "url": "https://www.iryou.teikyouseido.mhlw.go.jp/znk-web/juminkanja/S2430/initialize?prefCd=32&kikanCd=5325113190&kikanKbn=5", "url2": null, "内容": "エスマイル薬局東出雲店【5:薬局】島根県松江市東出雲町揖屋１１８０－８" }, "geometry": { "type": "Point", "coordinates": [ 133.153053, 35.427109 ] } },
{ "type": "Feature", "properties": { "ID": 3255325113220, "正式名称": "クローバー薬局大庭店", "機関区分": 5, "都道府県コード": 32, "市区町村コード": 201, "所在地": "島根県松江市大庭町１８０１－２", "緯度": 35.437668, "経度": 133.08456, "url": "https://www.iryou.teikyouseido.mhlw.go.jp/znk-web/juminkanja/S2430/initialize?prefCd=32&kikanCd=5325113220&kikanKbn=5", "url2": "http://cloverpharmacy.com/", "内容": "クローバー薬局大庭店【5:薬局】島根県松江市大庭町１８０１－２" }, "geometry": { "type": "Point", "coordinates": [ 133.08456, 35.437668 ] } },
{ "type": "Feature", "properties": { "ID": 3255325113350, "正式名称": "ウェルネス薬局学園南店", "機関区分": 5, "都道府県コード": 32, "市区町村コード": 201, "所在地": "島根県松江市学園南２丁目１１ー３８", "緯度": 35.47405, "経度": 133.067996, "url": "https://www.iryou.teikyouseido.mhlw.go.jp/znk-web/juminkanja/S2430/initialize?prefCd=32&kikanCd=5325113350&kikanKbn=5", "url2": "https://www.wellness-web.co.jp/", "内容": "ウェルネス薬局学園南店【5:薬局】島根県松江市学園南２丁目１１ー３８" }, "geometry": { "type": "Point", "coordinates": [ 133.067996, 35.47405 ] } },
{ "type": "Feature", "properties": { "ID": 3255325113510, "正式名称": "ひだまり薬局", "機関区分": 5, "都道府県コード": 32, "市区町村コード": 201, "所在地": "島根県松江市学園南２－１２－５ＨＯＹＯパークサイドビル１Ｆ", "緯度": 35.473514, "経度": 133.068617, "url": "https://www.iryou.teikyouseido.mhlw.go.jp/znk-web/juminkanja/S2430/initialize?prefCd=32&kikanCd=5325113510&kikanKbn=5", "url2": null, "内容": "ひだまり薬局【5:薬局】島根県松江市学園南２－１２－５ＨＯＹＯパークサイドビル１Ｆ" }, "geometry": { "type": "Point", "coordinates": [ 133.068617, 35.473514 ] } },
{ "type": "Feature", "properties": { "ID": 3255325113640, "正式名称": "木村薬局　宍道東店", "機関区分": 5, "都道府県コード": 32, "市区町村コード": 201, "所在地": "島根県松江市宍道町宍道１４１０番地", "緯度": 35.407389, "経度": 132.906808, "url": "https://www.iryou.teikyouseido.mhlw.go.jp/znk-web/juminkanja/S2430/initialize?prefCd=32&kikanCd=5325113640&kikanKbn=5", "url2": null, "内容": "木村薬局　宍道東店【5:薬局】島根県松江市宍道町宍道１４１０番地" }, "geometry": { "type": "Point", "coordinates": [ 132.906808, 35.407389 ] } },
{ "type": "Feature", "properties": { "ID": 3255325113770, "正式名称": "木村薬局宍道西店", "機関区分": 5, "都道府県コード": 32, "市区町村コード": 201, "所在地": "島根県松江市宍道町宍道１２９２－１", "緯度": 35.404456, "経度": 132.905303, "url": "https://www.iryou.teikyouseido.mhlw.go.jp/znk-web/juminkanja/S2430/initialize?prefCd=32&kikanCd=5325113770&kikanKbn=5", "url2": "https://misato-pharmacy.jp", "内容": "木村薬局宍道西店【5:薬局】島根県松江市宍道町宍道１２９２－１" }, "geometry": { "type": "Point", "coordinates": [ 132.905303, 35.404456 ] } },
{ "type": "Feature", "properties": { "ID": 3255325113800, "正式名称": "ファーマシィ薬局松江センター", "機関区分": 5, "都道府県コード": 32, "市区町村コード": 201, "所在地": "島根県松江市西津田８丁目８－８", "緯度": 35.454734, "経度": 133.06732, "url": "https://www.iryou.teikyouseido.mhlw.go.jp/znk-web/juminkanja/S2430/initialize?prefCd=32&kikanCd=5325113800&kikanKbn=5", "url2": "http://www.pharmacy-net.co.jp", "内容": "ファーマシィ薬局松江センター【5:薬局】島根県松江市西津田８丁目８－８" }, "geometry": { "type": "Point", "coordinates": [ 133.06732, 35.454734 ] } },
{ "type": "Feature", "properties": { "ID": 3255325113930, "正式名称": "ウェルネス薬局乃白店", "機関区分": 5, "都道府県コード": 32, "市区町村コード": 201, "所在地": "島根県松江市乃白町２０６１", "緯度": 35.435681, "経度": 133.049506, "url": "https://www.iryou.teikyouseido.mhlw.go.jp/znk-web/juminkanja/S2430/initialize?prefCd=32&kikanCd=5325113930&kikanKbn=5", "url2": "https://www.wellness-web.co.jp/", "内容": "ウェルネス薬局乃白店【5:薬局】島根県松江市乃白町２０６１" }, "geometry": { "type": "Point", "coordinates": [ 133.049506, 35.435681 ] } },
{ "type": "Feature", "properties": { "ID": 3255325114070, "正式名称": "大輪町薬局", "機関区分": 5, "都道府県コード": 32, "市区町村コード": 201, "所在地": "島根県松江市大輪町３９２－４４", "緯度": 35.481339, "経度": 133.059573, "url": "https://www.iryou.teikyouseido.mhlw.go.jp/znk-web/juminkanja/S2430/initialize?prefCd=32&kikanCd=5325114070&kikanKbn=5", "url2": null, "内容": "大輪町薬局【5:薬局】島根県松江市大輪町３９２－４４" }, "geometry": { "type": "Point", "coordinates": [ 133.059573, 35.481339 ] } },
{ "type": "Feature", "properties": { "ID": 3255325114100, "正式名称": "おれんじ薬局", "機関区分": 5, "都道府県コード": 32, "市区町村コード": 201, "所在地": "島根県松江市上乃木９丁目１６４７番３", "緯度": 35.44116, "経度": 133.066815, "url": "https://www.iryou.teikyouseido.mhlw.go.jp/znk-web/juminkanja/S2430/initialize?prefCd=32&kikanCd=5325114100&kikanKbn=5", "url2": null, "内容": "おれんじ薬局【5:薬局】島根県松江市上乃木９丁目１６４７番３" }, "geometry": { "type": "Point", "coordinates": [ 133.066815, 35.44116 ] } },
{ "type": "Feature", "properties": { "ID": 3255325114230, "正式名称": "そうごう薬局安来社日店", "機関区分": 5, "都道府県コード": 32, "市区町村コード": 206, "所在地": "島根県安来市安来町１２７８－５", "緯度": 35.423536, "経度": 133.248957, "url": "https://www.iryou.teikyouseido.mhlw.go.jp/znk-web/juminkanja/S2430/initialize?prefCd=32&kikanCd=5325114230&kikanKbn=5", "url2": "https://shop.sogo-pharmacy.jp/detail/746/", "内容": "そうごう薬局安来社日店【5:薬局】島根県安来市安来町１２７８－５" }, "geometry": { "type": "Point", "coordinates": [ 133.248957, 35.423536 ] } },
{ "type": "Feature", "properties": { "ID": 3255325114360, "正式名称": "ウェルネス薬局　大庭店", "機関区分": 5, "都道府県コード": 32, "市区町村コード": 201, "所在地": "島根県松江市大庭町１８０３－１", "緯度": 35.435404, "経度": 133.084661, "url": "https://www.iryou.teikyouseido.mhlw.go.jp/znk-web/juminkanja/S2430/initialize?prefCd=32&kikanCd=5325114360&kikanKbn=5", "url2": "https://www.wellness-web.co.jp/", "内容": "ウェルネス薬局　大庭店【5:薬局】島根県松江市大庭町１８０３－１" }, "geometry": { "type": "Point", "coordinates": [ 133.084661, 35.435404 ] } },
{ "type": "Feature", "properties": { "ID": 3255325114490, "正式名称": "かわつ薬局", "機関区分": 5, "都道府県コード": 32, "市区町村コード": 201, "所在地": "島根県松江市西川津町４０９８", "緯度": 35.48152, "経度": 133.073238, "url": "https://www.iryou.teikyouseido.mhlw.go.jp/znk-web/juminkanja/S2430/initialize?prefCd=32&kikanCd=5325114490&kikanKbn=5", "url2": "https://www.kawatsu-pharmacy.com/", "内容": "かわつ薬局【5:薬局】島根県松江市西川津町４０９８" }, "geometry": { "type": "Point", "coordinates": [ 133.073238, 35.48152 ] } },
{ "type": "Feature", "properties": { "ID": 3255325114520, "正式名称": "オリーブ薬局", "機関区分": 5, "都道府県コード": 32, "市区町村コード": 201, "所在地": "島根県松江市東出雲町錦新町一丁目７番１７号", "緯度": 35.43416, "経度": 133.137689, "url": "https://www.iryou.teikyouseido.mhlw.go.jp/znk-web/juminkanja/S2430/initialize?prefCd=32&kikanCd=5325114520&kikanKbn=5", "url2": null, "内容": "オリーブ薬局【5:薬局】島根県松江市東出雲町錦新町一丁目７番１７号" }, "geometry": { "type": "Point", "coordinates": [ 133.137689, 35.43416 ] } },
{ "type": "Feature", "properties": { "ID": 3255325114650, "正式名称": "あだかえ薬局", "機関区分": 5, "都道府県コード": 32, "市区町村コード": 201, "所在地": "島根県松江市東出雲町出雲郷１１５－１７", "緯度": 35.430465, "経度": 133.135729, "url": "https://www.iryou.teikyouseido.mhlw.go.jp/znk-web/juminkanja/S2430/initialize?prefCd=32&kikanCd=5325114650&kikanKbn=5", "url2": null, "内容": "あだかえ薬局【5:薬局】島根県松江市東出雲町出雲郷１１５－１７" }, "geometry": { "type": "Point", "coordinates": [ 133.135729, 35.430465 ] } },
{ "type": "Feature", "properties": { "ID": 3255325114780, "正式名称": "タカサゴ薬局", "機関区分": 5, "都道府県コード": 32, "市区町村コード": 201, "所在地": "島根県松江市大庭町１８０２－３", "緯度": 35.436017, "経度": 133.084768, "url": "https://www.iryou.teikyouseido.mhlw.go.jp/znk-web/juminkanja/S2430/initialize?prefCd=32&kikanCd=5325114780&kikanKbn=5", "url2": null, "内容": "タカサゴ薬局【5:薬局】島根県松江市大庭町１８０２－３" }, "geometry": { "type": "Point", "coordinates": [ 133.084768, 35.436017 ] } },
{ "type": "Feature", "properties": { "ID": 3255325114810, "正式名称": "ウェルネス調剤薬局春日２号店", "機関区分": 5, "都道府県コード": 32, "市区町村コード": 201, "所在地": "島根県松江市春日町１８０－１１", "緯度": 35.486775, "経度": 133.046255, "url": "https://www.iryou.teikyouseido.mhlw.go.jp/znk-web/juminkanja/S2430/initialize?prefCd=32&kikanCd=5325114810&kikanKbn=5", "url2": "https://www.wellness-web.co.jp/", "内容": "ウェルネス調剤薬局春日２号店【5:薬局】島根県松江市春日町１８０－１１" }, "geometry": { "type": "Point", "coordinates": [ 133.046255, 35.486775 ] } },
{ "type": "Feature", "properties": { "ID": 3255325115080, "正式名称": "フリーダム古志薬局湖北店", "機関区分": 5, "都道府県コード": 32, "市区町村コード": 201, "所在地": "島根県松江市岡本町１０９９－１", "緯度": 35.475526, "経度": 132.951326, "url": "https://www.iryou.teikyouseido.mhlw.go.jp/znk-web/juminkanja/S2430/initialize?prefCd=32&kikanCd=5325115080&kikanKbn=5", "url2": "https://www.matsukiyococokara-online.com/map?kid=20002273", "内容": "フリーダム古志薬局湖北店【5:薬局】島根県松江市岡本町１０９９－１" }, "geometry": { "type": "Point", "coordinates": [ 132.951326, 35.475526 ] } },
{ "type": "Feature", "properties": { "ID": 3255325115110, "正式名称": "フリーダム古志薬局古志原店", "機関区分": 5, "都道府県コード": 32, "市区町村コード": 201, "所在地": "島根県松江市古志原３－５－４１", "緯度": 35.444912, "経度": 133.081523, "url": "https://www.iryou.teikyouseido.mhlw.go.jp/znk-web/juminkanja/S2430/initialize?prefCd=32&kikanCd=5325115110&kikanKbn=5", "url2": "https://www.matsukiyococokara-online.com/map?kid=20002275", "内容": "フリーダム古志薬局古志原店【5:薬局】島根県松江市古志原３－５－４１" }, "geometry": { "type": "Point", "coordinates": [ 133.081523, 35.444912 ] } },
{ "type": "Feature", "properties": { "ID": 3255325115240, "正式名称": "フリーダム古志薬局桧山店", "機関区分": 5, "都道府県コード": 32, "市区町村コード": 201, "所在地": "島根県松江市西津田５丁目２２－３３", "緯度": 35.454999, "経度": 133.071181, "url": "https://www.iryou.teikyouseido.mhlw.go.jp/znk-web/juminkanja/S2430/initialize?prefCd=32&kikanCd=5325115240&kikanKbn=5", "url2": "https://www.matsukiyococokara-online.com/map?kid=20002276", "内容": "フリーダム古志薬局桧山店【5:薬局】島根県松江市西津田５丁目２２－３３" }, "geometry": { "type": "Point", "coordinates": [ 133.071181, 35.454999 ] } },
{ "type": "Feature", "properties": { "ID": 3255325115370, "正式名称": "フリーダム古志薬局大庭店", "機関区分": 5, "都道府県コード": 32, "市区町村コード": 201, "所在地": "島根県松江市大庭町１８０５－１", "緯度": 35.432964, "経度": 133.086417, "url": "https://www.iryou.teikyouseido.mhlw.go.jp/znk-web/juminkanja/S2430/initialize?prefCd=32&kikanCd=5325115370&kikanKbn=5", "url2": "https://www.matsukiyococokara-online.com/map?kid=20002274", "内容": "フリーダム古志薬局大庭店【5:薬局】島根県松江市大庭町１８０５－１" }, "geometry": { "type": "Point", "coordinates": [ 133.086417, 35.432964 ] } },
{ "type": "Feature", "properties": { "ID": 3255325115400, "正式名称": "フリーダムプラス薬局", "機関区分": 5, "都道府県コード": 32, "市区町村コード": 206, "所在地": "島根県安来市広瀬町広瀬１９５０－１", "緯度": 35.371151, "経度": 133.178708, "url": "https://www.iryou.teikyouseido.mhlw.go.jp/znk-web/juminkanja/S2430/initialize?prefCd=32&kikanCd=5325115400&kikanKbn=5", "url2": "https://www.matsukiyococokara-online.com/map?kid=20002277", "内容": "フリーダムプラス薬局【5:薬局】島根県安来市広瀬町広瀬１９５０－１" }, "geometry": { "type": "Point", "coordinates": [ 133.178708, 35.371151 ] } },
{ "type": "Feature", "properties": { "ID": 3255325115530, "正式名称": "イオン薬局松江店", "機関区分": 5, "都道府県コード": 32, "市区町村コード": 201, "所在地": "島根県松江市東朝日町１５１イオン松江店１階", "緯度": 35.463401, "経度": 133.069059, "url": "https://www.iryou.teikyouseido.mhlw.go.jp/znk-web/juminkanja/S2430/initialize?prefCd=32&kikanCd=5325115530&kikanKbn=5", "url2": null, "内容": "イオン薬局松江店【5:薬局】島根県松江市東朝日町１５１イオン松江店１階" }, "geometry": { "type": "Point", "coordinates": [ 133.069059, 35.463401 ] } },
{ "type": "Feature", "properties": { "ID": 3255325115660, "正式名称": "クオール薬局松江春日店", "機関区分": 5, "都道府県コード": 32, "市区町村コード": 201, "所在地": "島根県松江市春日町３６５－２", "緯度": 35.485046, "経度": 133.043822, "url": "https://www.iryou.teikyouseido.mhlw.go.jp/znk-web/juminkanja/S2430/initialize?prefCd=32&kikanCd=5325115660&kikanKbn=5", "url2": "https://www.qol-net.co.jp/pharmacy/map/detail.php?id=333", "内容": "クオール薬局松江春日店【5:薬局】島根県松江市春日町３６５－２" }, "geometry": { "type": "Point", "coordinates": [ 133.043822, 35.485046 ] } },
{ "type": "Feature", "properties": { "ID": 3255325115790, "正式名称": "クオール薬局南田町店", "機関区分": 5, "都道府県コード": 32, "市区町村コード": 201, "所在地": "島根県松江市南田町１４５－１８", "緯度": 35.473029, "経度": 133.061593, "url": "https://www.iryou.teikyouseido.mhlw.go.jp/znk-web/juminkanja/S2430/initialize?prefCd=32&kikanCd=5325115790&kikanKbn=5", "url2": "https://www.qol-net.co.jp/", "内容": "クオール薬局南田町店【5:薬局】島根県松江市南田町１４５－１８" }, "geometry": { "type": "Point", "coordinates": [ 133.061593, 35.473029 ] } },
{ "type": "Feature", "properties": { "ID": 3255325115820, "正式名称": "クオール薬局　ポエム店", "機関区分": 5, "都道府県コード": 32, "市区町村コード": 201, "所在地": "島根県松江市東津田町１１９８－６", "緯度": 35.456177, "経度": 133.082227, "url": "https://www.iryou.teikyouseido.mhlw.go.jp/znk-web/juminkanja/S2430/initialize?prefCd=32&kikanCd=5325115820&kikanKbn=5", "url2": "https://www.qol-net.co.jp", "内容": "クオール薬局　ポエム店【5:薬局】島根県松江市東津田町１１９８－６" }, "geometry": { "type": "Point", "coordinates": [ 133.082227, 35.456177 ] } },
{ "type": "Feature", "properties": { "ID": 3255325115950, "正式名称": "もも薬局嫁島店", "機関区分": 5, "都道府県コード": 32, "市区町村コード": 201, "所在地": "島根県松江市嫁島町１０番１号", "緯度": 35.44963, "経度": 133.047606, "url": "https://www.iryou.teikyouseido.mhlw.go.jp/znk-web/juminkanja/S2430/initialize?prefCd=32&kikanCd=5325115950&kikanKbn=5", "url2": "https://momoyaku.com", "内容": "もも薬局嫁島店【5:薬局】島根県松江市嫁島町１０番１号" }, "geometry": { "type": "Point", "coordinates": [ 133.047606, 35.44963 ] } },
{ "type": "Feature", "properties": { "ID": 3255325116090, "正式名称": "れいわ薬局松江店", "機関区分": 5, "都道府県コード": 32, "市区町村コード": 201, "所在地": "島根県松江市大正町４４２‐４", "緯度": 35.462356, "経度": 133.064094, "url": "https://www.iryou.teikyouseido.mhlw.go.jp/znk-web/juminkanja/S2430/initialize?prefCd=32&kikanCd=5325116090&kikanKbn=5", "url2": null, "内容": "れいわ薬局松江店【5:薬局】島根県松江市大正町４４２‐４" }, "geometry": { "type": "Point", "coordinates": [ 133.064094, 35.462356 ] } },
{ "type": "Feature", "properties": { "ID": 3255325116120, "正式名称": "フラワー薬局松江店", "機関区分": 5, "都道府県コード": 32, "市区町村コード": 201, "所在地": "島根県松江市浜乃木７丁目９ー６８", "緯度": 35.437011, "経度": 133.056496, "url": "https://www.iryou.teikyouseido.mhlw.go.jp/znk-web/juminkanja/S2430/initialize?prefCd=32&kikanCd=5325116120&kikanKbn=5", "url2": "https://www.m-ikkou.co.jp/", "内容": "フラワー薬局松江店【5:薬局】島根県松江市浜乃木７丁目９ー６８" }, "geometry": { "type": "Point", "coordinates": [ 133.056496, 35.437011 ] } },
{ "type": "Feature", "properties": { "ID": 3255325116250, "正式名称": "ウェルネス調剤薬局橋南店", "機関区分": 5, "都道府県コード": 32, "市区町村コード": 201, "所在地": "島根県松江市西津田７丁目１１ー１４", "緯度": 35.456538, "経度": 133.067167, "url": "https://www.iryou.teikyouseido.mhlw.go.jp/znk-web/juminkanja/S2430/initialize?prefCd=32&kikanCd=5325116250&kikanKbn=5", "url2": "https://www.wellness-web.co.jp/", "内容": "ウェルネス調剤薬局橋南店【5:薬局】島根県松江市西津田７丁目１１ー１４" }, "geometry": { "type": "Point", "coordinates": [ 133.067167, 35.456538 ] } },
{ "type": "Feature", "properties": { "ID": 3255325116380, "正式名称": "あいむ薬局　上乃木店", "機関区分": 5, "都道府県コード": 32, "市区町村コード": 201, "所在地": "島根県松江市上乃木７－６－４", "緯度": 35.445915, "経度": 133.071553, "url": "https://www.iryou.teikyouseido.mhlw.go.jp/znk-web/juminkanja/S2430/initialize?prefCd=32&kikanCd=5325116380&kikanKbn=5", "url2": null, "内容": "あいむ薬局　上乃木店【5:薬局】島根県松江市上乃木７－６－４" }, "geometry": { "type": "Point", "coordinates": [ 133.071553, 35.445915 ] } },
{ "type": "Feature", "properties": { "ID": 3255325116540, "正式名称": "アイン薬局　松江学園店", "機関区分": 5, "都道府県コード": 32, "市区町村コード": 201, "所在地": "島根県松江市学園２丁目６ー７", "緯度": 35.482264, "経度": 133.06534, "url": "https://www.iryou.teikyouseido.mhlw.go.jp/znk-web/juminkanja/S2430/initialize?prefCd=32&kikanCd=5325116540&kikanKbn=5", "url2": null, "内容": "アイン薬局　松江学園店【5:薬局】島根県松江市学園２丁目６ー７" }, "geometry": { "type": "Point", "coordinates": [ 133.06534, 35.482264 ] } },
{ "type": "Feature", "properties": { "ID": 3255325116670, "正式名称": "アイン薬局松江西川津店", "機関区分": 5, "都道府県コード": 32, "市区町村コード": 201, "所在地": "島根県松江市西川津町７６６－７", "緯度": 35.493373, "経度": 133.075265, "url": "https://www.iryou.teikyouseido.mhlw.go.jp/znk-web/juminkanja/S2430/initialize?prefCd=32&kikanCd=5325116670&kikanKbn=5", "url2": "http://www.ainj.co.jp/", "内容": "アイン薬局松江西川津店【5:薬局】島根県松江市西川津町７６６－７" }, "geometry": { "type": "Point", "coordinates": [ 133.075265, 35.493373 ] } },
{ "type": "Feature", "properties": { "ID": 3255325116700, "正式名称": "アイン薬局松江春日店", "機関区分": 5, "都道府県コード": 32, "市区町村コード": 201, "所在地": "島根県松江市春日町１９４ー５", "緯度": 35.485802, "経度": 133.045214, "url": "https://www.iryou.teikyouseido.mhlw.go.jp/znk-web/juminkanja/S2430/initialize?prefCd=32&kikanCd=5325116700&kikanKbn=5", "url2": "www.ainj.co.jp", "内容": "アイン薬局松江春日店【5:薬局】島根県松江市春日町１９４ー５" }, "geometry": { "type": "Point", "coordinates": [ 133.045214, 35.485802 ] } },
{ "type": "Feature", "properties": { "ID": 3255325116830, "正式名称": "さくら薬局　安来赤江店", "機関区分": 5, "都道府県コード": 32, "市区町村コード": 206, "所在地": "島根県安来市赤江町１４４７ー１", "緯度": 35.433374, "経度": 133.223145, "url": "https://www.iryou.teikyouseido.mhlw.go.jp/znk-web/juminkanja/S2430/initialize?prefCd=32&kikanCd=5325116830&kikanKbn=5", "url2": "https://www.kraft-net.co.jp/sakura/store/4366/", "内容": "さくら薬局　安来赤江店【5:薬局】島根県安来市赤江町１４４７ー１" }, "geometry": { "type": "Point", "coordinates": [ 133.223145, 35.433374 ] } },
{ "type": "Feature", "properties": { "ID": 3255325116960, "正式名称": "こはる薬局", "機関区分": 5, "都道府県コード": 32, "市区町村コード": 201, "所在地": "島根県松江市殿町３１５－１", "緯度": 35.47521, "経度": 133.054611, "url": "https://www.iryou.teikyouseido.mhlw.go.jp/znk-web/juminkanja/S2430/initialize?prefCd=32&kikanCd=5325116960&kikanKbn=5", "url2": null, "内容": "こはる薬局【5:薬局】島根県松江市殿町３１５－１" }, "geometry": { "type": "Point", "coordinates": [ 133.054611, 35.47521 ] } },
{ "type": "Feature", "properties": { "ID": 3255325117000, "正式名称": "クローバー薬局　嫁島店", "機関区分": 5, "都道府県コード": 32, "市区町村コード": 201, "所在地": "島根県松江市嫁島町１４－１１", "緯度": 35.451125, "経度": 133.049332, "url": "https://www.iryou.teikyouseido.mhlw.go.jp/znk-web/juminkanja/S2430/initialize?prefCd=32&kikanCd=5325117000&kikanKbn=5", "url2": "cloverphamacy.com", "内容": "クローバー薬局　嫁島店【5:薬局】島根県松江市嫁島町１４－１１" }, "geometry": { "type": "Point", "coordinates": [ 133.049332, 35.451125 ] } },
{ "type": "Feature", "properties": { "ID": 3255325117130, "正式名称": "ウェルネス薬局　北田町店", "機関区分": 5, "都道府県コード": 32, "市区町村コード": 201, "所在地": "島根県松江市北田町３３番３", "緯度": 35.47709, "経度": 133.058663, "url": "https://www.iryou.teikyouseido.mhlw.go.jp/znk-web/juminkanja/S2430/initialize?prefCd=32&kikanCd=5325117130&kikanKbn=5", "url2": "https://www.wellness-web.co.jp/", "内容": "ウェルネス薬局　北田町店【5:薬局】島根県松江市北田町３３番３" }, "geometry": { "type": "Point", "coordinates": [ 133.058663, 35.47709 ] } },
{ "type": "Feature", "properties": { "ID": 3255325117390, "正式名称": "ウェルネス薬局西川津店", "機関区分": 5, "都道府県コード": 32, "市区町村コード": 201, "所在地": "島根県松江市西川津町６２４番地１３", "緯度": 35.492565, "経度": 133.075917, "url": "https://www.iryou.teikyouseido.mhlw.go.jp/znk-web/juminkanja/S2430/initialize?prefCd=32&kikanCd=5325117390&kikanKbn=5", "url2": "https://www.wellness-web.co.jp/", "内容": "ウェルネス薬局西川津店【5:薬局】島根県松江市西川津町６２４番地１３" }, "geometry": { "type": "Point", "coordinates": [ 133.075917, 35.492565 ] } },
{ "type": "Feature", "properties": { "ID": 3255325117420, "正式名称": "ウェルネス薬局古志原店", "機関区分": 5, "都道府県コード": 32, "市区町村コード": 201, "所在地": "島根県松江市古志原２丁目２２ー２８", "緯度": 35.450446, "経度": 133.083783, "url": "https://www.iryou.teikyouseido.mhlw.go.jp/znk-web/juminkanja/S2430/initialize?prefCd=32&kikanCd=5325117420&kikanKbn=5", "url2": "https://www.wellness-web.co.jp/", "内容": "ウェルネス薬局古志原店【5:薬局】島根県松江市古志原２丁目２２ー２８" }, "geometry": { "type": "Point", "coordinates": [ 133.083783, 35.450446 ] } },
{ "type": "Feature", "properties": { "ID": 3255325117550, "正式名称": "なべや薬局　八幡店", "機関区分": 5, "都道府県コード": 32, "市区町村コード": 206, "所在地": "島根県安来市安来町１１９５－１", "緯度": 35.42672, "経度": 133.248997, "url": "https://www.iryou.teikyouseido.mhlw.go.jp/znk-web/juminkanja/S2430/initialize?prefCd=32&kikanCd=5325117550&kikanKbn=5", "url2": null, "内容": "なべや薬局　八幡店【5:薬局】島根県安来市安来町１１９５－１" }, "geometry": { "type": "Point", "coordinates": [ 133.248997, 35.42672 ] } },
{ "type": "Feature", "properties": { "ID": 3255325117680, "正式名称": "あさひ薬局", "機関区分": 5, "都道府県コード": 32, "市区町村コード": 201, "所在地": "島根県松江市朝日町４７６－７", "緯度": 35.464899, "経度": 133.062626, "url": "https://www.iryou.teikyouseido.mhlw.go.jp/znk-web/juminkanja/S2430/initialize?prefCd=32&kikanCd=5325117680&kikanKbn=5", "url2": null, "内容": "あさひ薬局【5:薬局】島根県松江市朝日町４７６－７" }, "geometry": { "type": "Point", "coordinates": [ 133.062626, 35.464899 ] } },
{ "type": "Feature", "properties": { "ID": 3255325117710, "正式名称": "あすか薬局", "機関区分": 5, "都道府県コード": 32, "市区町村コード": 201, "所在地": "島根県松江市天神町１５番地　ウィステリア天神１Ｆ", "緯度": 35.464049, "経度": 133.055774, "url": "https://www.iryou.teikyouseido.mhlw.go.jp/znk-web/juminkanja/S2430/initialize?prefCd=32&kikanCd=5325117710&kikanKbn=5", "url2": "https://www.kraft-net.co.jp/sakura/store/4389/", "内容": "あすか薬局【5:薬局】島根県松江市天神町１５番地　ウィステリア天神１Ｆ" }, "geometry": { "type": "Point", "coordinates": [ 133.055774, 35.464049 ] } },
{ "type": "Feature", "properties": { "ID": 3255325118010, "正式名称": "オリーブ薬局西川津店", "機関区分": 5, "都道府県コード": 32, "市区町村コード": 201, "所在地": "島根県松江市西川津町１２０４", "緯度": 35.487517, "経度": 133.074093, "url": "https://www.iryou.teikyouseido.mhlw.go.jp/znk-web/juminkanja/S2430/initialize?prefCd=32&kikanCd=5325118010&kikanKbn=5", "url2": "https://nishikawatsu.olive-matsue.com/", "内容": "オリーブ薬局西川津店【5:薬局】島根県松江市西川津町１２０４" }, "geometry": { "type": "Point", "coordinates": [ 133.074093, 35.487517 ] } },
{ "type": "Feature", "properties": { "ID": 3255325118140, "正式名称": "ウェルネス薬局　東出雲店", "機関区分": 5, "都道府県コード": 32, "市区町村コード": 201, "所在地": "島根県松江市東出雲町出雲郷８６２－３", "緯度": 35.429776, "経度": 133.1328, "url": "https://www.iryou.teikyouseido.mhlw.go.jp/znk-web/juminkanja/S2430/initialize?prefCd=32&kikanCd=5325118140&kikanKbn=5", "url2": "https://shop.tsuruha-g.com/2277", "内容": "ウェルネス薬局　東出雲店【5:薬局】島根県松江市東出雲町出雲郷８６２－３" }, "geometry": { "type": "Point", "coordinates": [ 133.1328, 35.429776 ] } },
{ "type": "Feature", "properties": { "ID": 3255325118270, "正式名称": "ウェルネス薬局　安来店", "機関区分": 5, "都道府県コード": 32, "市区町村コード": 206, "所在地": "島根県安来市飯島町３９９", "緯度": 35.433703, "経度": 133.239983, "url": "https://www.iryou.teikyouseido.mhlw.go.jp/znk-web/juminkanja/S2430/initialize?prefCd=32&kikanCd=5325118270&kikanKbn=5", "url2": "https://shop.tsuruha-g.com/3018", "内容": "ウェルネス薬局　安来店【5:薬局】島根県安来市飯島町３９９" }, "geometry": { "type": "Point", "coordinates": [ 133.239983, 35.433703 ] } },
{ "type": "Feature", "properties": { "ID": 3255325118300, "正式名称": "ナナクサ薬局", "機関区分": 5, "都道府県コード": 32, "市区町村コード": 201, "所在地": "島根県松江市黒田町１００－１２", "緯度": 35.481786, "経度": 133.041874, "url": "https://www.iryou.teikyouseido.mhlw.go.jp/znk-web/juminkanja/S2430/initialize?prefCd=32&kikanCd=5325118300&kikanKbn=5", "url2": null, "内容": "ナナクサ薬局【5:薬局】島根県松江市黒田町１００－１２" }, "geometry": { "type": "Point", "coordinates": [ 133.041874, 35.481786 ] } },
{ "type": "Feature", "properties": { "ID": 3255325118430, "正式名称": "クローバー薬局　浜乃木店", "機関区分": 5, "都道府県コード": 32, "市区町村コード": 201, "所在地": "島根県松江市浜乃木３丁目３－２１", "緯度": 35.443233, "経度": 133.046432, "url": "https://www.iryou.teikyouseido.mhlw.go.jp/znk-web/juminkanja/S2430/initialize?prefCd=32&kikanCd=5325118430&kikanKbn=5", "url2": "https://cloverpharmacy.com", "内容": "クローバー薬局　浜乃木店【5:薬局】島根県松江市浜乃木３丁目３－２１" }, "geometry": { "type": "Point", "coordinates": [ 133.046432, 35.443233 ] } },
{ "type": "Feature", "properties": { "ID": 3255325118560, "正式名称": "ウェルネス薬局　メディカルモール大庭店", "機関区分": 5, "都道府県コード": 32, "市区町村コード": 201, "所在地": "島根県松江市大庭町１４４番地１", "緯度": 35.431102, "経度": 133.086498, "url": "https://www.iryou.teikyouseido.mhlw.go.jp/znk-web/juminkanja/S2430/initialize?prefCd=32&kikanCd=5325118560&kikanKbn=5", "url2": "https://www.wellness-web.co.jp/", "内容": "ウェルネス薬局　メディカルモール大庭店【5:薬局】島根県松江市大庭町１４４番地１" }, "geometry": { "type": "Point", "coordinates": [ 133.086498, 35.431102 ] } },
{ "type": "Feature", "properties": { "ID": 3255325118690, "正式名称": "さくらんぼ薬局　東朝日町店", "機関区分": 5, "都道府県コード": 32, "市区町村コード": 201, "所在地": "島根県松江市東朝日町２１６－５", "緯度": 35.461999, "経度": 133.074991, "url": "https://www.iryou.teikyouseido.mhlw.go.jp/znk-web/juminkanja/S2430/initialize?prefCd=32&kikanCd=5325118690&kikanKbn=5", "url2": "https://www.kraft-net.co.jp/sakura/store/4251/", "内容": "さくらんぼ薬局　東朝日町店【5:薬局】島根県松江市東朝日町２１６－５" }, "geometry": { "type": "Point", "coordinates": [ 133.074991, 35.461999 ] } },
{ "type": "Feature", "properties": { "ID": 3255325118720, "正式名称": "なべや薬局　本庄店", "機関区分": 5, "都道府県コード": 32, "市区町村コード": 201, "所在地": "島根県松江市本庄町５３１", "緯度": 35.510619, "経度": 133.129128, "url": "https://www.iryou.teikyouseido.mhlw.go.jp/znk-web/juminkanja/S2430/initialize?prefCd=32&kikanCd=5325118720&kikanKbn=5", "url2": "https://nabeya-pharmacy.co.jp/", "内容": "なべや薬局　本庄店【5:薬局】島根県松江市本庄町５３１" }, "geometry": { "type": "Point", "coordinates": [ 133.129128, 35.510619 ] } },
{ "type": "Feature", "properties": { "ID": 3255325118850, "正式名称": "荒島薬局", "機関区分": 5, "都道府県コード": 32, "市区町村コード": 206, "所在地": "島根県安来市荒島町３３４２－６", "緯度": 35.432666, "経度": 133.204855, "url": "https://www.iryou.teikyouseido.mhlw.go.jp/znk-web/juminkanja/S2430/initialize?prefCd=32&kikanCd=5325118850&kikanKbn=5", "url2": "http://www.zaitak.jp/", "内容": "荒島薬局【5:薬局】島根県安来市荒島町３３４２－６" }, "geometry": { "type": "Point", "coordinates": [ 133.204855, 35.432666 ] } },
{ "type": "Feature", "properties": { "ID": 3255325118980, "正式名称": "なべや薬局広瀬店", "機関区分": 5, "都道府県コード": 32, "市区町村コード": 206, "所在地": "島根県安来市広瀬町広瀬１９２２－１", "緯度": 35.369696, "経度": 133.176724, "url": "https://www.iryou.teikyouseido.mhlw.go.jp/znk-web/juminkanja/S2430/initialize?prefCd=32&kikanCd=5325118980&kikanKbn=5", "url2": "https://nabeya-pharmacy.co.jp/", "内容": "なべや薬局広瀬店【5:薬局】島根県安来市広瀬町広瀬１９２２－１" }, "geometry": { "type": "Point", "coordinates": [ 133.176724, 35.369696 ] } },
{ "type": "Feature", "properties": { "ID": 3255325119020, "正式名称": "乃木調剤薬局", "機関区分": 5, "都道府県コード": 32, "市区町村コード": 201, "所在地": "島根県松江市田和山町１３７", "緯度": 35.4413, "経度": 133.054588, "url": "https://www.iryou.teikyouseido.mhlw.go.jp/znk-web/juminkanja/S2430/initialize?prefCd=32&kikanCd=5325119020&kikanKbn=5", "url2": "https://www.kraft-net.co.jp/sakura/store/4111/", "内容": "乃木調剤薬局【5:薬局】島根県松江市田和山町１３７" }, "geometry": { "type": "Point", "coordinates": [ 133.054588, 35.4413 ] } },
{ "type": "Feature", "properties": { "ID": 3255325119150, "正式名称": "乃木調剤薬局　田和山店", "機関区分": 5, "都道府県コード": 32, "市区町村コード": 201, "所在地": "島根県松江市田和山町１１１番地", "緯度": 35.441411, "経度": 133.054155, "url": "https://www.iryou.teikyouseido.mhlw.go.jp/znk-web/juminkanja/S2430/initialize?prefCd=32&kikanCd=5325119150&kikanKbn=5", "url2": "https://www.kraft-net.co.jp/sakura/store/4112/", "内容": "乃木調剤薬局　田和山店【5:薬局】島根県松江市田和山町１１１番地" }, "geometry": { "type": "Point", "coordinates": [ 133.054155, 35.441411 ] } },
{ "type": "Feature", "properties": { "ID": 3255325119280, "正式名称": "リズム調剤薬局", "機関区分": 5, "都道府県コード": 32, "市区町村コード": 201, "所在地": "島根県松江市東奥谷町１４４－１３", "緯度": 35.485637, "経度": 133.055547, "url": "https://www.iryou.teikyouseido.mhlw.go.jp/znk-web/juminkanja/S2430/initialize?prefCd=32&kikanCd=5325119280&kikanKbn=5", "url2": "https://www.kraft-net.co.jp/sakura/store/4113/", "内容": "リズム調剤薬局【5:薬局】島根県松江市東奥谷町１４４－１３" }, "geometry": { "type": "Point", "coordinates": [ 133.055547, 35.485637 ] } },
{ "type": "Feature", "properties": { "ID": 3255325119310, "正式名称": "末次調剤薬局", "機関区分": 5, "都道府県コード": 32, "市区町村コード": 201, "所在地": "島根県松江市末次町６０", "緯度": 35.469786, "経度": 133.047012, "url": "https://www.iryou.teikyouseido.mhlw.go.jp/znk-web/juminkanja/S2430/initialize?prefCd=32&kikanCd=5325119310&kikanKbn=5", "url2": "https://www.kraft-net.co.jp/sakura/store/4114/", "内容": "末次調剤薬局【5:薬局】島根県松江市末次町６０" }, "geometry": { "type": "Point", "coordinates": [ 133.047012, 35.469786 ] } },
{ "type": "Feature", "properties": { "ID": 3255325119440, "正式名称": "ウェルネス薬局　川津北店", "機関区分": 5, "都道府県コード": 32, "市区町村コード": 201, "所在地": "島根県松江市西川津町６６０－１", "緯度": 35.490679, "経度": 133.074764, "url": "https://www.iryou.teikyouseido.mhlw.go.jp/znk-web/juminkanja/S2430/initialize?prefCd=32&kikanCd=5325119440&kikanKbn=5", "url2": "https://www.wellness-web.co.jp/", "内容": "ウェルネス薬局　川津北店【5:薬局】島根県松江市西川津町６６０－１" }, "geometry": { "type": "Point", "coordinates": [ 133.074764, 35.490679 ] } },
{ "type": "Feature", "properties": { "ID": 3255325119570, "正式名称": "シップヘルスケアファーマシー株式会社日星薬局松江店", "機関区分": 5, "都道府県コード": 32, "市区町村コード": 201, "所在地": "島根県松江市黒田町２７―１", "緯度": 35.485014, "経度": 133.040188, "url": "https://www.iryou.teikyouseido.mhlw.go.jp/znk-web/juminkanja/S2430/initialize?prefCd=32&kikanCd=5325119570&kikanKbn=5", "url2": "https://ship-ph.co.jp/", "内容": "シップヘルスケアファーマシー株式会社日星薬局松江店【5:薬局】島根県松江市黒田町２７―１" }, "geometry": { "type": "Point", "coordinates": [ 133.040188, 35.485014 ] } },
{ "type": "Feature", "properties": { "ID": 3255325119600, "正式名称": "ニコニコ薬局", "機関区分": 5, "都道府県コード": 32, "市区町村コード": 201, "所在地": "島根県松江市東津田町１７６９－５", "緯度": 35.446577, "経度": 133.084901, "url": "https://www.iryou.teikyouseido.mhlw.go.jp/znk-web/juminkanja/S2430/initialize?prefCd=32&kikanCd=5325119600&kikanKbn=5", "url2": "https://ship-ph.co.jp/", "内容": "ニコニコ薬局【5:薬局】島根県松江市東津田町１７６９－５" }, "geometry": { "type": "Point", "coordinates": [ 133.084901, 35.446577 ] } },
{ "type": "Feature", "properties": { "ID": 3255325119730, "正式名称": "ウェルネス薬局　メディカルモール田和山店", "機関区分": 5, "都道府県コード": 32, "市区町村コード": 201, "所在地": "島根県松江市乃白町２２５４番", "緯度": 35.434096, "経度": 133.056402, "url": "https://www.iryou.teikyouseido.mhlw.go.jp/znk-web/juminkanja/S2430/initialize?prefCd=32&kikanCd=5325119730&kikanKbn=5", "url2": "https://www.wellness-web.co.jp/", "内容": "ウェルネス薬局　メディカルモール田和山店【5:薬局】島根県松江市乃白町２２５４番" }, "geometry": { "type": "Point", "coordinates": [ 133.056402, 35.434096 ] } },
{ "type": "Feature", "properties": { "ID": 3255325119860, "正式名称": "ウェルネス薬局　古志原５丁目店", "機関区分": 5, "都道府県コード": 32, "市区町村コード": 201, "所在地": "島根県松江市古志原５丁目２－７５", "緯度": 35.443587, "経度": 133.079603, "url": "https://www.iryou.teikyouseido.mhlw.go.jp/znk-web/juminkanja/S2430/initialize?prefCd=32&kikanCd=5325119860&kikanKbn=5", "url2": null, "内容": "ウェルネス薬局　古志原５丁目店【5:薬局】島根県松江市古志原５丁目２－７５" }, "geometry": { "type": "Point", "coordinates": [ 133.079603, 35.443587 ] } },
{ "type": "Feature", "properties": { "ID": 3255325300990, "正式名称": "三刀屋中央薬局", "機関区分": 5, "都道府県コード": 32, "市区町村コード": 209, "所在地": "島根県雲南市三刀屋町三刀屋１２９４ー１３", "緯度": 35.291092, "経度": 132.87398, "url": "https://www.iryou.teikyouseido.mhlw.go.jp/znk-web/juminkanja/S2430/initialize?prefCd=32&kikanCd=5325300990&kikanKbn=5", "url2": null, "内容": "三刀屋中央薬局【5:薬局】島根県雲南市三刀屋町三刀屋１２９４ー１３" }, "geometry": { "type": "Point", "coordinates": [ 132.87398, 35.291092 ] } },
{ "type": "Feature", "properties": { "ID": 3255325301450, "正式名称": "エイト薬局", "機関区分": 5, "都道府県コード": 32, "市区町村コード": 209, "所在地": "島根県雲南市大東町飯田９２－７", "緯度": 35.325032, "経度": 132.961176, "url": "https://www.iryou.teikyouseido.mhlw.go.jp/znk-web/juminkanja/S2430/initialize?prefCd=32&kikanCd=5325301450&kikanKbn=5", "url2": null, "内容": "エイト薬局【5:薬局】島根県雲南市大東町飯田９２－７" }, "geometry": { "type": "Point", "coordinates": [ 132.961176, 35.325032 ] } },
{ "type": "Feature", "properties": { "ID": 3255325301580, "正式名称": "おおぎ調剤薬局", "機関区分": 5, "都道府県コード": 32, "市区町村コード": 209, "所在地": "島根県雲南市大東町大東２４１５－８", "緯度": 35.323544, "経度": 132.964481, "url": "https://www.iryou.teikyouseido.mhlw.go.jp/znk-web/juminkanja/S2430/initialize?prefCd=32&kikanCd=5325301580&kikanKbn=5", "url2": "www.tm-ph.com", "内容": "おおぎ調剤薬局【5:薬局】島根県雲南市大東町大東２４１５－８" }, "geometry": { "type": "Point", "coordinates": [ 132.964481, 35.323544 ] } },
{ "type": "Feature", "properties": { "ID": 3255325301610, "正式名称": "こぶし薬局", "機関区分": 5, "都道府県コード": 32, "市区町村コード": 386, "所在地": "島根県飯石郡飯南町頓原２０５７ー４", "緯度": 35.079052, "経度": 132.78129, "url": "https://www.iryou.teikyouseido.mhlw.go.jp/znk-web/juminkanja/S2430/initialize?prefCd=32&kikanCd=5325301610&kikanKbn=5", "url2": "https://www.kusurinomadoguchi.com/shimane/s125334", "内容": "こぶし薬局【5:薬局】島根県飯石郡飯南町頓原２０５７ー４" }, "geometry": { "type": "Point", "coordinates": [ 132.78129, 35.079052 ] } },
{ "type": "Feature", "properties": { "ID": 3255325301900, "正式名称": "あんず薬局", "機関区分": 5, "都道府県コード": 32, "市区町村コード": 209, "所在地": "島根県雲南市三刀屋町三刀屋１２１２－５９", "緯度": 35.294289, "経度": 132.884398, "url": "https://www.iryou.teikyouseido.mhlw.go.jp/znk-web/juminkanja/S2430/initialize?prefCd=32&kikanCd=5325301900&kikanKbn=5", "url2": null, "内容": "あんず薬局【5:薬局】島根県雲南市三刀屋町三刀屋１２１２－５９" }, "geometry": { "type": "Point", "coordinates": [ 132.884398, 35.294289 ] } },
{ "type": "Feature", "properties": { "ID": 3255325302170, "正式名称": "きすき薬局", "機関区分": 5, "都道府県コード": 32, "市区町村コード": 209, "所在地": "島根県雲南市木次町木次２７８", "緯度": 35.288072, "経度": 132.903603, "url": "https://www.iryou.teikyouseido.mhlw.go.jp/znk-web/juminkanja/S2430/initialize?prefCd=32&kikanCd=5325302170&kikanKbn=5", "url2": null, "内容": "きすき薬局【5:薬局】島根県雲南市木次町木次２７８" }, "geometry": { "type": "Point", "coordinates": [ 132.903603, 35.288072 ] } },
{ "type": "Feature", "properties": { "ID": 3255325302200, "正式名称": "かけや薬局", "機関区分": 5, "都道府県コード": 32, "市区町村コード": 209, "所在地": "島根県雲南市掛合町掛合１３１２番地１", "緯度": 35.195819, "経度": 132.813925, "url": "https://www.iryou.teikyouseido.mhlw.go.jp/znk-web/juminkanja/S2430/initialize?prefCd=32&kikanCd=5325302200&kikanKbn=5", "url2": null, "内容": "かけや薬局【5:薬局】島根県雲南市掛合町掛合１３１２番地１" }, "geometry": { "type": "Point", "coordinates": [ 132.813925, 35.195819 ] } },
{ "type": "Feature", "properties": { "ID": 3255325302330, "正式名称": "大耀堂薬局", "機関区分": 5, "都道府県コード": 32, "市区町村コード": 209, "所在地": "島根県雲南市三刀屋町下熊谷１６２５－２", "緯度": 35.302378, "経度": 132.894556, "url": "https://www.iryou.teikyouseido.mhlw.go.jp/znk-web/juminkanja/S2430/initialize?prefCd=32&kikanCd=5325302330&kikanKbn=5", "url2": null, "内容": "大耀堂薬局【5:薬局】島根県雲南市三刀屋町下熊谷１６２５－２" }, "geometry": { "type": "Point", "coordinates": [ 132.894556, 35.302378 ] } },
{ "type": "Feature", "properties": { "ID": 3255325302590, "正式名称": "さくら薬局", "機関区分": 5, "都道府県コード": 32, "市区町村コード": 209, "所在地": "島根県雲南市大東町飯田１１７－７", "緯度": 35.323328, "経度": 132.960264, "url": "https://www.iryou.teikyouseido.mhlw.go.jp/znk-web/juminkanja/S2430/initialize?prefCd=32&kikanCd=5325302590&kikanKbn=5", "url2": "http://tsutsuinet.co.jp", "内容": "さくら薬局【5:薬局】島根県雲南市大東町飯田１１７－７" }, "geometry": { "type": "Point", "coordinates": [ 132.960264, 35.323328 ] } },
{ "type": "Feature", "properties": { "ID": 3255325302620, "正式名称": "有限会社　大東駅前薬局", "機関区分": 5, "都道府県コード": 32, "市区町村コード": 209, "所在地": "島根県雲南市大東町飯田１０２－５", "緯度": 35.324611, "経度": 132.960378, "url": "https://www.iryou.teikyouseido.mhlw.go.jp/znk-web/juminkanja/S2430/initialize?prefCd=32&kikanCd=5325302620&kikanKbn=5", "url2": null, "内容": "有限会社　大東駅前薬局【5:薬局】島根県雲南市大東町飯田１０２－５" }, "geometry": { "type": "Point", "coordinates": [ 132.960378, 35.324611 ] } },
{ "type": "Feature", "properties": { "ID": 3255325302880, "正式名称": "ウェルネス薬局大東店", "機関区分": 5, "都道府県コード": 32, "市区町村コード": 209, "所在地": "島根県雲南市大東町下阿用４－７", "緯度": 35.322156, "経度": 132.962511, "url": "https://www.iryou.teikyouseido.mhlw.go.jp/znk-web/juminkanja/S2430/initialize?prefCd=32&kikanCd=5325302880&kikanKbn=5", "url2": "https://www.wellness-web.co.jp", "内容": "ウェルネス薬局大東店【5:薬局】島根県雲南市大東町下阿用４－７" }, "geometry": { "type": "Point", "coordinates": [ 132.962511, 35.322156 ] } },
{ "type": "Feature", "properties": { "ID": 3255325303050, "正式名称": "たいようどう薬局　木次店", "機関区分": 5, "都道府県コード": 32, "市区町村コード": 209, "所在地": "島根県雲南市木次町下熊谷１５４３－５", "緯度": 35.299884, "経度": 132.893435, "url": "https://www.iryou.teikyouseido.mhlw.go.jp/znk-web/juminkanja/S2430/initialize?prefCd=32&kikanCd=5325303050&kikanKbn=5", "url2": null, "内容": "たいようどう薬局　木次店【5:薬局】島根県雲南市木次町下熊谷１５４３－５" }, "geometry": { "type": "Point", "coordinates": [ 132.893435, 35.299884 ] } },
{ "type": "Feature", "properties": { "ID": 3255325303180, "正式名称": "かもなか薬局", "機関区分": 5, "都道府県コード": 32, "市区町村コード": 209, "所在地": "島根県雲南市加茂町加茂中１３２１－６", "緯度": 35.344745, "経度": 132.908596, "url": "https://www.iryou.teikyouseido.mhlw.go.jp/znk-web/juminkanja/S2430/initialize?prefCd=32&kikanCd=5325303180&kikanKbn=5", "url2": "https://www.tm-ph.com", "内容": "かもなか薬局【5:薬局】島根県雲南市加茂町加茂中１３２１－６" }, "geometry": { "type": "Point", "coordinates": [ 132.908596, 35.344745 ] } },
{ "type": "Feature", "properties": { "ID": 3255325303210, "正式名称": "みなり薬局", "機関区分": 5, "都道府県コード": 32, "市区町村コード": 343, "所在地": "島根県仁多郡奥出雲町三成１６２２－３", "緯度": 35.195842, "経度": 132.997022, "url": "https://www.iryou.teikyouseido.mhlw.go.jp/znk-web/juminkanja/S2430/initialize?prefCd=32&kikanCd=5325303210&kikanKbn=5", "url2": null, "内容": "みなり薬局【5:薬局】島根県仁多郡奥出雲町三成１６２２－３" }, "geometry": { "type": "Point", "coordinates": [ 132.997022, 35.195842 ] } },
{ "type": "Feature", "properties": { "ID": 3255325303340, "正式名称": "もみじ薬局", "機関区分": 5, "都道府県コード": 32, "市区町村コード": 343, "所在地": "島根県仁多郡奥出雲町三成３５８－６", "緯度": 35.197065, "経度": 133.002511, "url": "https://www.iryou.teikyouseido.mhlw.go.jp/znk-web/juminkanja/S2430/initialize?prefCd=32&kikanCd=5325303340&kikanKbn=5", "url2": null, "内容": "もみじ薬局【5:薬局】島根県仁多郡奥出雲町三成３５８－６" }, "geometry": { "type": "Point", "coordinates": [ 133.002511, 35.197065 ] } },
{ "type": "Feature", "properties": { "ID": 3255325303470, "正式名称": "小林薬局　古市店", "機関区分": 5, "都道府県コード": 32, "市区町村コード": 343, "所在地": "島根県仁多郡奥出雲町下横田４２１－１１", "緯度": 35.158364, "経度": 133.085639, "url": "https://www.iryou.teikyouseido.mhlw.go.jp/znk-web/juminkanja/S2430/initialize?prefCd=32&kikanCd=5325303470&kikanKbn=5", "url2": null, "内容": "小林薬局　古市店【5:薬局】島根県仁多郡奥出雲町下横田４２１－１１" }, "geometry": { "type": "Point", "coordinates": [ 133.085639, 35.158364 ] } },
{ "type": "Feature", "properties": { "ID": 3255325303500, "正式名称": "小林薬局　藤ケ瀬店", "機関区分": 5, "都道府県コード": 32, "市区町村コード": 343, "所在地": "島根県仁多郡奥出雲町横田１１９３－３２", "緯度": 35.180922, "経度": 133.093505, "url": "https://www.iryou.teikyouseido.mhlw.go.jp/znk-web/juminkanja/S2430/initialize?prefCd=32&kikanCd=5325303500&kikanKbn=5", "url2": null, "内容": "小林薬局　藤ケ瀬店【5:薬局】島根県仁多郡奥出雲町横田１１９３－３２" }, "geometry": { "type": "Point", "coordinates": [ 133.093505, 35.180922 ] } },
{ "type": "Feature", "properties": { "ID": 3255325303630, "正式名称": "共栄薬局", "機関区分": 5, "都道府県コード": 32, "市区町村コード": 343, "所在地": "島根県仁多郡奥出雲町横田１０４９－１", "緯度": 35.179323, "経度": 133.092186, "url": "https://www.iryou.teikyouseido.mhlw.go.jp/znk-web/juminkanja/S2430/initialize?prefCd=32&kikanCd=5325303630&kikanKbn=5", "url2": "https://e-bond.info/withs/company/", "内容": "共栄薬局【5:薬局】島根県仁多郡奥出雲町横田１０４９－１" }, "geometry": { "type": "Point", "coordinates": [ 133.092186, 35.179323 ] } },
{ "type": "Feature", "properties": { "ID": 3255325303760, "正式名称": "大耀堂うえにし薬局", "機関区分": 5, "都道府県コード": 32, "市区町村コード": 209, "所在地": "島根県雲南市木次町木次４３７", "緯度": 35.291477, "経度": 132.899498, "url": "https://www.iryou.teikyouseido.mhlw.go.jp/znk-web/juminkanja/S2430/initialize?prefCd=32&kikanCd=5325303760&kikanKbn=5", "url2": null, "内容": "大耀堂うえにし薬局【5:薬局】島根県雲南市木次町木次４３７" }, "geometry": { "type": "Point", "coordinates": [ 132.899498, 35.291477 ] } },
{ "type": "Feature", "properties": { "ID": 3255325400470, "正式名称": "薬局かとう", "機関区分": 5, "都道府県コード": 32, "市区町村コード": 203, "所在地": "島根県出雲市小山町３０９－２", "緯度": 35.373625, "経度": 132.742101, "url": "https://www.iryou.teikyouseido.mhlw.go.jp/znk-web/juminkanja/S2430/initialize?prefCd=32&kikanCd=5325400470&kikanKbn=5", "url2": null, "内容": "薬局かとう【5:薬局】島根県出雲市小山町３０９－２" }, "geometry": { "type": "Point", "coordinates": [ 132.742101, 35.373625 ] } },
{ "type": "Feature", "properties": { "ID": 3255325401060, "正式名称": "フラワー薬局平田店", "機関区分": 5, "都道府県コード": 32, "市区町村コード": 203, "所在地": "島根県出雲市西平田町９２", "緯度": 35.432441, "経度": 132.815166, "url": "https://www.iryou.teikyouseido.mhlw.go.jp/znk-web/juminkanja/S2430/initialize?prefCd=32&kikanCd=5325401060&kikanKbn=5", "url2": "http://www.ph-yamada.co.jp/", "内容": "フラワー薬局平田店【5:薬局】島根県出雲市西平田町９２" }, "geometry": { "type": "Point", "coordinates": [ 132.815166, 35.432441 ] } },
{ "type": "Feature", "properties": { "ID": 3255325401190, "正式名称": "フラワー薬局", "機関区分": 5, "都道府県コード": 32, "市区町村コード": 203, "所在地": "島根県出雲市東林木町８４３－１９", "緯度": 35.404474, "経度": 132.779218, "url": "https://www.iryou.teikyouseido.mhlw.go.jp/znk-web/juminkanja/S2430/initialize?prefCd=32&kikanCd=5325401190&kikanKbn=5", "url2": "https://www.ph-yamada.co.jp", "内容": "フラワー薬局【5:薬局】島根県出雲市東林木町８４３－１９" }, "geometry": { "type": "Point", "coordinates": [ 132.779218, 35.404474 ] } },
{ "type": "Feature", "properties": { "ID": 3255325401220, "正式名称": "有限会社いちご調剤薬局北本町支店", "機関区分": 5, "都道府県コード": 32, "市区町村コード": 203, "所在地": "島根県出雲市今市町北本町２丁目３－２２", "緯度": 35.369514, "経度": 132.75715, "url": "https://www.iryou.teikyouseido.mhlw.go.jp/znk-web/juminkanja/S2430/initialize?prefCd=32&kikanCd=5325401220&kikanKbn=5", "url2": "https://ichigoyakkyoku.amebaownd.com/", "内容": "有限会社いちご調剤薬局北本町支店【5:薬局】島根県出雲市今市町北本町２丁目３－２２" }, "geometry": { "type": "Point", "coordinates": [ 132.75715, 35.369514 ] } },
{ "type": "Feature", "properties": { "ID": 3255325401350, "正式名称": "出雲薬局", "機関区分": 5, "都道府県コード": 32, "市区町村コード": 203, "所在地": "島根県出雲市姫原１ー５ー６", "緯度": 35.373071, "経度": 132.753652, "url": "https://www.iryou.teikyouseido.mhlw.go.jp/znk-web/juminkanja/S2430/initialize?prefCd=32&kikanCd=5325401350&kikanKbn=5", "url2": null, "内容": "出雲薬局【5:薬局】島根県出雲市姫原１ー５ー６" }, "geometry": { "type": "Point", "coordinates": [ 132.753652, 35.373071 ] } },
{ "type": "Feature", "properties": { "ID": 3255325401510, "正式名称": "やまだ薬局", "機関区分": 5, "都道府県コード": 32, "市区町村コード": 203, "所在地": "島根県出雲市姫原町２９０－５", "緯度": 35.373373, "経度": 132.752901, "url": "https://www.iryou.teikyouseido.mhlw.go.jp/znk-web/juminkanja/S2430/initialize?prefCd=32&kikanCd=5325401510&kikanKbn=5", "url2": "https://www.ph-yamada.co.jp", "内容": "やまだ薬局【5:薬局】島根県出雲市姫原町２９０－５" }, "geometry": { "type": "Point", "coordinates": [ 132.752901, 35.373373 ] } },
{ "type": "Feature", "properties": { "ID": 3255325401770, "正式名称": "かもめ薬局稗原店", "機関区分": 5, "都道府県コード": 32, "市区町村コード": 203, "所在地": "島根県出雲市稗原町２４８７－１", "緯度": 35.314025, "経度": 132.797074, "url": "https://www.iryou.teikyouseido.mhlw.go.jp/znk-web/juminkanja/S2430/initialize?prefCd=32&kikanCd=5325401770&kikanKbn=5", "url2": null, "内容": "かもめ薬局稗原店【5:薬局】島根県出雲市稗原町２４８７－１" }, "geometry": { "type": "Point", "coordinates": [ 132.797074, 35.314025 ] } },
{ "type": "Feature", "properties": { "ID": 3255325402070, "正式名称": "なかの薬局", "機関区分": 5, "都道府県コード": 32, "市区町村コード": 203, "所在地": "島根県出雲市中野町３８１－２", "緯度": 35.377129, "経度": 132.768635, "url": "https://www.iryou.teikyouseido.mhlw.go.jp/znk-web/juminkanja/S2430/initialize?prefCd=32&kikanCd=5325402070&kikanKbn=5", "url2": null, "内容": "なかの薬局【5:薬局】島根県出雲市中野町３８１－２" }, "geometry": { "type": "Point", "coordinates": [ 132.768635, 35.377129 ] } },
{ "type": "Feature", "properties": { "ID": 3255325402360, "正式名称": "Ｄ・Ｃ・Ｂ薬局医大前店", "機関区分": 5, "都道府県コード": 32, "市区町村コード": 203, "所在地": "島根県出雲市塩冶神前３－８－１７", "緯度": 35.349059, "経度": 132.75557, "url": "https://www.iryou.teikyouseido.mhlw.go.jp/znk-web/juminkanja/S2430/initialize?prefCd=32&kikanCd=5325402360&kikanKbn=5", "url2": null, "内容": "Ｄ・Ｃ・Ｂ薬局医大前店【5:薬局】島根県出雲市塩冶神前３－８－１７" }, "geometry": { "type": "Point", "coordinates": [ 132.75557, 35.349059 ] } },
{ "type": "Feature", "properties": { "ID": 3255325402490, "正式名称": "有限会社つくし薬局", "機関区分": 5, "都道府県コード": 32, "市区町村コード": 203, "所在地": "島根県出雲市里方町８６４－２", "緯度": 35.389257, "経度": 132.746966, "url": "https://www.iryou.teikyouseido.mhlw.go.jp/znk-web/juminkanja/S2430/initialize?prefCd=32&kikanCd=5325402490&kikanKbn=5", "url2": "https://www.tsukushi-ph.jp", "内容": "有限会社つくし薬局【5:薬局】島根県出雲市里方町８６４－２" }, "geometry": { "type": "Point", "coordinates": [ 132.746966, 35.389257 ] } },
{ "type": "Feature", "properties": { "ID": 3255325402650, "正式名称": "カトウ薬局", "機関区分": 5, "都道府県コード": 32, "市区町村コード": 203, "所在地": "島根県出雲市今市町３１６－７", "緯度": 35.366642, "経度": 132.761483, "url": "https://www.iryou.teikyouseido.mhlw.go.jp/znk-web/juminkanja/S2430/initialize?prefCd=32&kikanCd=5325402650&kikanKbn=5", "url2": null, "内容": "カトウ薬局【5:薬局】島根県出雲市今市町３１６－７" }, "geometry": { "type": "Point", "coordinates": [ 132.761483, 35.366642 ] } },
{ "type": "Feature", "properties": { "ID": 3255325402780, "正式名称": "かもめ調剤薬局", "機関区分": 5, "都道府県コード": 32, "市区町村コード": 203, "所在地": "島根県出雲市大津新崎町６－３７", "緯度": 35.367011, "経度": 132.76812, "url": "https://www.iryou.teikyouseido.mhlw.go.jp/znk-web/juminkanja/S2430/initialize?prefCd=32&kikanCd=5325402780&kikanKbn=5", "url2": null, "内容": "かもめ調剤薬局【5:薬局】島根県出雲市大津新崎町６－３７" }, "geometry": { "type": "Point", "coordinates": [ 132.76812, 35.367011 ] } },
{ "type": "Feature", "properties": { "ID": 3255325402810, "正式名称": "すずらん薬局", "機関区分": 5, "都道府県コード": 32, "市区町村コード": 203, "所在地": "島根県出雲市小山町７９４番地１", "緯度": 35.37685, "経度": 132.744047, "url": "https://www.iryou.teikyouseido.mhlw.go.jp/znk-web/juminkanja/S2430/initialize?prefCd=32&kikanCd=5325402810&kikanKbn=5", "url2": null, "内容": "すずらん薬局【5:薬局】島根県出雲市小山町７９４番地１" }, "geometry": { "type": "Point", "coordinates": [ 132.744047, 35.37685 ] } },
{ "type": "Feature", "properties": { "ID": 3255325402940, "正式名称": "ファーマシィ薬局しまね渡橋", "機関区分": 5, "都道府県コード": 32, "市区町村コード": 203, "所在地": "島根県出雲市渡橋町１１０４", "緯度": 35.369278, "経度": 132.737301, "url": "https://www.iryou.teikyouseido.mhlw.go.jp/znk-web/juminkanja/S2430/initialize?prefCd=32&kikanCd=5325402940&kikanKbn=5", "url2": "https://www.pharmacy-net.co.jp", "内容": "ファーマシィ薬局しまね渡橋【5:薬局】島根県出雲市渡橋町１１０４" }, "geometry": { "type": "Point", "coordinates": [ 132.737301, 35.369278 ] } },
{ "type": "Feature", "properties": { "ID": 3255325403080, "正式名称": "新崎薬局", "機関区分": 5, "都道府県コード": 32, "市区町村コード": 203, "所在地": "島根県出雲市大津新崎町６－２", "緯度": 35.368344, "経度": 132.767478, "url": "https://www.iryou.teikyouseido.mhlw.go.jp/znk-web/juminkanja/S2430/initialize?prefCd=32&kikanCd=5325403080&kikanKbn=5", "url2": null, "内容": "新崎薬局【5:薬局】島根県出雲市大津新崎町６－２" }, "geometry": { "type": "Point", "coordinates": [ 132.767478, 35.368344 ] } },
{ "type": "Feature", "properties": { "ID": 3255325403110, "正式名称": "プラタナス薬局", "機関区分": 5, "都道府県コード": 32, "市区町村コード": 203, "所在地": "島根県出雲市平田町９５３－９", "緯度": 35.435839, "経度": 132.821549, "url": "https://www.iryou.teikyouseido.mhlw.go.jp/znk-web/juminkanja/S2430/initialize?prefCd=32&kikanCd=5325403110&kikanKbn=5", "url2": null, "内容": "プラタナス薬局【5:薬局】島根県出雲市平田町９５３－９" }, "geometry": { "type": "Point", "coordinates": [ 132.821549, 35.435839 ] } },
{ "type": "Feature", "properties": { "ID": 3255325403240, "正式名称": "みどり薬局塩冶店", "機関区分": 5, "都道府県コード": 32, "市区町村コード": 203, "所在地": "島根県出雲市塩冶町９９１番地２", "緯度": 35.355007, "経度": 132.758202, "url": "https://www.iryou.teikyouseido.mhlw.go.jp/znk-web/juminkanja/S2430/initialize?prefCd=32&kikanCd=5325403240&kikanKbn=5", "url2": "https://midori-y.com/", "内容": "みどり薬局塩冶店【5:薬局】島根県出雲市塩冶町９９１番地２" }, "geometry": { "type": "Point", "coordinates": [ 132.758202, 35.355007 ] } },
{ "type": "Feature", "properties": { "ID": 3255325403400, "正式名称": "有限会社いちご調剤薬局", "機関区分": 5, "都道府県コード": 32, "市区町村コード": 203, "所在地": "島根県出雲市塩冶町１５３４－１", "緯度": 35.361225, "経度": 132.750731, "url": "https://www.iryou.teikyouseido.mhlw.go.jp/znk-web/juminkanja/S2430/initialize?prefCd=32&kikanCd=5325403400&kikanKbn=5", "url2": "https://ichigo-group.jp/", "内容": "有限会社いちご調剤薬局【5:薬局】島根県出雲市塩冶町１５３４－１" }, "geometry": { "type": "Point", "coordinates": [ 132.750731, 35.361225 ] } },
{ "type": "Feature", "properties": { "ID": 3255325403660, "正式名称": "石原薬局", "機関区分": 5, "都道府県コード": 32, "市区町村コード": 203, "所在地": "島根県出雲市平田町９９１－１", "緯度": 35.435026, "経度": 132.820882, "url": "https://www.iryou.teikyouseido.mhlw.go.jp/znk-web/juminkanja/S2430/initialize?prefCd=32&kikanCd=5325403660&kikanKbn=5", "url2": "https://www.ishihara-pharmacy.com/home", "内容": "石原薬局【5:薬局】島根県出雲市平田町９９１－１" }, "geometry": { "type": "Point", "coordinates": [ 132.820882, 35.435026 ] } },
{ "type": "Feature", "properties": { "ID": 3255325403950, "正式名称": "有限会社いちご調剤薬局神西支店", "機関区分": 5, "都道府県コード": 32, "市区町村コード": 203, "所在地": "島根県出雲市神西沖町２２１０－１", "緯度": 35.335263, "経度": 132.686011, "url": "https://www.iryou.teikyouseido.mhlw.go.jp/znk-web/juminkanja/S2430/initialize?prefCd=32&kikanCd=5325403950&kikanKbn=5", "url2": "https://ichigoyakkyoku.amebaownd.com/", "内容": "有限会社いちご調剤薬局神西支店【5:薬局】島根県出雲市神西沖町２２１０－１" }, "geometry": { "type": "Point", "coordinates": [ 132.686011, 35.335263 ] } },
{ "type": "Feature", "properties": { "ID": 3255325404090, "正式名称": "ファーマシィ薬局しまね医大前", "機関区分": 5, "都道府県コード": 32, "市区町村コード": 203, "所在地": "島根県出雲市塩冶神前１－７－４", "緯度": 35.348917, "経度": 132.753319, "url": "https://www.iryou.teikyouseido.mhlw.go.jp/znk-web/juminkanja/S2430/initialize?prefCd=32&kikanCd=5325404090&kikanKbn=5", "url2": "https://www.pharmacy-net.co.jp/store/1107.html", "内容": "ファーマシィ薬局しまね医大前【5:薬局】島根県出雲市塩冶神前１－７－４" }, "geometry": { "type": "Point", "coordinates": [ 132.753319, 35.348917 ] } },
{ "type": "Feature", "properties": { "ID": 3255325404410, "正式名称": "きらら薬局", "機関区分": 5, "都道府県コード": 32, "市区町村コード": 203, "所在地": "島根県出雲市神西沖町２０７２－１", "緯度": 35.336032, "経度": 132.690213, "url": "https://www.iryou.teikyouseido.mhlw.go.jp/znk-web/juminkanja/S2430/initialize?prefCd=32&kikanCd=5325404410&kikanKbn=5", "url2": "https://kirara-yakkyoku.com", "内容": "きらら薬局【5:薬局】島根県出雲市神西沖町２０７２－１" }, "geometry": { "type": "Point", "coordinates": [ 132.690213, 35.336032 ] } },
{ "type": "Feature", "properties": { "ID": 3255325404540, "正式名称": "ファーマシィ薬局ひかわ", "機関区分": 5, "都道府県コード": 32, "市区町村コード": 203, "所在地": "島根県出雲市斐川町直江４８９７－３", "緯度": 35.392269, "経度": 132.822863, "url": "https://www.iryou.teikyouseido.mhlw.go.jp/znk-web/juminkanja/S2430/initialize?prefCd=32&kikanCd=5325404540&kikanKbn=5", "url2": "https://www.pharmacy-net.co.jp", "内容": "ファーマシィ薬局ひかわ【5:薬局】島根県出雲市斐川町直江４８９７－３" }, "geometry": { "type": "Point", "coordinates": [ 132.822863, 35.392269 ] } },
{ "type": "Feature", "properties": { "ID": 3255325404960, "正式名称": "もも薬局", "機関区分": 5, "都道府県コード": 32, "市区町村コード": 203, "所在地": "島根県出雲市大島町２１－４", "緯度": 35.336942, "経度": 132.703592, "url": "https://www.iryou.teikyouseido.mhlw.go.jp/znk-web/juminkanja/S2430/initialize?prefCd=32&kikanCd=5325404960&kikanKbn=5", "url2": "https://momoyaku.com/", "内容": "もも薬局【5:薬局】島根県出雲市大島町２１－４" }, "geometry": { "type": "Point", "coordinates": [ 132.703592, 35.336942 ] } },
{ "type": "Feature", "properties": { "ID": 3255325405130, "正式名称": "ファーマシィ薬局きりん", "機関区分": 5, "都道府県コード": 32, "市区町村コード": 203, "所在地": "島根県出雲市国富町８３３－１２", "緯度": 35.426499, "経度": 132.808202, "url": "https://www.iryou.teikyouseido.mhlw.go.jp/znk-web/juminkanja/S2430/initialize?prefCd=32&kikanCd=5325405130&kikanKbn=5", "url2": "https://www.pharmacy-net.co.jp/", "内容": "ファーマシィ薬局きりん【5:薬局】島根県出雲市国富町８３３－１２" }, "geometry": { "type": "Point", "coordinates": [ 132.808202, 35.426499 ] } },
{ "type": "Feature", "properties": { "ID": 3255325405390, "正式名称": "中の島薬局", "機関区分": 5, "都道府県コード": 32, "市区町村コード": 203, "所在地": "島根県出雲市平田町７６０４", "緯度": 35.440604, "経度": 132.830331, "url": "https://www.iryou.teikyouseido.mhlw.go.jp/znk-web/juminkanja/S2430/initialize?prefCd=32&kikanCd=5325405390&kikanKbn=5", "url2": null, "内容": "中の島薬局【5:薬局】島根県出雲市平田町７６０４" }, "geometry": { "type": "Point", "coordinates": [ 132.830331, 35.440604 ] } },
{ "type": "Feature", "properties": { "ID": 3255325405420, "正式名称": "つくし薬局　小山店", "機関区分": 5, "都道府県コード": 32, "市区町村コード": 203, "所在地": "島根県出雲市小山町１１５―１", "緯度": 35.371596, "経度": 132.745382, "url": "https://www.iryou.teikyouseido.mhlw.go.jp/znk-web/juminkanja/S2430/initialize?prefCd=32&kikanCd=5325405420&kikanKbn=5", "url2": "https://www.tsukushi-ph.jp/", "内容": "つくし薬局　小山店【5:薬局】島根県出雲市小山町１１５―１" }, "geometry": { "type": "Point", "coordinates": [ 132.745382, 35.371596 ] } },
{ "type": "Feature", "properties": { "ID": 3255325405710, "正式名称": "ファーマシィ薬局まごころ", "機関区分": 5, "都道府県コード": 32, "市区町村コード": 203, "所在地": "島根県出雲市武志町７３３－４", "緯度": 35.394837, "経度": 132.77468, "url": "https://www.iryou.teikyouseido.mhlw.go.jp/znk-web/juminkanja/S2430/initialize?prefCd=32&kikanCd=5325405710&kikanKbn=5", "url2": "https://www.pharmacy-net.co.jp", "内容": "ファーマシィ薬局まごころ【5:薬局】島根県出雲市武志町７３３－４" }, "geometry": { "type": "Point", "coordinates": [ 132.77468, 35.394837 ] } },
{ "type": "Feature", "properties": { "ID": 3255325405840, "正式名称": "ファーマシイ薬局くにびき", "機関区分": 5, "都道府県コード": 32, "市区町村コード": 203, "所在地": "島根県出雲市今市町２０７８", "緯度": 35.362409, "経度": 132.756152, "url": "https://www.iryou.teikyouseido.mhlw.go.jp/znk-web/juminkanja/S2430/initialize?prefCd=32&kikanCd=5325405840&kikanKbn=5", "url2": "https://www.pharmacy-net.co.jp", "内容": "ファーマシイ薬局くにびき【5:薬局】島根県出雲市今市町２０７８" }, "geometry": { "type": "Point", "coordinates": [ 132.756152, 35.362409 ] } },
{ "type": "Feature", "properties": { "ID": 3255325406010, "正式名称": "ファーマシィ薬局すこやか", "機関区分": 5, "都道府県コード": 32, "市区町村コード": 203, "所在地": "島根県出雲市塩冶町１５３９－６０", "緯度": 35.362065, "経度": 132.752168, "url": "https://www.iryou.teikyouseido.mhlw.go.jp/znk-web/juminkanja/S2430/initialize?prefCd=32&kikanCd=5325406010&kikanKbn=5", "url2": "https://www.pharmacy-net.co.jp/", "内容": "ファーマシィ薬局すこやか【5:薬局】島根県出雲市塩冶町１５３９－６０" }, "geometry": { "type": "Point", "coordinates": [ 132.752168, 35.362065 ] } },
{ "type": "Feature", "properties": { "ID": 3255325406300, "正式名称": "スイング薬局高岡店", "機関区分": 5, "都道府県コード": 32, "市区町村コード": 203, "所在地": "島根県出雲市高岡町５４番地", "緯度": 35.378344, "経度": 132.759369, "url": "https://www.iryou.teikyouseido.mhlw.go.jp/znk-web/juminkanja/S2430/initialize?prefCd=32&kikanCd=5325406300&kikanKbn=5", "url2": "http://www.ssmile.co.jp", "内容": "スイング薬局高岡店【5:薬局】島根県出雲市高岡町５４番地" }, "geometry": { "type": "Point", "coordinates": [ 132.759369, 35.378344 ] } },
{ "type": "Feature", "properties": { "ID": 3255325406430, "正式名称": "ほくよう薬局", "機関区分": 5, "都道府県コード": 32, "市区町村コード": 203, "所在地": "島根県出雲市武志町８３６－１０", "緯度": 35.390193, "経度": 132.77143, "url": "https://www.iryou.teikyouseido.mhlw.go.jp/znk-web/juminkanja/S2430/initialize?prefCd=32&kikanCd=5325406430&kikanKbn=5", "url2": "https://www.ssmile.co.jp/", "内容": "ほくよう薬局【5:薬局】島根県出雲市武志町８３６－１０" }, "geometry": { "type": "Point", "coordinates": [ 132.77143, 35.390193 ] } },
{ "type": "Feature", "properties": { "ID": 3255325406560, "正式名称": "はまやま薬局", "機関区分": 5, "都道府県コード": 32, "市区町村コード": 203, "所在地": "島根県出雲市松寄下町１０９２番地１８", "緯度": 35.36575, "経度": 132.709309, "url": "https://www.iryou.teikyouseido.mhlw.go.jp/znk-web/juminkanja/S2430/initialize?prefCd=32&kikanCd=5325406560&kikanKbn=5", "url2": "https://www.ssmile.co.jp/", "内容": "はまやま薬局【5:薬局】島根県出雲市松寄下町１０９２番地１８" }, "geometry": { "type": "Point", "coordinates": [ 132.709309, 35.36575 ] } },
{ "type": "Feature", "properties": { "ID": 3255325406690, "正式名称": "スイング平田薬局", "機関区分": 5, "都道府県コード": 32, "市区町村コード": 203, "所在地": "島根県出雲市西平田町５０", "緯度": 35.431282, "経度": 132.817052, "url": "https://www.iryou.teikyouseido.mhlw.go.jp/znk-web/juminkanja/S2430/initialize?prefCd=32&kikanCd=5325406690&kikanKbn=5", "url2": "http://www.ssmile.co.jp", "内容": "スイング平田薬局【5:薬局】島根県出雲市西平田町５０" }, "geometry": { "type": "Point", "coordinates": [ 132.817052, 35.431282 ] } },
{ "type": "Feature", "properties": { "ID": 3255325406850, "正式名称": "株式会社ネクストプランニング　大社だんだん薬局", "機関区分": 5, "都道府県コード": 32, "市区町村コード": 203, "所在地": "島根県出雲市大社町杵築南１３５３－３", "緯度": 35.393375, "経度": 132.686766, "url": "https://www.iryou.teikyouseido.mhlw.go.jp/znk-web/juminkanja/S2430/initialize?prefCd=32&kikanCd=5325406850&kikanKbn=5", "url2": "https://ichigo-group.jp/publics/index/35/", "内容": "株式会社ネクストプランニング　大社だんだん薬局【5:薬局】島根県出雲市大社町杵築南１３５３－３" }, "geometry": { "type": "Point", "coordinates": [ 132.686766, 35.393375 ] } },
{ "type": "Feature", "properties": { "ID": 3255325406980, "正式名称": "おおつ薬局", "機関区分": 5, "都道府県コード": 32, "市区町村コード": 203, "所在地": "島根県出雲市大津町１７０７番地３", "緯度": 35.367208, "経度": 132.777884, "url": "https://www.iryou.teikyouseido.mhlw.go.jp/znk-web/juminkanja/S2430/initialize?prefCd=32&kikanCd=5325406980&kikanKbn=5", "url2": null, "内容": "おおつ薬局【5:薬局】島根県出雲市大津町１７０７番地３" }, "geometry": { "type": "Point", "coordinates": [ 132.777884, 35.367208 ] } },
{ "type": "Feature", "properties": { "ID": 3255325407150, "正式名称": "なの花薬局平田店", "機関区分": 5, "都道府県コード": 32, "市区町村コード": 203, "所在地": "島根県出雲市平田町２１６４ー４", "緯度": 35.43014, "経度": 132.822606, "url": "https://www.iryou.teikyouseido.mhlw.go.jp/znk-web/juminkanja/S2430/initialize?prefCd=32&kikanCd=5325407150&kikanKbn=5", "url2": "https://www.nanohana-ph.jp/shop/chugoku-shikoku/shimane/izumo/hirata.php", "内容": "なの花薬局平田店【5:薬局】島根県出雲市平田町２１６４ー４" }, "geometry": { "type": "Point", "coordinates": [ 132.822606, 35.43014 ] } },
{ "type": "Feature", "properties": { "ID": 3255325407440, "正式名称": "みどり薬局", "機関区分": 5, "都道府県コード": 32, "市区町村コード": 203, "所在地": "島根県出雲市大津新崎町２丁目１５番地", "緯度": 35.369725, "経度": 132.767777, "url": "https://www.iryou.teikyouseido.mhlw.go.jp/znk-web/juminkanja/S2430/initialize?prefCd=32&kikanCd=5325407440&kikanKbn=5", "url2": "http://www.midori-y.com", "内容": "みどり薬局【5:薬局】島根県出雲市大津新崎町２丁目１５番地" }, "geometry": { "type": "Point", "coordinates": [ 132.767777, 35.369725 ] } },
{ "type": "Feature", "properties": { "ID": 3255325407570, "正式名称": "平安堂薬局渡橋店", "機関区分": 5, "都道府県コード": 32, "市区町村コード": 203, "所在地": "島根県出雲市渡橋町３３４－１", "緯度": 35.36871, "経度": 132.745996, "url": "https://www.iryou.teikyouseido.mhlw.go.jp/znk-web/juminkanja/S2430/initialize?prefCd=32&kikanCd=5325407570&kikanKbn=5", "url2": "https://www.heiandoyakkyoku.co.jp/", "内容": "平安堂薬局渡橋店【5:薬局】島根県出雲市渡橋町３３４－１" }, "geometry": { "type": "Point", "coordinates": [ 132.745996, 35.36871 ] } },
{ "type": "Feature", "properties": { "ID": 3255325407600, "正式名称": "ひかり薬局", "機関区分": 5, "都道府県コード": 32, "市区町村コード": 203, "所在地": "島根県出雲市多久町８８５－２２", "緯度": 35.450818, "経度": 132.852155, "url": "https://www.iryou.teikyouseido.mhlw.go.jp/znk-web/juminkanja/S2430/initialize?prefCd=32&kikanCd=5325407600&kikanKbn=5", "url2": null, "内容": "ひかり薬局【5:薬局】島根県出雲市多久町８８５－２２" }, "geometry": { "type": "Point", "coordinates": [ 132.852155, 35.450818 ] } },
{ "type": "Feature", "properties": { "ID": 3255325407730, "正式名称": "ほんまち薬局", "機関区分": 5, "都道府県コード": 32, "市区町村コード": 203, "所在地": "島根県出雲市今市町５３２", "緯度": 35.364926, "経度": 132.761493, "url": "https://www.iryou.teikyouseido.mhlw.go.jp/znk-web/juminkanja/S2430/initialize?prefCd=32&kikanCd=5325407730&kikanKbn=5", "url2": null, "内容": "ほんまち薬局【5:薬局】島根県出雲市今市町５３２" }, "geometry": { "type": "Point", "coordinates": [ 132.761493, 35.364926 ] } },
{ "type": "Feature", "properties": { "ID": 3255325408030, "正式名称": "日本調剤　出雲薬局", "機関区分": 5, "都道府県コード": 32, "市区町村コード": 203, "所在地": "島根県出雲市灘分町５８６", "緯度": 35.42946, "経度": 132.823154, "url": "https://www.iryou.teikyouseido.mhlw.go.jp/znk-web/juminkanja/S2430/initialize?prefCd=32&kikanCd=5325408030&kikanKbn=5", "url2": "https://www.nicho.co.jp/tenpo/izumo/", "内容": "日本調剤　出雲薬局【5:薬局】島根県出雲市灘分町５８６" }, "geometry": { "type": "Point", "coordinates": [ 132.823154, 35.42946 ] } },
{ "type": "Feature", "properties": { "ID": 3255325408290, "正式名称": "ファーマシィ薬局花のさと", "機関区分": 5, "都道府県コード": 32, "市区町村コード": 203, "所在地": "島根県出雲市下古志町１１２５－３", "緯度": 35.336531, "経度": 132.732225, "url": "https://www.iryou.teikyouseido.mhlw.go.jp/znk-web/juminkanja/S2430/initialize?prefCd=32&kikanCd=5325408290&kikanKbn=5", "url2": "https://www.pharmacy-net.co.jp", "内容": "ファーマシィ薬局花のさと【5:薬局】島根県出雲市下古志町１１２５－３" }, "geometry": { "type": "Point", "coordinates": [ 132.732225, 35.336531 ] } },
{ "type": "Feature", "properties": { "ID": 3255325408450, "正式名称": "ながはま薬局", "機関区分": 5, "都道府県コード": 32, "市区町村コード": 203, "所在地": "島根県出雲市西園町３３２－３", "緯度": 35.350032, "経度": 132.697524, "url": "https://www.iryou.teikyouseido.mhlw.go.jp/znk-web/juminkanja/S2430/initialize?prefCd=32&kikanCd=5325408450&kikanKbn=5", "url2": "https://www.kusurinomadoguchi.com/shimane/s1000082329", "内容": "ながはま薬局【5:薬局】島根県出雲市西園町３３２－３" }, "geometry": { "type": "Point", "coordinates": [ 132.697524, 35.350032 ] } },
{ "type": "Feature", "properties": { "ID": 3255325408610, "正式名称": "堀江薬局本店艸楽", "機関区分": 5, "都道府県コード": 32, "市区町村コード": 203, "所在地": "島根県出雲市大社町杵築南１３７０−２", "緯度": 35.393892, "経度": 132.686747, "url": "https://www.iryou.teikyouseido.mhlw.go.jp/znk-web/juminkanja/S2430/initialize?prefCd=32&kikanCd=5325408610&kikanKbn=5", "url2": null, "内容": "堀江薬局本店艸楽【5:薬局】島根県出雲市大社町杵築南１３７０−２" }, "geometry": { "type": "Point", "coordinates": [ 132.686747, 35.393892 ] } },
{ "type": "Feature", "properties": { "ID": 3255325408740, "正式名称": "ファーマシィ薬局出雲中央", "機関区分": 5, "都道府県コード": 32, "市区町村コード": 203, "所在地": "島根県出雲市姫原４丁目１０ー２", "緯度": 35.376786, "経度": 132.757886, "url": "https://www.iryou.teikyouseido.mhlw.go.jp/znk-web/juminkanja/S2430/initialize?prefCd=32&kikanCd=5325408740&kikanKbn=5", "url2": "https://www.pharmacy-net.co.jp", "内容": "ファーマシィ薬局出雲中央【5:薬局】島根県出雲市姫原４丁目１０ー２" }, "geometry": { "type": "Point", "coordinates": [ 132.757886, 35.376786 ] } },
{ "type": "Feature", "properties": { "ID": 3255325408870, "正式名称": "平安堂薬局　ラピタ大社店", "機関区分": 5, "都道府県コード": 32, "市区町村コード": 203, "所在地": "島根県出雲市大社町杵築南９９６", "緯度": 35.396773, "経度": 132.680643, "url": "https://www.iryou.teikyouseido.mhlw.go.jp/znk-web/juminkanja/S2430/initialize?prefCd=32&kikanCd=5325408870&kikanKbn=5", "url2": "https://www.heiandoyakkyoku.co.jp", "内容": "平安堂薬局　ラピタ大社店【5:薬局】島根県出雲市大社町杵築南９９６" }, "geometry": { "type": "Point", "coordinates": [ 132.680643, 35.396773 ] } },
{ "type": "Feature", "properties": { "ID": 3255325408900, "正式名称": "桜ヶ丘薬局", "機関区分": 5, "都道府県コード": 32, "市区町村コード": 203, "所在地": "島根県出雲市大津町３６５６－６", "緯度": 35.360175, "経度": 132.774012, "url": "https://www.iryou.teikyouseido.mhlw.go.jp/znk-web/juminkanja/S2430/initialize?prefCd=32&kikanCd=5325408900&kikanKbn=5", "url2": "https://misato-pharmacy.jp/", "内容": "桜ヶ丘薬局【5:薬局】島根県出雲市大津町３６５６－６" }, "geometry": { "type": "Point", "coordinates": [ 132.774012, 35.360175 ] } },
{ "type": "Feature", "properties": { "ID": 3255325409170, "正式名称": "もも薬局出雲インター店", "機関区分": 5, "都道府県コード": 32, "市区町村コード": 203, "所在地": "島根県出雲市神西沖町１４５５－９", "緯度": 35.335318, "経度": 132.701786, "url": "https://www.iryou.teikyouseido.mhlw.go.jp/znk-web/juminkanja/S2430/initialize?prefCd=32&kikanCd=5325409170&kikanKbn=5", "url2": "https://momoyaku.com/", "内容": "もも薬局出雲インター店【5:薬局】島根県出雲市神西沖町１４５５－９" }, "geometry": { "type": "Point", "coordinates": [ 132.701786, 35.335318 ] } },
{ "type": "Feature", "properties": { "ID": 3255325409330, "正式名称": "まめな薬局", "機関区分": 5, "都道府県コード": 32, "市区町村コード": 203, "所在地": "島根県出雲市大津町１１０１－４", "緯度": 35.367075, "経度": 132.76419, "url": "https://www.iryou.teikyouseido.mhlw.go.jp/znk-web/juminkanja/S2430/initialize?prefCd=32&kikanCd=5325409330&kikanKbn=5", "url2": "https://ichigoyakkyoku.amebaownd.com/", "内容": "まめな薬局【5:薬局】島根県出雲市大津町１１０１－４" }, "geometry": { "type": "Point", "coordinates": [ 132.76419, 35.367075 ] } },
{ "type": "Feature", "properties": { "ID": 3255325409620, "正式名称": "ウェルネス薬局　出雲駅南店", "機関区分": 5, "都道府県コード": 32, "市区町村コード": 203, "所在地": "島根県出雲市駅南町３丁目１３－１", "緯度": 35.358598, "経度": 132.757618, "url": "https://www.iryou.teikyouseido.mhlw.go.jp/znk-web/juminkanja/S2430/initialize?prefCd=32&kikanCd=5325409620&kikanKbn=5", "url2": "https://www.wellness-web.co.jp", "内容": "ウェルネス薬局　出雲駅南店【5:薬局】島根県出雲市駅南町３丁目１３－１" }, "geometry": { "type": "Point", "coordinates": [ 132.757618, 35.358598 ] } },
{ "type": "Feature", "properties": { "ID": 3255325409750, "正式名称": "ウェルネス薬局　塩冶店", "機関区分": 5, "都道府県コード": 32, "市区町村コード": 203, "所在地": "島根県出雲市塩冶有原町５ー１１", "緯度": 35.358347, "経度": 132.745981, "url": "https://www.iryou.teikyouseido.mhlw.go.jp/znk-web/juminkanja/S2430/initialize?prefCd=32&kikanCd=5325409750&kikanKbn=5", "url2": "https://www.wellness-web.co.jp/", "内容": "ウェルネス薬局　塩冶店【5:薬局】島根県出雲市塩冶有原町５ー１１" }, "geometry": { "type": "Point", "coordinates": [ 132.745981, 35.358347 ] } },
{ "type": "Feature", "properties": { "ID": 3255325409880, "正式名称": "ウェルネス薬局　大塚店", "機関区分": 5, "都道府県コード": 32, "市区町村コード": 203, "所在地": "島根県出雲市大塚町７５０－１", "緯度": 35.378793, "経度": 132.7509, "url": "https://www.iryou.teikyouseido.mhlw.go.jp/znk-web/juminkanja/S2430/initialize?prefCd=32&kikanCd=5325409880&kikanKbn=5", "url2": "https://www.wellness-web.co.jp/", "内容": "ウェルネス薬局　大塚店【5:薬局】島根県出雲市大塚町７５０－１" }, "geometry": { "type": "Point", "coordinates": [ 132.7509, 35.378793 ] } },
{ "type": "Feature", "properties": { "ID": 3255325409910, "正式名称": "ウェルネス薬局　白枝店", "機関区分": 5, "都道府県コード": 32, "市区町村コード": 203, "所在地": "島根県出雲市白枝町５５１－１", "緯度": 35.366141, "経度": 132.73364, "url": "https://www.iryou.teikyouseido.mhlw.go.jp/znk-web/juminkanja/S2430/initialize?prefCd=32&kikanCd=5325409910&kikanKbn=5", "url2": "http://www.wellness-web.co.jp/", "内容": "ウェルネス薬局　白枝店【5:薬局】島根県出雲市白枝町５５１－１" }, "geometry": { "type": "Point", "coordinates": [ 132.73364, 35.366141 ] } },
{ "type": "Feature", "properties": { "ID": 3255325410150, "正式名称": "出雲サン・メディカル薬局", "機関区分": 5, "都道府県コード": 32, "市区町村コード": 203, "所在地": "島根県出雲市塩冶町７７１－２", "緯度": 35.352884, "経度": 132.750991, "url": "https://www.iryou.teikyouseido.mhlw.go.jp/znk-web/juminkanja/S2430/initialize?prefCd=32&kikanCd=5325410150&kikanKbn=5", "url2": "https://www.izumo-sun-medical.com/", "内容": "出雲サン・メディカル薬局【5:薬局】島根県出雲市塩冶町７７１－２" }, "geometry": { "type": "Point", "coordinates": [ 132.750991, 35.352884 ] } },
{ "type": "Feature", "properties": { "ID": 3255325410440, "正式名称": "イオン薬局イオンスタイル出雲", "機関区分": 5, "都道府県コード": 32, "市区町村コード": 203, "所在地": "島根県出雲市渡橋町１０６６　イオンスタイル出雲１階", "緯度": 35.367415, "経度": 132.739616, "url": "https://www.iryou.teikyouseido.mhlw.go.jp/znk-web/juminkanja/S2430/initialize?prefCd=32&kikanCd=5325410440&kikanKbn=5", "url2": null, "内容": "イオン薬局イオンスタイル出雲【5:薬局】島根県出雲市渡橋町１０６６　イオンスタイル出雲１階" }, "geometry": { "type": "Point", "coordinates": [ 132.739616, 35.367415 ] } },
{ "type": "Feature", "properties": { "ID": 3255325410570, "正式名称": "ファーマシィ薬局神前", "機関区分": 5, "都道府県コード": 32, "市区町村コード": 203, "所在地": "島根県出雲市塩冶神前２丁目１－２５", "緯度": 35.350817, "経度": 132.753307, "url": "https://www.iryou.teikyouseido.mhlw.go.jp/znk-web/juminkanja/S2430/initialize?prefCd=32&kikanCd=5325410570&kikanKbn=5", "url2": "https://www.pharmacy-net.co.jp", "内容": "ファーマシィ薬局神前【5:薬局】島根県出雲市塩冶神前２丁目１－２５" }, "geometry": { "type": "Point", "coordinates": [ 132.753307, 35.350817 ] } },
{ "type": "Feature", "properties": { "ID": 3255325410600, "正式名称": "ウェルネス薬局出雲駅北店", "機関区分": 5, "都道府県コード": 32, "市区町村コード": 203, "所在地": "島根県出雲市駅北町１番", "緯度": 35.360849, "経度": 132.753616, "url": "https://www.iryou.teikyouseido.mhlw.go.jp/znk-web/juminkanja/S2430/initialize?prefCd=32&kikanCd=5325410600&kikanKbn=5", "url2": "https://shop.tsuruha-g.com/3142", "内容": "ウェルネス薬局出雲駅北店【5:薬局】島根県出雲市駅北町１番" }, "geometry": { "type": "Point", "coordinates": [ 132.753616, 35.360849 ] } },
{ "type": "Feature", "properties": { "ID": 3255325410730, "正式名称": "とも薬局渡橋店", "機関区分": 5, "都道府県コード": 32, "市区町村コード": 203, "所在地": "島根県出雲市渡橋町３８０ー１", "緯度": 35.365337, "経度": 132.7428, "url": "https://www.iryou.teikyouseido.mhlw.go.jp/znk-web/juminkanja/S2430/initialize?prefCd=32&kikanCd=5325410730&kikanKbn=5", "url2": null, "内容": "とも薬局渡橋店【5:薬局】島根県出雲市渡橋町３８０ー１" }, "geometry": { "type": "Point", "coordinates": [ 132.7428, 35.365337 ] } },
{ "type": "Feature", "properties": { "ID": 3255325410860, "正式名称": "ファーマシィ薬局新川", "機関区分": 5, "都道府県コード": 32, "市区町村コード": 203, "所在地": "島根県出雲市斐川町直江３９６５－２", "緯度": 35.381682, "経度": 132.821072, "url": "https://www.iryou.teikyouseido.mhlw.go.jp/znk-web/juminkanja/S2430/initialize?prefCd=32&kikanCd=5325410860&kikanKbn=5", "url2": "https://www.pharmacy-net.co.jp", "内容": "ファーマシィ薬局新川【5:薬局】島根県出雲市斐川町直江３９６５－２" }, "geometry": { "type": "Point", "coordinates": [ 132.821072, 35.381682 ] } },
{ "type": "Feature", "properties": { "ID": 3255325411030, "正式名称": "日本調剤　島大薬局", "機関区分": 5, "都道府県コード": 32, "市区町村コード": 203, "所在地": "島根県出雲市塩冶町８９－１", "緯度": 35.347466, "経度": 132.754673, "url": "https://www.iryou.teikyouseido.mhlw.go.jp/znk-web/juminkanja/S2430/initialize?prefCd=32&kikanCd=5325411030&kikanKbn=5", "url2": "https://www.nicho.co.jp", "内容": "日本調剤　島大薬局【5:薬局】島根県出雲市塩冶町８９－１" }, "geometry": { "type": "Point", "coordinates": [ 132.754673, 35.347466 ] } },
{ "type": "Feature", "properties": { "ID": 3255325411160, "正式名称": "あんず調剤薬局", "機関区分": 5, "都道府県コード": 32, "市区町村コード": 203, "所在地": "島根県出雲市西神西町５１８－６", "緯度": 35.313906, "経度": 132.689258, "url": "https://www.iryou.teikyouseido.mhlw.go.jp/znk-web/juminkanja/S2430/initialize?prefCd=32&kikanCd=5325411160&kikanKbn=5", "url2": null, "内容": "あんず調剤薬局【5:薬局】島根県出雲市西神西町５１８－６" }, "geometry": { "type": "Point", "coordinates": [ 132.689258, 35.313906 ] } },
{ "type": "Feature", "properties": { "ID": 3255325411320, "正式名称": "ひよこ薬局", "機関区分": 5, "都道府県コード": 32, "市区町村コード": 203, "所在地": "島根県出雲市小山町４４２－２", "緯度": 35.375014, "経度": 132.736859, "url": "https://www.iryou.teikyouseido.mhlw.go.jp/znk-web/juminkanja/S2430/initialize?prefCd=32&kikanCd=5325411320&kikanKbn=5", "url2": "https://ks-office.group/index.html", "内容": "ひよこ薬局【5:薬局】島根県出雲市小山町４４２－２" }, "geometry": { "type": "Point", "coordinates": [ 132.736859, 35.375014 ] } },
{ "type": "Feature", "properties": { "ID": 3255325411580, "正式名称": "ウェルネス調剤薬局　医大北店", "機関区分": 5, "都道府県コード": 32, "市区町村コード": 203, "所在地": "島根県出雲市塩冶町９９０－２－２", "緯度": 35.355685, "経度": 132.758249, "url": "https://www.iryou.teikyouseido.mhlw.go.jp/znk-web/juminkanja/S2430/initialize?prefCd=32&kikanCd=5325411580&kikanKbn=5", "url2": "https://shop.tsuruha-g.com/3866", "内容": "ウェルネス調剤薬局　医大北店【5:薬局】島根県出雲市塩冶町９９０－２－２" }, "geometry": { "type": "Point", "coordinates": [ 132.758249, 35.355685 ] } },
{ "type": "Feature", "properties": { "ID": 3255325411610, "正式名称": "ウェルネス薬局　北本町店", "機関区分": 5, "都道府県コード": 32, "市区町村コード": 203, "所在地": "島根県出雲市今市町北本町５丁目２－７", "緯度": 35.368917, "経度": 132.763578, "url": "https://www.iryou.teikyouseido.mhlw.go.jp/znk-web/juminkanja/S2430/initialize?prefCd=32&kikanCd=5325411610&kikanKbn=5", "url2": "https://www.wellness-web.co.jp", "内容": "ウェルネス薬局　北本町店【5:薬局】島根県出雲市今市町北本町５丁目２－７" }, "geometry": { "type": "Point", "coordinates": [ 132.763578, 35.368917 ] } },
{ "type": "Feature", "properties": { "ID": 3255325411740, "正式名称": "ウェルネス薬局　斐川店", "機関区分": 5, "都道府県コード": 32, "市区町村コード": 203, "所在地": "島根県出雲市斐川町上直江１３０３－１", "緯度": 35.386578, "経度": 132.808204, "url": "https://www.iryou.teikyouseido.mhlw.go.jp/znk-web/juminkanja/S2430/initialize?prefCd=32&kikanCd=5325411740&kikanKbn=5", "url2": "https://www.wellness-web.co.jp/", "内容": "ウェルネス薬局　斐川店【5:薬局】島根県出雲市斐川町上直江１３０３－１" }, "geometry": { "type": "Point", "coordinates": [ 132.808204, 35.386578 ] } },
{ "type": "Feature", "properties": { "ID": 3255325411900, "正式名称": "平安堂薬局　あらき店", "機関区分": 5, "都道府県コード": 32, "市区町村コード": 203, "所在地": "島根県出雲市大社町北荒木１０８６－１", "緯度": 35.383639, "経度": 132.696782, "url": "https://www.iryou.teikyouseido.mhlw.go.jp/znk-web/juminkanja/S2430/initialize?prefCd=32&kikanCd=5325411900&kikanKbn=5", "url2": "https://www.heiandoyakkyoku.co.jp", "内容": "平安堂薬局　あらき店【5:薬局】島根県出雲市大社町北荒木１０８６－１" }, "geometry": { "type": "Point", "coordinates": [ 132.696782, 35.383639 ] } },
{ "type": "Feature", "properties": { "ID": 3255325412040, "正式名称": "なつめ薬局", "機関区分": 5, "都道府県コード": 32, "市区町村コード": 203, "所在地": "島根県出雲市中野美保南１丁目４番地１", "緯度": 35.374458, "経度": 132.763925, "url": "https://www.iryou.teikyouseido.mhlw.go.jp/znk-web/juminkanja/S2430/initialize?prefCd=32&kikanCd=5325412040&kikanKbn=5", "url2": null, "内容": "なつめ薬局【5:薬局】島根県出雲市中野美保南１丁目４番地１" }, "geometry": { "type": "Point", "coordinates": [ 132.763925, 35.374458 ] } },
{ "type": "Feature", "properties": { "ID": 3255325412330, "正式名称": "ウエルシア薬局出雲塩冶原町店", "機関区分": 5, "都道府県コード": 32, "市区町村コード": 203, "所在地": "島根県出雲市塩冶原町１－５－３５", "緯度": 35.348315, "経度": 132.746565, "url": "https://www.iryou.teikyouseido.mhlw.go.jp/znk-web/juminkanja/S2430/initialize?prefCd=32&kikanCd=5325412330&kikanKbn=5", "url2": "https://store.welcia.co.jp/welcia/spot/detail?code=3770D", "内容": "ウエルシア薬局出雲塩冶原町店【5:薬局】島根県出雲市塩冶原町１－５－３５" }, "geometry": { "type": "Point", "coordinates": [ 132.746565, 35.348315 ] } },
{ "type": "Feature", "properties": { "ID": 3255325412460, "正式名称": "どんぐり薬局", "機関区分": 5, "都道府県コード": 32, "市区町村コード": 203, "所在地": "島根県出雲市稲岡町６０７－４", "緯度": 35.392678, "経度": 132.767243, "url": "https://www.iryou.teikyouseido.mhlw.go.jp/znk-web/juminkanja/S2430/initialize?prefCd=32&kikanCd=5325412460&kikanKbn=5", "url2": "https://donguri-pharmacy.co.jp/", "内容": "どんぐり薬局【5:薬局】島根県出雲市稲岡町６０７－４" }, "geometry": { "type": "Point", "coordinates": [ 132.767243, 35.392678 ] } },
{ "type": "Feature", "properties": { "ID": 3255325413050, "正式名称": "ウェルネス薬局　出雲大社店", "機関区分": 5, "都道府県コード": 32, "市区町村コード": 203, "所在地": "島根県出雲市大社町北荒木１２１２－１", "緯度": 35.387516, "経度": 132.694683, "url": "https://www.iryou.teikyouseido.mhlw.go.jp/znk-web/juminkanja/S2430/initialize?prefCd=32&kikanCd=5325413050&kikanKbn=5", "url2": "https://www.tsuruha-hd.com/tgn/", "内容": "ウェルネス薬局　出雲大社店【5:薬局】島根県出雲市大社町北荒木１２１２－１" }, "geometry": { "type": "Point", "coordinates": [ 132.694683, 35.387516 ] } },
{ "type": "Feature", "properties": { "ID": 3255325413180, "正式名称": "Ｄ・Ｃ・Ｂ薬局　ラピタ店", "機関区分": 5, "都道府県コード": 32, "市区町村コード": 203, "所在地": "島根県出雲市今市町８７", "緯度": 35.368858, "経度": 132.753872, "url": "https://www.iryou.teikyouseido.mhlw.go.jp/znk-web/juminkanja/S2430/initialize?prefCd=32&kikanCd=5325413180&kikanKbn=5", "url2": null, "内容": "Ｄ・Ｃ・Ｂ薬局　ラピタ店【5:薬局】島根県出雲市今市町８７" }, "geometry": { "type": "Point", "coordinates": [ 132.753872, 35.368858 ] } },
{ "type": "Feature", "properties": { "ID": 3255325413210, "正式名称": "まきの薬局", "機関区分": 5, "都道府県コード": 32, "市区町村コード": 203, "所在地": "島根県出雲市小山町３５２－７", "緯度": 35.371519, "経度": 132.741377, "url": "https://www.iryou.teikyouseido.mhlw.go.jp/znk-web/juminkanja/S2430/initialize?prefCd=32&kikanCd=5325413210&kikanKbn=5", "url2": "https://www.makino-pharmacy.jp/", "内容": "まきの薬局【5:薬局】島根県出雲市小山町３５２－７" }, "geometry": { "type": "Point", "coordinates": [ 132.741377, 35.371519 ] } },
{ "type": "Feature", "properties": { "ID": 3255325413340, "正式名称": "みどり薬局南店", "機関区分": 5, "都道府県コード": 32, "市区町村コード": 203, "所在地": "島根県出雲市今市町南本町２７－２", "緯度": 35.357042, "経度": 132.757111, "url": "https://www.iryou.teikyouseido.mhlw.go.jp/znk-web/juminkanja/S2430/initialize?prefCd=32&kikanCd=5325413340&kikanKbn=5", "url2": "https://midori-y.com/", "内容": "みどり薬局南店【5:薬局】島根県出雲市今市町南本町２７－２" }, "geometry": { "type": "Point", "coordinates": [ 132.757111, 35.357042 ] } },
{ "type": "Feature", "properties": { "ID": 3255325413470, "正式名称": "合同会社田中薬局", "機関区分": 5, "都道府県コード": 32, "市区町村コード": 203, "所在地": "島根県出雲市大塚町７４５－２", "緯度": 35.376946, "経度": 132.751716, "url": "https://www.iryou.teikyouseido.mhlw.go.jp/znk-web/juminkanja/S2430/initialize?prefCd=32&kikanCd=5325413470&kikanKbn=5", "url2": null, "内容": "合同会社田中薬局【5:薬局】島根県出雲市大塚町７４５－２" }, "geometry": { "type": "Point", "coordinates": [ 132.751716, 35.376946 ] } },
{ "type": "Feature", "properties": { "ID": 3255325413500, "正式名称": "平安堂薬局　北陽店", "機関区分": 5, "都道府県コード": 32, "市区町村コード": 203, "所在地": "島根県出雲市荻杼町３２８番地５", "緯度": 35.385293, "経度": 132.767375, "url": "https://www.iryou.teikyouseido.mhlw.go.jp/znk-web/juminkanja/S2430/initialize?prefCd=32&kikanCd=5325413500&kikanKbn=5", "url2": "https://www.heiandoyakkyoku.co.jp/company/", "内容": "平安堂薬局　北陽店【5:薬局】島根県出雲市荻杼町３２８番地５" }, "geometry": { "type": "Point", "coordinates": [ 132.767375, 35.385293 ] } },
{ "type": "Feature", "properties": { "ID": 3255325413630, "正式名称": "アイ・プラス薬局上塩冶町店", "機関区分": 5, "都道府県コード": 32, "市区町村コード": 203, "所在地": "島根県出雲市上塩冶町２６６３－６", "緯度": 35.354148, "経度": 132.761581, "url": "https://www.iryou.teikyouseido.mhlw.go.jp/znk-web/juminkanja/S2430/initialize?prefCd=32&kikanCd=5325413630&kikanKbn=5", "url2": "https://aimu-yakkyoku.com/company/", "内容": "アイ・プラス薬局上塩冶町店【5:薬局】島根県出雲市上塩冶町２６６３－６" }, "geometry": { "type": "Point", "coordinates": [ 132.761581, 35.354148 ] } },
{ "type": "Feature", "properties": { "ID": 3255325413760, "正式名称": "クローバー薬局　平田店", "機関区分": 5, "都道府県コード": 32, "市区町村コード": 203, "所在地": "島根県出雲市万田町６７８－１", "緯度": 35.459141, "経度": 132.780877, "url": "https://www.iryou.teikyouseido.mhlw.go.jp/znk-web/juminkanja/S2430/initialize?prefCd=32&kikanCd=5325413760&kikanKbn=5", "url2": "http://cloverpharmacy.com/", "内容": "クローバー薬局　平田店【5:薬局】島根県出雲市万田町６７８－１" }, "geometry": { "type": "Point", "coordinates": [ 132.780877, 35.459141 ] } },
{ "type": "Feature", "properties": { "ID": 3255325413890, "正式名称": "調剤薬局くすりのファミリア", "機関区分": 5, "都道府県コード": 32, "市区町村コード": 203, "所在地": "島根県出雲市渡橋町９８６－１", "緯度": 35.367145, "経度": 132.742594, "url": "https://www.iryou.teikyouseido.mhlw.go.jp/znk-web/juminkanja/S2430/initialize?prefCd=32&kikanCd=5325413890&kikanKbn=5", "url2": "http://www.pharmacyfamiliar.com/", "内容": "調剤薬局くすりのファミリア【5:薬局】島根県出雲市渡橋町９８６－１" }, "geometry": { "type": "Point", "coordinates": [ 132.742594, 35.367145 ] } },
{ "type": "Feature", "properties": { "ID": 3255325413920, "正式名称": "日星薬局　斐川店", "機関区分": 5, "都道府県コード": 32, "市区町村コード": 203, "所在地": "島根県出雲市斐川町上直江１４２１－１３日星薬局　斐川店", "緯度": 35.3888419, "経度": 132.8096788, "url": "https://www.iryou.teikyouseido.mhlw.go.jp/znk-web/juminkanja/S2430/initialize?prefCd=32&kikanCd=5325413920&kikanKbn=5", "url2": null, "内容": "日星薬局　斐川店【5:薬局】島根県出雲市斐川町上直江１４２１－１３日星薬局　斐川店" }, "geometry": { "type": "Point", "coordinates": [ 132.8096788, 35.3888419 ] } },
{ "type": "Feature", "properties": { "ID": 3255325414190, "正式名称": "しろえだ薬局", "機関区分": 5, "都道府県コード": 32, "市区町村コード": 203, "所在地": "島根県出雲市白枝町８８９－４", "緯度": 35.366948, "経度": 132.728021, "url": "https://www.iryou.teikyouseido.mhlw.go.jp/znk-web/juminkanja/S2430/initialize?prefCd=32&kikanCd=5325414190&kikanKbn=5", "url2": "https://www.shiroeda.kawatsu-pharmacy.com/index.html", "内容": "しろえだ薬局【5:薬局】島根県出雲市白枝町８８９－４" }, "geometry": { "type": "Point", "coordinates": [ 132.728021, 35.366948 ] } },
{ "type": "Feature", "properties": { "ID": 3255325414220, "正式名称": "ファーマシィ薬局西出雲", "機関区分": 5, "都道府県コード": 32, "市区町村コード": 203, "所在地": "島根県出雲市芦渡町９８９－３", "緯度": 35.334736, "経度": 132.727594, "url": "https://www.iryou.teikyouseido.mhlw.go.jp/znk-web/juminkanja/S2430/initialize?prefCd=32&kikanCd=5325414220&kikanKbn=5", "url2": "https://www.pharmacy-net.co.jp", "内容": "ファーマシィ薬局西出雲【5:薬局】島根県出雲市芦渡町９８９－３" }, "geometry": { "type": "Point", "coordinates": [ 132.727594, 35.334736 ] } },
{ "type": "Feature", "properties": { "ID": 3255325414350, "正式名称": "斐川かんぴ薬局", "機関区分": 5, "都道府県コード": 32, "市区町村コード": 203, "所在地": "島根県出雲市斐川町神氷２７９４－１", "緯度": 35.376032, "経度": 132.810582, "url": "https://www.iryou.teikyouseido.mhlw.go.jp/znk-web/juminkanja/S2430/initialize?prefCd=32&kikanCd=5325414350&kikanKbn=5", "url2": null, "内容": "斐川かんぴ薬局【5:薬局】島根県出雲市斐川町神氷２７９４－１" }, "geometry": { "type": "Point", "coordinates": [ 132.810582, 35.376032 ] } },
{ "type": "Feature", "properties": { "ID": 3255325483200, "正式名称": "あいむ薬局　神立店", "機関区分": 5, "都道府県コード": 32, "市区町村コード": 203, "所在地": "島根県出雲市斐川町併川字神立７０５－１", "緯度": 35.373352, "経度": 132.791164, "url": "https://www.iryou.teikyouseido.mhlw.go.jp/znk-web/juminkanja/S2430/initialize?prefCd=32&kikanCd=5325483200&kikanKbn=5", "url2": null, "内容": "あいむ薬局　神立店【5:薬局】島根県出雲市斐川町併川字神立７０５－１" }, "geometry": { "type": "Point", "coordinates": [ 132.791164, 35.373352 ] } },
{ "type": "Feature", "properties": { "ID": 3255325700200, "正式名称": "株式会社山藤薬局江津支店", "機関区分": 5, "都道府県コード": 32, "市区町村コード": 207, "所在地": "島根県江津市嘉久志町２３０６－３０ゆめタウン江津１階", "緯度": 35.00978, "経度": 132.218951, "url": "https://www.iryou.teikyouseido.mhlw.go.jp/znk-web/juminkanja/S2430/initialize?prefCd=32&kikanCd=5325700200&kikanKbn=5", "url2": "https://www.310ds.co.jp/", "内容": "株式会社山藤薬局江津支店【5:薬局】島根県江津市嘉久志町２３０６－３０ゆめタウン江津１階" }, "geometry": { "type": "Point", "coordinates": [ 132.218951, 35.00978 ] } },
{ "type": "Feature", "properties": { "ID": 3255325700620, "正式名称": "有限会社　かなぎ薬局", "機関区分": 5, "都道府県コード": 32, "市区町村コード": 202, "所在地": "島根県浜田市金城町七条ハ４０５－８", "緯度": 34.868513, "経度": 132.149182, "url": "https://www.iryou.teikyouseido.mhlw.go.jp/znk-web/juminkanja/S2430/initialize?prefCd=32&kikanCd=5325700620&kikanKbn=5", "url2": null, "内容": "有限会社　かなぎ薬局【5:薬局】島根県浜田市金城町七条ハ４０５－８" }, "geometry": { "type": "Point", "coordinates": [ 132.149182, 34.868513 ] } },
{ "type": "Feature", "properties": { "ID": 3255325701470, "正式名称": "みかわ調剤薬局", "機関区分": 5, "都道府県コード": 32, "市区町村コード": 202, "所在地": "島根県浜田市内村町７７２－２", "緯度": 34.853267, "経度": 132.056672, "url": "https://www.iryou.teikyouseido.mhlw.go.jp/znk-web/juminkanja/S2430/initialize?prefCd=32&kikanCd=5325701470&kikanKbn=5", "url2": null, "内容": "みかわ調剤薬局【5:薬局】島根県浜田市内村町７７２－２" }, "geometry": { "type": "Point", "coordinates": [ 132.056672, 34.853267 ] } },
{ "type": "Feature", "properties": { "ID": 3255325701500, "正式名称": "とまと薬局殿町店", "機関区分": 5, "都道府県コード": 32, "市区町村コード": 202, "所在地": "島根県浜田市殿町７－７", "緯度": 34.89968, "経度": 132.079397, "url": "https://www.iryou.teikyouseido.mhlw.go.jp/znk-web/juminkanja/S2430/initialize?prefCd=32&kikanCd=5325701500&kikanKbn=5", "url2": "https://www.tomato-ph.com/store/store09/", "内容": "とまと薬局殿町店【5:薬局】島根県浜田市殿町７－７" }, "geometry": { "type": "Point", "coordinates": [ 132.079397, 34.89968 ] } },
{ "type": "Feature", "properties": { "ID": 3255325701760, "正式名称": "くまさん薬局", "機関区分": 5, "都道府県コード": 32, "市区町村コード": 202, "所在地": "島根県浜田市朝日町１４－１", "緯度": 34.897856, "経度": 132.084025, "url": "https://www.iryou.teikyouseido.mhlw.go.jp/znk-web/juminkanja/S2430/initialize?prefCd=32&kikanCd=5325701760&kikanKbn=5", "url2": null, "内容": "くまさん薬局【5:薬局】島根県浜田市朝日町１４－１" }, "geometry": { "type": "Point", "coordinates": [ 132.084025, 34.897856 ] } },
{ "type": "Feature", "properties": { "ID": 3255325702060, "正式名称": "さんさん薬局", "機関区分": 5, "都道府県コード": 32, "市区町村コード": 202, "所在地": "島根県浜田市港町２９４－３２", "緯度": 34.904288, "経度": 132.069913, "url": "https://www.iryou.teikyouseido.mhlw.go.jp/znk-web/juminkanja/S2430/initialize?prefCd=32&kikanCd=5325702060&kikanKbn=5", "url2": "https://takamura-sunsun.jp", "内容": "さんさん薬局【5:薬局】島根県浜田市港町２９４－３２" }, "geometry": { "type": "Point", "coordinates": [ 132.069913, 34.904288 ] } },
{ "type": "Feature", "properties": { "ID": 3255325702220, "正式名称": "遠藤薬局", "機関区分": 5, "都道府県コード": 32, "市区町村コード": 202, "所在地": "島根県浜田市黒川町９７－１０昭和ビル１階", "緯度": 34.900987, "経度": 132.090989, "url": "https://www.iryou.teikyouseido.mhlw.go.jp/znk-web/juminkanja/S2430/initialize?prefCd=32&kikanCd=5325702220&kikanKbn=5", "url2": null, "内容": "遠藤薬局【5:薬局】島根県浜田市黒川町９７－１０昭和ビル１階" }, "geometry": { "type": "Point", "coordinates": [ 132.090989, 34.900987 ] } },
{ "type": "Feature", "properties": { "ID": 3255325702350, "正式名称": "あつた薬局", "機関区分": 5, "都道府県コード": 32, "市区町村コード": 202, "所在地": "島根県浜田市熱田町１４６３－２", "緯度": 34.868505, "経度": 132.050323, "url": "https://www.iryou.teikyouseido.mhlw.go.jp/znk-web/juminkanja/S2430/initialize?prefCd=32&kikanCd=5325702350&kikanKbn=5", "url2": null, "内容": "あつた薬局【5:薬局】島根県浜田市熱田町１４６３－２" }, "geometry": { "type": "Point", "coordinates": [ 132.050323, 34.868505 ] } },
{ "type": "Feature", "properties": { "ID": 3255325702510, "正式名称": "有限会社みはし薬局", "機関区分": 5, "都道府県コード": 32, "市区町村コード": 202, "所在地": "島根県浜田市相生町３９４６", "緯度": 34.895936, "経度": 132.093403, "url": "https://www.iryou.teikyouseido.mhlw.go.jp/znk-web/juminkanja/S2430/initialize?prefCd=32&kikanCd=5325702510&kikanKbn=5", "url2": "https://mihashi-pharmacy.com/", "内容": "有限会社みはし薬局【5:薬局】島根県浜田市相生町３９４６" }, "geometry": { "type": "Point", "coordinates": [ 132.093403, 34.895936 ] } },
{ "type": "Feature", "properties": { "ID": 3255325702640, "正式名称": "旭おりづる薬局", "機関区分": 5, "都道府県コード": 32, "市区町村コード": 202, "所在地": "島根県浜田市旭町丸原１３９ー８", "緯度": 34.874447, "経度": 132.23753, "url": "https://www.iryou.teikyouseido.mhlw.go.jp/znk-web/juminkanja/S2430/initialize?prefCd=32&kikanCd=5325702640&kikanKbn=5", "url2": null, "内容": "旭おりづる薬局【5:薬局】島根県浜田市旭町丸原１３９ー８" }, "geometry": { "type": "Point", "coordinates": [ 132.23753, 34.874447 ] } },
{ "type": "Feature", "properties": { "ID": 3255325702770, "正式名称": "長沢ゆい薬局", "機関区分": 5, "都道府県コード": 32, "市区町村コード": 202, "所在地": "島根県浜田市長沢町３１５４－２", "緯度": 34.914239, "経度": 132.10337, "url": "https://www.iryou.teikyouseido.mhlw.go.jp/znk-web/juminkanja/S2430/initialize?prefCd=32&kikanCd=5325702770&kikanKbn=5", "url2": null, "内容": "長沢ゆい薬局【5:薬局】島根県浜田市長沢町３１５４－２" }, "geometry": { "type": "Point", "coordinates": [ 132.10337, 34.914239 ] } },
{ "type": "Feature", "properties": { "ID": 3255325703100, "正式名称": "日本調剤江津薬局", "機関区分": 5, "都道府県コード": 32, "市区町村コード": 207, "所在地": "島根県江津市江津町１０１６－４１", "緯度": 35.012408, "経度": 132.216474, "url": "https://www.iryou.teikyouseido.mhlw.go.jp/znk-web/juminkanja/S2430/initialize?prefCd=32&kikanCd=5325703100&kikanKbn=5", "url2": "https://www.nicho.co.jp/tenpo/gotu/", "内容": "日本調剤江津薬局【5:薬局】島根県江津市江津町１０１６－４１" }, "geometry": { "type": "Point", "coordinates": [ 132.216474, 35.012408 ] } },
{ "type": "Feature", "properties": { "ID": 3255325703490, "正式名称": "えびす薬局", "機関区分": 5, "都道府県コード": 32, "市区町村コード": 202, "所在地": "島根県浜田市蛭子町２２ー１", "緯度": 34.89585, "経度": 132.076454, "url": "https://www.iryou.teikyouseido.mhlw.go.jp/znk-web/juminkanja/S2430/initialize?prefCd=32&kikanCd=5325703490&kikanKbn=5", "url2": "https://mihashi-pharmacy.com/", "内容": "えびす薬局【5:薬局】島根県浜田市蛭子町２２ー１" }, "geometry": { "type": "Point", "coordinates": [ 132.076454, 34.89585 ] } },
{ "type": "Feature", "properties": { "ID": 3255325703650, "正式名称": "ヒルズ薬局　三隅店", "機関区分": 5, "都道府県コード": 32, "市区町村コード": 202, "所在地": "島根県浜田市三隅町三隅１３３９番地", "緯度": 34.776788, "経度": 131.964717, "url": "https://www.iryou.teikyouseido.mhlw.go.jp/znk-web/juminkanja/S2430/initialize?prefCd=32&kikanCd=5325703650&kikanKbn=5", "url2": null, "内容": "ヒルズ薬局　三隅店【5:薬局】島根県浜田市三隅町三隅１３３９番地" }, "geometry": { "type": "Point", "coordinates": [ 131.964717, 34.776788 ] } },
{ "type": "Feature", "properties": { "ID": 3255325703780, "正式名称": "ひよこ薬局", "機関区分": 5, "都道府県コード": 32, "市区町村コード": 202, "所在地": "島根県浜田市熱田町５４１－１", "緯度": 34.876397, "経度": 132.05949, "url": "https://www.iryou.teikyouseido.mhlw.go.jp/znk-web/juminkanja/S2430/initialize?prefCd=32&kikanCd=5325703780&kikanKbn=5", "url2": null, "内容": "ひよこ薬局【5:薬局】島根県浜田市熱田町５４１－１" }, "geometry": { "type": "Point", "coordinates": [ 132.05949, 34.876397 ] } },
{ "type": "Feature", "properties": { "ID": 3255325703810, "正式名称": "株式会社山藤薬局　黒川支店", "機関区分": 5, "都道府県コード": 32, "市区町村コード": 202, "所在地": "島根県浜田市黒川町２１０", "緯度": 34.897994, "経度": 132.097536, "url": "https://www.iryou.teikyouseido.mhlw.go.jp/znk-web/juminkanja/S2430/initialize?prefCd=32&kikanCd=5325703810&kikanKbn=5", "url2": null, "内容": "株式会社山藤薬局　黒川支店【5:薬局】島根県浜田市黒川町２１０" }, "geometry": { "type": "Point", "coordinates": [ 132.097536, 34.897994 ] } },
{ "type": "Feature", "properties": { "ID": 3255325704080, "正式名称": "三隅薬局", "機関区分": 5, "都道府県コード": 32, "市区町村コード": 202, "所在地": "島根県浜田市三隅町三隅１３１４－６", "緯度": 34.775865, "経度": 131.963652, "url": "https://www.iryou.teikyouseido.mhlw.go.jp/znk-web/juminkanja/S2430/initialize?prefCd=32&kikanCd=5325704080&kikanKbn=5", "url2": "http://www.iwami.or.jp/tomo1/", "内容": "三隅薬局【5:薬局】島根県浜田市三隅町三隅１３１４－６" }, "geometry": { "type": "Point", "coordinates": [ 131.963652, 34.775865 ] } },
{ "type": "Feature", "properties": { "ID": 3255325704530, "正式名称": "とまと薬局長沢店", "機関区分": 5, "都道府県コード": 32, "市区町村コード": 202, "所在地": "島根県浜田市長沢町５５０－１６", "緯度": 34.908114, "経度": 132.096589, "url": "https://www.iryou.teikyouseido.mhlw.go.jp/znk-web/juminkanja/S2430/initialize?prefCd=32&kikanCd=5325704530&kikanKbn=5", "url2": "https://www.tomato-ph.com/store/store012/", "内容": "とまと薬局長沢店【5:薬局】島根県浜田市長沢町５５０－１６" }, "geometry": { "type": "Point", "coordinates": [ 132.096589, 34.908114 ] } },
{ "type": "Feature", "properties": { "ID": 3255325704660, "正式名称": "星高調剤薬局", "機関区分": 5, "都道府県コード": 32, "市区町村コード": 207, "所在地": "島根県江津市渡津町７９０", "緯度": 35.026182, "経度": 132.235829, "url": "https://www.iryou.teikyouseido.mhlw.go.jp/znk-web/juminkanja/S2430/initialize?prefCd=32&kikanCd=5325704660&kikanKbn=5", "url2": "http://www.ssmile.co.jp/", "内容": "星高調剤薬局【5:薬局】島根県江津市渡津町７９０" }, "geometry": { "type": "Point", "coordinates": [ 132.235829, 35.026182 ] } },
{ "type": "Feature", "properties": { "ID": 3255325705830, "正式名称": "とまと薬局敬川店", "機関区分": 5, "都道府県コード": 32, "市区町村コード": 207, "所在地": "島根県江津市敬川町２９２－２", "緯度": 34.970817, "経度": 132.170976, "url": "https://www.iryou.teikyouseido.mhlw.go.jp/znk-web/juminkanja/S2430/initialize?prefCd=32&kikanCd=5325705830&kikanKbn=5", "url2": "https://www.tomato-ph.com/store/store013/", "内容": "とまと薬局敬川店【5:薬局】島根県江津市敬川町２９２－２" }, "geometry": { "type": "Point", "coordinates": [ 132.170976, 34.970817 ] } },
{ "type": "Feature", "properties": { "ID": 3255325706260, "正式名称": "はあと薬局", "機関区分": 5, "都道府県コード": 32, "市区町村コード": 207, "所在地": "島根県江津市後地町８２５番地１", "緯度": 35.036778, "経度": 132.300356, "url": "https://www.iryou.teikyouseido.mhlw.go.jp/znk-web/juminkanja/S2430/initialize?prefCd=32&kikanCd=5325706260&kikanKbn=5", "url2": null, "内容": "はあと薬局【5:薬局】島根県江津市後地町８２５番地１" }, "geometry": { "type": "Point", "coordinates": [ 132.300356, 35.036778 ] } },
{ "type": "Feature", "properties": { "ID": 3255325706390, "正式名称": "弥栄中央薬局", "機関区分": 5, "都道府県コード": 32, "市区町村コード": 202, "所在地": "島根県浜田市弥栄町木都賀イ５３０－３", "緯度": 34.765533, "経度": 132.07343, "url": "https://www.iryou.teikyouseido.mhlw.go.jp/znk-web/juminkanja/S2430/initialize?prefCd=32&kikanCd=5325706390&kikanKbn=5", "url2": "https://www.kusurinomadoguchi.com", "内容": "弥栄中央薬局【5:薬局】島根県浜田市弥栄町木都賀イ５３０－３" }, "geometry": { "type": "Point", "coordinates": [ 132.07343, 34.765533 ] } },
{ "type": "Feature", "properties": { "ID": 3255325706680, "正式名称": "ウエーブ　いわみ薬局", "機関区分": 5, "都道府県コード": 32, "市区町村コード": 202, "所在地": "島根県浜田市浅井町８７８－９", "緯度": 34.9028, "経度": 132.086799, "url": "https://www.iryou.teikyouseido.mhlw.go.jp/znk-web/juminkanja/S2430/initialize?prefCd=32&kikanCd=5325706680&kikanKbn=5", "url2": null, "内容": "ウエーブ　いわみ薬局【5:薬局】島根県浜田市浅井町８７８－９" }, "geometry": { "type": "Point", "coordinates": [ 132.086799, 34.9028 ] } },
{ "type": "Feature", "properties": { "ID": 3255325706710, "正式名称": "ウエーブたまち薬局", "機関区分": 5, "都道府県コード": 32, "市区町村コード": 202, "所在地": "島根県浜田市田町５２－７", "緯度": 34.901908, "経度": 132.086594, "url": "https://www.iryou.teikyouseido.mhlw.go.jp/znk-web/juminkanja/S2430/initialize?prefCd=32&kikanCd=5325706710&kikanKbn=5", "url2": "www.axisnet.jp", "内容": "ウエーブたまち薬局【5:薬局】島根県浜田市田町５２－７" }, "geometry": { "type": "Point", "coordinates": [ 132.086594, 34.901908 ] } },
{ "type": "Feature", "properties": { "ID": 3255325706840, "正式名称": "ウエーブシティパルク薬局", "機関区分": 5, "都道府県コード": 32, "市区町村コード": 202, "所在地": "島根県浜田市相生町１３９１－８　シティパルク浜田店１階", "緯度": 34.898194, "経度": 132.091134, "url": "https://www.iryou.teikyouseido.mhlw.go.jp/znk-web/juminkanja/S2430/initialize?prefCd=32&kikanCd=5325706840&kikanKbn=5", "url2": null, "内容": "ウエーブシティパルク薬局【5:薬局】島根県浜田市相生町１３９１－８　シティパルク浜田店１階" }, "geometry": { "type": "Point", "coordinates": [ 132.091134, 34.898194 ] } },
{ "type": "Feature", "properties": { "ID": 3255325707140, "正式名称": "俵薬局本店", "機関区分": 5, "都道府県コード": 32, "市区町村コード": 202, "所在地": "島根県浜田市蛭子町３９新石州ビル１階", "緯度": 34.896034, "経度": 132.075567, "url": "https://www.iryou.teikyouseido.mhlw.go.jp/znk-web/juminkanja/S2430/initialize?prefCd=32&kikanCd=5325707140&kikanKbn=5", "url2": null, "内容": "俵薬局本店【5:薬局】島根県浜田市蛭子町３９新石州ビル１階" }, "geometry": { "type": "Point", "coordinates": [ 132.075567, 34.896034 ] } },
{ "type": "Feature", "properties": { "ID": 3255325707270, "正式名称": "三隅さんさん薬局", "機関区分": 5, "都道府県コード": 32, "市区町村コード": 202, "所在地": "島根県浜田市三隅町三隅３８７－５", "緯度": 34.794227, "経度": 131.957026, "url": "https://www.iryou.teikyouseido.mhlw.go.jp/znk-web/juminkanja/S2430/initialize?prefCd=32&kikanCd=5325707270&kikanKbn=5", "url2": null, "内容": "三隅さんさん薬局【5:薬局】島根県浜田市三隅町三隅３８７－５" }, "geometry": { "type": "Point", "coordinates": [ 131.957026, 34.794227 ] } },
{ "type": "Feature", "properties": { "ID": 3255325707300, "正式名称": "シーズ薬局　高田町店", "機関区分": 5, "都道府県コード": 32, "市区町村コード": 202, "所在地": "島根県浜田市高田町６７番地４", "緯度": 34.896417, "経度": 132.074524, "url": "https://www.iryou.teikyouseido.mhlw.go.jp/znk-web/juminkanja/S2430/initialize?prefCd=32&kikanCd=5325707300&kikanKbn=5", "url2": "https://seeds093heteml.com/", "内容": "シーズ薬局　高田町店【5:薬局】島根県浜田市高田町６７番地４" }, "geometry": { "type": "Point", "coordinates": [ 132.074524, 34.896417 ] } },
{ "type": "Feature", "properties": { "ID": 3255325707430, "正式名称": "株式会社　山藤薬局　和木支店", "機関区分": 5, "都道府県コード": 32, "市区町村コード": 207, "所在地": "島根県江津市嘉久志町　２４２５番地４７先", "緯度": 35.003372, "経度": 132.2064, "url": "https://www.iryou.teikyouseido.mhlw.go.jp/znk-web/juminkanja/S2430/initialize?prefCd=32&kikanCd=5325707430&kikanKbn=5", "url2": "https://www.310ds.co.jp/", "内容": "株式会社　山藤薬局　和木支店【5:薬局】島根県江津市嘉久志町　２４２５番地４７先" }, "geometry": { "type": "Point", "coordinates": [ 132.2064, 35.003372 ] } },
{ "type": "Feature", "properties": { "ID": 3255325707560, "正式名称": "とまと薬局こくふ店", "機関区分": 5, "都道府県コード": 32, "市区町村コード": 202, "所在地": "島根県浜田市国分町１９８１－３４８", "緯度": 34.935846, "経度": 132.109493, "url": "https://www.iryou.teikyouseido.mhlw.go.jp/znk-web/juminkanja/S2430/initialize?prefCd=32&kikanCd=5325707560&kikanKbn=5", "url2": "https://www.tomato-ph.com/store/store014/", "内容": "とまと薬局こくふ店【5:薬局】島根県浜田市国分町１９８１－３４８" }, "geometry": { "type": "Point", "coordinates": [ 132.109493, 34.935846 ] } },
{ "type": "Feature", "properties": { "ID": 3255325708020, "正式名称": "たまがわ薬局", "機関区分": 5, "都道府県コード": 32, "市区町村コード": 207, "所在地": "島根県江津市桜江町市山２７９－１５", "緯度": 34.940042, "経度": 132.315698, "url": "https://www.iryou.teikyouseido.mhlw.go.jp/znk-web/juminkanja/S2430/initialize?prefCd=32&kikanCd=5325708020&kikanKbn=5", "url2": null, "内容": "たまがわ薬局【5:薬局】島根県江津市桜江町市山２７９－１５" }, "geometry": { "type": "Point", "coordinates": [ 132.315698, 34.940042 ] } },
{ "type": "Feature", "properties": { "ID": 3255325708150, "正式名称": "かくし薬局", "機関区分": 5, "都道府県コード": 32, "市区町村コード": 207, "所在地": "島根県江津市嘉久志町イ６７０番３", "緯度": 35.004008, "経度": 132.211629, "url": "https://www.iryou.teikyouseido.mhlw.go.jp/znk-web/juminkanja/S2430/initialize?prefCd=32&kikanCd=5325708150&kikanKbn=5", "url2": null, "内容": "かくし薬局【5:薬局】島根県江津市嘉久志町イ６７０番３" }, "geometry": { "type": "Point", "coordinates": [ 132.211629, 35.004008 ] } },
{ "type": "Feature", "properties": { "ID": 3255325708310, "正式名称": "ウエルシア薬局　浜田田町店", "機関区分": 5, "都道府県コード": 32, "市区町村コード": 202, "所在地": "島根県浜田市田町１１６ー６", "緯度": 34.899892, "経度": 132.082537, "url": "https://www.iryou.teikyouseido.mhlw.go.jp/znk-web/juminkanja/S2430/initialize?prefCd=32&kikanCd=5325708310&kikanKbn=5", "url2": "http://www.welcia-yakkyoku.co.jp", "内容": "ウエルシア薬局　浜田田町店【5:薬局】島根県浜田市田町１１６ー６" }, "geometry": { "type": "Point", "coordinates": [ 132.082537, 34.899892 ] } },
{ "type": "Feature", "properties": { "ID": 3255325708440, "正式名称": "江の川薬局", "機関区分": 5, "都道府県コード": 32, "市区町村コード": 207, "所在地": "島根県江津市江津町１０１６－４１", "緯度": 35.012408, "経度": 132.216474, "url": "https://www.iryou.teikyouseido.mhlw.go.jp/znk-web/juminkanja/S2430/initialize?prefCd=32&kikanCd=5325708440&kikanKbn=5", "url2": null, "内容": "江の川薬局【5:薬局】島根県江津市江津町１０１６－４１" }, "geometry": { "type": "Point", "coordinates": [ 132.216474, 35.012408 ] } },
{ "type": "Feature", "properties": { "ID": 3255325708570, "正式名称": "あすなろ薬局", "機関区分": 5, "都道府県コード": 32, "市区町村コード": 202, "所在地": "島根県浜田市下府町９４－２", "緯度": 34.929791, "経度": 132.107585, "url": "https://www.iryou.teikyouseido.mhlw.go.jp/znk-web/juminkanja/S2430/initialize?prefCd=32&kikanCd=5325708570&kikanKbn=5", "url2": "https://www.ssmile.co.jp/", "内容": "あすなろ薬局【5:薬局】島根県浜田市下府町９４－２" }, "geometry": { "type": "Point", "coordinates": [ 132.107585, 34.929791 ] } },
{ "type": "Feature", "properties": { "ID": 3255325708600, "正式名称": "パール薬局　江津店", "機関区分": 5, "都道府県コード": 32, "市区町村コード": 207, "所在地": "島根県江津市都野津町２３７９－１", "緯度": 34.986358, "経度": 132.185872, "url": "https://www.iryou.teikyouseido.mhlw.go.jp/znk-web/juminkanja/S2430/initialize?prefCd=32&kikanCd=5325708600&kikanKbn=5", "url2": null, "内容": "パール薬局　江津店【5:薬局】島根県江津市都野津町２３７９－１" }, "geometry": { "type": "Point", "coordinates": [ 132.185872, 34.986358 ] } },
{ "type": "Feature", "properties": { "ID": 3255325708730, "正式名称": "有限会社みはし薬局片庭店", "機関区分": 5, "都道府県コード": 32, "市区町村コード": 202, "所在地": "島根県浜田市片庭町８６ー１", "緯度": 34.89876, "経度": 132.07173, "url": "https://www.iryou.teikyouseido.mhlw.go.jp/znk-web/juminkanja/S2430/initialize?prefCd=32&kikanCd=5325708730&kikanKbn=5", "url2": null, "内容": "有限会社みはし薬局片庭店【5:薬局】島根県浜田市片庭町８６ー１" }, "geometry": { "type": "Point", "coordinates": [ 132.07173, 34.89876 ] } },
{ "type": "Feature", "properties": { "ID": 3255325708860, "正式名称": "日脚さんさん薬局", "機関区分": 5, "都道府県コード": 32, "市区町村コード": 202, "所在地": "島根県浜田市日脚町１０１１－１", "緯度": 34.867196, "経度": 132.025999, "url": "https://www.iryou.teikyouseido.mhlw.go.jp/znk-web/juminkanja/S2430/initialize?prefCd=32&kikanCd=5325708860&kikanKbn=5", "url2": null, "内容": "日脚さんさん薬局【5:薬局】島根県浜田市日脚町１０１１－１" }, "geometry": { "type": "Point", "coordinates": [ 132.025999, 34.867196 ] } },
{ "type": "Feature", "properties": { "ID": 3255325709030, "正式名称": "ウエーブ江津健康堂薬局", "機関区分": 5, "都道府県コード": 32, "市区町村コード": 207, "所在地": "島根県江津市嘉久志町２３０６－２３", "緯度": 35.010387, "経度": 132.219652, "url": "https://www.iryou.teikyouseido.mhlw.go.jp/znk-web/juminkanja/S2430/initialize?prefCd=32&kikanCd=5325709030&kikanKbn=5", "url2": "https://www.axisnet.jp/", "内容": "ウエーブ江津健康堂薬局【5:薬局】島根県江津市嘉久志町２３０６－２３" }, "geometry": { "type": "Point", "coordinates": [ 132.219652, 35.010387 ] } },
{ "type": "Feature", "properties": { "ID": 3255325709160, "正式名称": "株式会社山藤薬局都野津支店", "機関区分": 5, "都道府県コード": 32, "市区町村コード": 207, "所在地": "島根県江津市都野津町１９６８－２", "緯度": 34.98935, "経度": 132.190338, "url": "https://www.iryou.teikyouseido.mhlw.go.jp/znk-web/juminkanja/S2430/initialize?prefCd=32&kikanCd=5325709160&kikanKbn=5", "url2": "310ds.co.jp", "内容": "株式会社山藤薬局都野津支店【5:薬局】島根県江津市都野津町１９６８－２" }, "geometry": { "type": "Point", "coordinates": [ 132.190338, 34.98935 ] } },
{ "type": "Feature", "properties": { "ID": 3255325709290, "正式名称": "くすりのファミリア殿町薬局", "機関区分": 5, "都道府県コード": 32, "市区町村コード": 202, "所在地": "島根県浜田市殿町７９－３８", "緯度": 34.901296, "経度": 132.078418, "url": "https://www.iryou.teikyouseido.mhlw.go.jp/znk-web/juminkanja/S2430/initialize?prefCd=32&kikanCd=5325709290&kikanKbn=5", "url2": "http://www.pharmacyfamiliar.com/store/tonomachi.html", "内容": "くすりのファミリア殿町薬局【5:薬局】島根県浜田市殿町７９－３８" }, "geometry": { "type": "Point", "coordinates": [ 132.078418, 34.901296 ] } },
{ "type": "Feature", "properties": { "ID": 3255325709320, "正式名称": "くすりのファミリア　江津薬局", "機関区分": 5, "都道府県コード": 32, "市区町村コード": 207, "所在地": "島根県江津市嘉久志町イ１４９４－５", "緯度": 35.007412, "経度": 132.213191, "url": "https://www.iryou.teikyouseido.mhlw.go.jp/znk-web/juminkanja/S2430/initialize?prefCd=32&kikanCd=5325709320&kikanKbn=5", "url2": "http://www.pharmacyfamiliar.com/", "内容": "くすりのファミリア　江津薬局【5:薬局】島根県江津市嘉久志町イ１４９４－５" }, "geometry": { "type": "Point", "coordinates": [ 132.213191, 35.007412 ] } },
{ "type": "Feature", "properties": { "ID": 3255325709450, "正式名称": "日星薬局　浜田駅北店", "機関区分": 5, "都道府県コード": 32, "市区町村コード": 202, "所在地": "島根県浜田市浅井町８６７－３", "緯度": 34.903175, "経度": 132.086879, "url": "https://www.iryou.teikyouseido.mhlw.go.jp/znk-web/juminkanja/S2430/initialize?prefCd=32&kikanCd=5325709450&kikanKbn=5", "url2": "https://ship-ph.co.jp/", "内容": "日星薬局　浜田駅北店【5:薬局】島根県浜田市浅井町８６７－３" }, "geometry": { "type": "Point", "coordinates": [ 132.086879, 34.903175 ] } },
{ "type": "Feature", "properties": { "ID": 3255325709580, "正式名称": "山藤薬局周布支店", "機関区分": 5, "都道府県コード": 32, "市区町村コード": 202, "所在地": "島根県浜田市治和町イ１１１－５", "緯度": 34.858667, "経度": 132.019422, "url": "https://www.iryou.teikyouseido.mhlw.go.jp/znk-web/juminkanja/S2430/initialize?prefCd=32&kikanCd=5325709580&kikanKbn=5", "url2": null, "内容": "山藤薬局周布支店【5:薬局】島根県浜田市治和町イ１１１－５" }, "geometry": { "type": "Point", "coordinates": [ 132.019422, 34.858667 ] } },
{ "type": "Feature", "properties": { "ID": 3255325709610, "正式名称": "はまだ調剤薬局", "機関区分": 5, "都道府県コード": 32, "市区町村コード": 202, "所在地": "島根県浜田市琵琶町１４３－２", "緯度": 34.900281, "経度": 132.08729, "url": "https://www.iryou.teikyouseido.mhlw.go.jp/znk-web/juminkanja/S2430/initialize?prefCd=32&kikanCd=5325709610&kikanKbn=5", "url2": "https://www.tomato-ph.com/store/store011/", "内容": "はまだ調剤薬局【5:薬局】島根県浜田市琵琶町１４３－２" }, "geometry": { "type": "Point", "coordinates": [ 132.08729, 34.900281 ] } },
{ "type": "Feature", "properties": { "ID": 3255325709740, "正式名称": "ウェルネス薬局浜田医療センター前店", "機関区分": 5, "都道府県コード": 32, "市区町村コード": 202, "所在地": "島根県浜田市浅井町８７５", "緯度": 34.903544, "経度": 132.0861, "url": "https://www.iryou.teikyouseido.mhlw.go.jp/znk-web/juminkanja/S2430/initialize?prefCd=32&kikanCd=5325709740&kikanKbn=5", "url2": null, "内容": "ウェルネス薬局浜田医療センター前店【5:薬局】島根県浜田市浅井町８７５" }, "geometry": { "type": "Point", "coordinates": [ 132.0861, 34.903544 ] } },
{ "type": "Feature", "properties": { "ID": 3255325800230, "正式名称": "有限会社甲佐薬局大和通店", "機関区分": 5, "都道府県コード": 32, "市区町村コード": 204, "所在地": "島根県益田市須子町１０ー２８", "緯度": 34.677715, "経度": 131.830791, "url": "https://www.iryou.teikyouseido.mhlw.go.jp/znk-web/juminkanja/S2430/initialize?prefCd=32&kikanCd=5325800230&kikanKbn=5", "url2": "https://www.kousa3660.com", "内容": "有限会社甲佐薬局大和通店【5:薬局】島根県益田市須子町１０ー２８" }, "geometry": { "type": "Point", "coordinates": [ 131.830791, 34.677715 ] } },
{ "type": "Feature", "properties": { "ID": 3255325800360, "正式名称": "野村大盛堂薬局", "機関区分": 5, "都道府県コード": 32, "市区町村コード": 204, "所在地": "島根県益田市東町１８－３３", "緯度": 34.678691, "経度": 131.856758, "url": "https://www.iryou.teikyouseido.mhlw.go.jp/znk-web/juminkanja/S2430/initialize?prefCd=32&kikanCd=5325800360&kikanKbn=5", "url2": null, "内容": "野村大盛堂薬局【5:薬局】島根県益田市東町１８－３３" }, "geometry": { "type": "Point", "coordinates": [ 131.856758, 34.678691 ] } },
{ "type": "Feature", "properties": { "ID": 3255325800490, "正式名称": "有限会社ベニヤ薬局東町店", "機関区分": 5, "都道府県コード": 32, "市区町村コード": 204, "所在地": "島根県益田市東町１０ー６", "緯度": 34.679214, "経度": 131.854808, "url": "https://www.iryou.teikyouseido.mhlw.go.jp/znk-web/juminkanja/S2430/initialize?prefCd=32&kikanCd=5325800490&kikanKbn=5", "url2": null, "内容": "有限会社ベニヤ薬局東町店【5:薬局】島根県益田市東町１０ー６" }, "geometry": { "type": "Point", "coordinates": [ 131.854808, 34.679214 ] } },
{ "type": "Feature", "properties": { "ID": 3255325800780, "正式名称": "漢方益田薬局", "機関区分": 5, "都道府県コード": 32, "市区町村コード": 204, "所在地": "島根県益田市あけぼの本町９－２", "緯度": 34.680156, "経度": 131.841078, "url": "https://www.iryou.teikyouseido.mhlw.go.jp/znk-web/juminkanja/S2430/initialize?prefCd=32&kikanCd=5325800780&kikanKbn=5", "url2": null, "内容": "漢方益田薬局【5:薬局】島根県益田市あけぼの本町９－２" }, "geometry": { "type": "Point", "coordinates": [ 131.841078, 34.680156 ] } },
{ "type": "Feature", "properties": { "ID": 3255325800940, "正式名称": "晴快堂漢方薬局", "機関区分": 5, "都道府県コード": 32, "市区町村コード": 204, "所在地": "島根県益田市乙吉町イ３３５ー８", "緯度": 34.68072, "経度": 131.846559, "url": "https://www.iryou.teikyouseido.mhlw.go.jp/znk-web/juminkanja/S2430/initialize?prefCd=32&kikanCd=5325800940&kikanKbn=5", "url2": null, "内容": "晴快堂漢方薬局【5:薬局】島根県益田市乙吉町イ３３５ー８" }, "geometry": { "type": "Point", "coordinates": [ 131.846559, 34.68072 ] } },
{ "type": "Feature", "properties": { "ID": 3255325801080, "正式名称": "きりん薬局", "機関区分": 5, "都道府県コード": 32, "市区町村コード": 204, "所在地": "島根県益田市あけぼの東町　４－４", "緯度": 34.67742, "経度": 131.843601, "url": "https://www.iryou.teikyouseido.mhlw.go.jp/znk-web/juminkanja/S2430/initialize?prefCd=32&kikanCd=5325801080&kikanKbn=5", "url2": "https://www.iwami.or.jp/tomo1/", "内容": "きりん薬局【5:薬局】島根県益田市あけぼの東町　４－４" }, "geometry": { "type": "Point", "coordinates": [ 131.843601, 34.67742 ] } },
{ "type": "Feature", "properties": { "ID": 3255325801400, "正式名称": "有限会社松本薬局", "機関区分": 5, "都道府県コード": 32, "市区町村コード": 204, "所在地": "島根県益田市土井町２－２２", "緯度": 34.671638, "経度": 131.855866, "url": "https://www.iryou.teikyouseido.mhlw.go.jp/znk-web/juminkanja/S2430/initialize?prefCd=32&kikanCd=5325801400&kikanKbn=5", "url2": null, "内容": "有限会社松本薬局【5:薬局】島根県益田市土井町２－２２" }, "geometry": { "type": "Point", "coordinates": [ 131.855866, 34.671638 ] } },
{ "type": "Feature", "properties": { "ID": 3255325801530, "正式名称": "調剤薬局オオバ", "機関区分": 5, "都道府県コード": 32, "市区町村コード": 204, "所在地": "島根県益田市中島町イ３６－１", "緯度": 34.685155, "経度": 131.83274, "url": "https://www.iryou.teikyouseido.mhlw.go.jp/znk-web/juminkanja/S2430/initialize?prefCd=32&kikanCd=5325801530&kikanKbn=5", "url2": null, "内容": "調剤薬局オオバ【5:薬局】島根県益田市中島町イ３６－１" }, "geometry": { "type": "Point", "coordinates": [ 131.83274, 34.685155 ] } },
{ "type": "Feature", "properties": { "ID": 3255325802120, "正式名称": "能美薬局", "機関区分": 5, "都道府県コード": 32, "市区町村コード": 204, "所在地": "島根県益田市高津２丁目１ー２３", "緯度": 34.679096, "経度": 131.823996, "url": "https://www.iryou.teikyouseido.mhlw.go.jp/znk-web/juminkanja/S2430/initialize?prefCd=32&kikanCd=5325802120&kikanKbn=5", "url2": null, "内容": "能美薬局【5:薬局】島根県益田市高津２丁目１ー２３" }, "geometry": { "type": "Point", "coordinates": [ 131.823996, 34.679096 ] } },
{ "type": "Feature", "properties": { "ID": 3255325802250, "正式名称": "能美恵壽堂薬局", "機関区分": 5, "都道府県コード": 32, "市区町村コード": 204, "所在地": "島根県益田市高津五丁目３０－１７", "緯度": 34.689239, "経度": 131.81922, "url": "https://www.iryou.teikyouseido.mhlw.go.jp/znk-web/juminkanja/S2430/initialize?prefCd=32&kikanCd=5325802250&kikanKbn=5", "url2": "http://iwami.or.jp/nomi-66", "内容": "能美恵壽堂薬局【5:薬局】島根県益田市高津五丁目３０－１７" }, "geometry": { "type": "Point", "coordinates": [ 131.81922, 34.689239 ] } },
{ "type": "Feature", "properties": { "ID": 3255325802380, "正式名称": "高津オオバ薬局", "機関区分": 5, "都道府県コード": 32, "市区町村コード": 204, "所在地": "島根県益田市高津１丁目９－２", "緯度": 34.6863, "経度": 131.825578, "url": "https://www.iryou.teikyouseido.mhlw.go.jp/znk-web/juminkanja/S2430/initialize?prefCd=32&kikanCd=5325802380&kikanKbn=5", "url2": null, "内容": "高津オオバ薬局【5:薬局】島根県益田市高津１丁目９－２" }, "geometry": { "type": "Point", "coordinates": [ 131.825578, 34.6863 ] } },
{ "type": "Feature", "properties": { "ID": 3255325802670, "正式名称": "永戸薬局本店", "機関区分": 5, "都道府県コード": 32, "市区町村コード": 204, "所在地": "島根県益田市横田町２３４", "緯度": 34.624736, "経度": 131.807724, "url": "https://www.iryou.teikyouseido.mhlw.go.jp/znk-web/juminkanja/S2430/initialize?prefCd=32&kikanCd=5325802670&kikanKbn=5", "url2": null, "内容": "永戸薬局本店【5:薬局】島根県益田市横田町２３４" }, "geometry": { "type": "Point", "coordinates": [ 131.807724, 34.624736 ] } },
{ "type": "Feature", "properties": { "ID": 3255325802830, "正式名称": "調剤薬局津田", "機関区分": 5, "都道府県コード": 32, "市区町村コード": 204, "所在地": "島根県益田市津田町１２６８－１０", "緯度": 34.722092, "経度": 131.864092, "url": "https://www.iryou.teikyouseido.mhlw.go.jp/znk-web/juminkanja/S2430/initialize?prefCd=32&kikanCd=5325802830&kikanKbn=5", "url2": "https://www.iwami.or.jp/tomo1/", "内容": "調剤薬局津田【5:薬局】島根県益田市津田町１２６８－１０" }, "geometry": { "type": "Point", "coordinates": [ 131.864092, 34.722092 ] } },
{ "type": "Feature", "properties": { "ID": 3255325803000, "正式名称": "みずほ薬局", "機関区分": 5, "都道府県コード": 32, "市区町村コード": 204, "所在地": "島根県益田市下本郷町１７８－２", "緯度": 34.687283, "経度": 131.845969, "url": "https://www.iryou.teikyouseido.mhlw.go.jp/znk-web/juminkanja/S2430/initialize?prefCd=32&kikanCd=5325803000&kikanKbn=5", "url2": "https://prog-net.jp/", "内容": "みずほ薬局【5:薬局】島根県益田市下本郷町１７８－２" }, "geometry": { "type": "Point", "coordinates": [ 131.845969, 34.687283 ] } },
{ "type": "Feature", "properties": { "ID": 3255325803130, "正式名称": "あけぼの調剤薬局", "機関区分": 5, "都道府県コード": 32, "市区町村コード": 204, "所在地": "島根県益田市あけぼの西町１５−８", "緯度": 34.682542, "経度": 131.838668, "url": "https://www.iryou.teikyouseido.mhlw.go.jp/znk-web/juminkanja/S2430/initialize?prefCd=32&kikanCd=5325803130&kikanKbn=5", "url2": "http://www/iwami.or.jp/tomo1/", "内容": "あけぼの調剤薬局【5:薬局】島根県益田市あけぼの西町１５−８" }, "geometry": { "type": "Point", "coordinates": [ 131.838668, 34.682542 ] } },
{ "type": "Feature", "properties": { "ID": 3255325803260, "正式名称": "あおい薬局", "機関区分": 5, "都道府県コード": 32, "市区町村コード": 204, "所在地": "島根県益田市乙吉町イ８９番地１０　日興ビル１階", "緯度": 34.684212, "経度": 131.842925, "url": "https://www.iryou.teikyouseido.mhlw.go.jp/znk-web/juminkanja/S2430/initialize?prefCd=32&kikanCd=5325803260&kikanKbn=5", "url2": null, "内容": "あおい薬局【5:薬局】島根県益田市乙吉町イ８９番地１０　日興ビル１階" }, "geometry": { "type": "Point", "coordinates": [ 131.842925, 34.684212 ] } },
{ "type": "Feature", "properties": { "ID": 3255325803390, "正式名称": "益田薬局緑ヶ丘店", "機関区分": 5, "都道府県コード": 32, "市区町村コード": 204, "所在地": "島根県益田市高津６丁目２３－２１", "緯度": 34.689777, "経度": 131.810598, "url": "https://www.iryou.teikyouseido.mhlw.go.jp/znk-web/juminkanja/S2430/initialize?prefCd=32&kikanCd=5325803390&kikanKbn=5", "url2": null, "内容": "益田薬局緑ヶ丘店【5:薬局】島根県益田市高津６丁目２３－２１" }, "geometry": { "type": "Point", "coordinates": [ 131.810598, 34.689777 ] } },
{ "type": "Feature", "properties": { "ID": 3255325803680, "正式名称": "大谷仁成堂薬局　高津店", "機関区分": 5, "都道府県コード": 32, "市区町村コード": 204, "所在地": "島根県益田市高津８丁目５－３", "緯度": 34.690688, "経度": 131.812987, "url": "https://www.iryou.teikyouseido.mhlw.go.jp/znk-web/juminkanja/S2430/initialize?prefCd=32&kikanCd=5325803680&kikanKbn=5", "url2": "https://jinsei-do.co.jp", "内容": "大谷仁成堂薬局　高津店【5:薬局】島根県益田市高津８丁目５－３" }, "geometry": { "type": "Point", "coordinates": [ 131.812987, 34.690688 ] } },
{ "type": "Feature", "properties": { "ID": 3255325803840, "正式名称": "調剤薬局タギ高津店", "機関区分": 5, "都道府県コード": 32, "市区町村コード": 204, "所在地": "島根県益田市高津六丁目１４番３０号", "緯度": 34.689247, "経度": 131.812889, "url": "https://www.iryou.teikyouseido.mhlw.go.jp/znk-web/juminkanja/S2430/initialize?prefCd=32&kikanCd=5325803840&kikanKbn=5", "url2": null, "内容": "調剤薬局タギ高津店【5:薬局】島根県益田市高津六丁目１４番３０号" }, "geometry": { "type": "Point", "coordinates": [ 131.812889, 34.689247 ] } },
{ "type": "Feature", "properties": { "ID": 3255325803970, "正式名称": "有限会社　望月薬局", "機関区分": 5, "都道府県コード": 32, "市区町村コード": 501, "所在地": "島根県鹿足郡津和野町後田ロ３４１", "緯度": 34.470811, "経度": 131.775835, "url": "https://www.iryou.teikyouseido.mhlw.go.jp/znk-web/juminkanja/S2430/initialize?prefCd=32&kikanCd=5325803970&kikanKbn=5", "url2": null, "内容": "有限会社　望月薬局【5:薬局】島根県鹿足郡津和野町後田ロ３４１" }, "geometry": { "type": "Point", "coordinates": [ 131.775835, 34.470811 ] } },
{ "type": "Feature", "properties": { "ID": 3255325804140, "正式名称": "有限会社　三五舎薬局", "機関区分": 5, "都道府県コード": 32, "市区町村コード": 501, "所在地": "島根県鹿足郡津和野町森村ロ７０", "緯度": 34.46571, "経度": 131.773549, "url": "https://www.iryou.teikyouseido.mhlw.go.jp/znk-web/juminkanja/S2430/initialize?prefCd=32&kikanCd=5325804140&kikanKbn=5", "url2": null, "内容": "有限会社　三五舎薬局【5:薬局】島根県鹿足郡津和野町森村ロ７０" }, "geometry": { "type": "Point", "coordinates": [ 131.773549, 34.46571 ] } },
{ "type": "Feature", "properties": { "ID": 3255325804560, "正式名称": "柿木つくし薬局", "機関区分": 5, "都道府県コード": 32, "市区町村コード": 505, "所在地": "島根県鹿足郡吉賀町柿木６５１－５", "緯度": 34.439084, "経度": 131.863377, "url": "https://www.iryou.teikyouseido.mhlw.go.jp/znk-web/juminkanja/S2430/initialize?prefCd=32&kikanCd=5325804560&kikanKbn=5", "url2": "https://www.e-classa.net/tukusi", "内容": "柿木つくし薬局【5:薬局】島根県鹿足郡吉賀町柿木６５１－５" }, "geometry": { "type": "Point", "coordinates": [ 131.863377, 34.439084 ] } },
{ "type": "Feature", "properties": { "ID": 3255325804850, "正式名称": "有限会社　ホワイト薬局", "機関区分": 5, "都道府県コード": 32, "市区町村コード": 505, "所在地": "島根県鹿足郡吉賀町六日市７９３の２", "緯度": 34.352011, "経度": 131.933085, "url": "https://www.iryou.teikyouseido.mhlw.go.jp/znk-web/juminkanja/S2430/initialize?prefCd=32&kikanCd=5325804850&kikanKbn=5", "url2": null, "内容": "有限会社　ホワイト薬局【5:薬局】島根県鹿足郡吉賀町六日市７９３の２" }, "geometry": { "type": "Point", "coordinates": [ 131.933085, 34.352011 ] } },
{ "type": "Feature", "properties": { "ID": 3255325804980, "正式名称": "あやめ薬局", "機関区分": 5, "都道府県コード": 32, "市区町村コード": 505, "所在地": "島根県鹿足郡吉賀町六日市３７８－５", "緯度": 34.353258, "経度": 131.938288, "url": "https://www.iryou.teikyouseido.mhlw.go.jp/znk-web/juminkanja/S2430/initialize?prefCd=32&kikanCd=5325804980&kikanKbn=5", "url2": "https://www.ssmile.co.jp/shop_area/shimaneseibu/", "内容": "あやめ薬局【5:薬局】島根県鹿足郡吉賀町六日市３７８－５" }, "geometry": { "type": "Point", "coordinates": [ 131.938288, 34.353258 ] } },
{ "type": "Feature", "properties": { "ID": 3255325805310, "正式名称": "オール薬局益田店", "機関区分": 5, "都道府県コード": 32, "市区町村コード": 204, "所在地": "島根県益田市あけぼの東町１－７", "緯度": 34.678048, "経度": 131.842225, "url": "https://www.iryou.teikyouseido.mhlw.go.jp/znk-web/juminkanja/S2430/initialize?prefCd=32&kikanCd=5325805310&kikanKbn=5", "url2": null, "内容": "オール薬局益田店【5:薬局】島根県益田市あけぼの東町１－７" }, "geometry": { "type": "Point", "coordinates": [ 131.842225, 34.678048 ] } },
{ "type": "Feature", "properties": { "ID": 3255325805440, "正式名称": "有限会社　めぐみ薬局", "機関区分": 5, "都道府県コード": 32, "市区町村コード": 204, "所在地": "島根県益田市横田町２５３３番地１", "緯度": 34.635061, "経度": 131.798246, "url": "https://www.iryou.teikyouseido.mhlw.go.jp/znk-web/juminkanja/S2430/initialize?prefCd=32&kikanCd=5325805440&kikanKbn=5", "url2": "http://megumi-ph.com/recruit.html", "内容": "有限会社　めぐみ薬局【5:薬局】島根県益田市横田町２５３３番地１" }, "geometry": { "type": "Point", "coordinates": [ 131.798246, 34.635061 ] } },
{ "type": "Feature", "properties": { "ID": 3255325805570, "正式名称": "大谷仁成堂薬局　松ヶ丘店", "機関区分": 5, "都道府県コード": 32, "市区町村コード": 204, "所在地": "島根県益田市高津４丁目２４番８号", "緯度": 34.684775, "経度": 131.803456, "url": "https://www.iryou.teikyouseido.mhlw.go.jp/znk-web/juminkanja/S2430/initialize?prefCd=32&kikanCd=5325805570&kikanKbn=5", "url2": "http://www.jinsei-do.co.jp/", "内容": "大谷仁成堂薬局　松ヶ丘店【5:薬局】島根県益田市高津４丁目２４番８号" }, "geometry": { "type": "Point", "coordinates": [ 131.803456, 34.684775 ] } },
{ "type": "Feature", "properties": { "ID": 3255325805730, "正式名称": "株式会社なのはな薬局", "機関区分": 5, "都道府県コード": 32, "市区町村コード": 204, "所在地": "島根県益田市駅前町３３－１４", "緯度": 34.678248, "経度": 131.835488, "url": "https://www.iryou.teikyouseido.mhlw.go.jp/znk-web/juminkanja/S2430/initialize?prefCd=32&kikanCd=5325805730&kikanKbn=5", "url2": null, "内容": "株式会社なのはな薬局【5:薬局】島根県益田市駅前町３３－１４" }, "geometry": { "type": "Point", "coordinates": [ 131.835488, 34.678248 ] } },
{ "type": "Feature", "properties": { "ID": 3255325805860, "正式名称": "調剤薬局サンズ", "機関区分": 5, "都道府県コード": 32, "市区町村コード": 204, "所在地": "島根県益田市かもしま東町９－７", "緯度": 34.693977, "経度": 131.834595, "url": "https://www.iryou.teikyouseido.mhlw.go.jp/znk-web/juminkanja/S2430/initialize?prefCd=32&kikanCd=5325805860&kikanKbn=5", "url2": null, "内容": "調剤薬局サンズ【5:薬局】島根県益田市かもしま東町９－７" }, "geometry": { "type": "Point", "coordinates": [ 131.834595, 34.693977 ] } },
{ "type": "Feature", "properties": { "ID": 3255325805990, "正式名称": "エスマイル薬局益田店", "機関区分": 5, "都道府県コード": 32, "市区町村コード": 204, "所在地": "島根県益田市中島町ロ６０５番１", "緯度": 34.68482, "経度": 131.833513, "url": "https://www.iryou.teikyouseido.mhlw.go.jp/znk-web/juminkanja/S2430/initialize?prefCd=32&kikanCd=5325805990&kikanKbn=5", "url2": "https://www.ssmile.co.jp", "内容": "エスマイル薬局益田店【5:薬局】島根県益田市中島町ロ６０５番１" }, "geometry": { "type": "Point", "coordinates": [ 131.833513, 34.68482 ] } },
{ "type": "Feature", "properties": { "ID": 3255325806030, "正式名称": "すみれ薬局", "機関区分": 5, "都道府県コード": 32, "市区町村コード": 505, "所在地": "島根県鹿足郡吉賀町柿木３１０－１", "緯度": 34.438021, "経度": 131.865838, "url": "https://www.iryou.teikyouseido.mhlw.go.jp/znk-web/juminkanja/S2430/initialize?prefCd=32&kikanCd=5325806030&kikanKbn=5", "url2": "https://www.pelican-pharmacy.jp/", "内容": "すみれ薬局【5:薬局】島根県鹿足郡吉賀町柿木３１０－１" }, "geometry": { "type": "Point", "coordinates": [ 131.865838, 34.438021 ] } },
{ "type": "Feature", "properties": { "ID": 3255325806160, "正式名称": "さくら薬局", "機関区分": 5, "都道府県コード": 32, "市区町村コード": 501, "所在地": "島根県鹿足郡津和野町鷲原イ２０８－１", "緯度": 34.450828, "経度": 131.761928, "url": "https://www.iryou.teikyouseido.mhlw.go.jp/znk-web/juminkanja/S2430/initialize?prefCd=32&kikanCd=5325806160&kikanKbn=5", "url2": null, "内容": "さくら薬局【5:薬局】島根県鹿足郡津和野町鷲原イ２０８－１" }, "geometry": { "type": "Point", "coordinates": [ 131.761928, 34.450828 ] } },
{ "type": "Feature", "properties": { "ID": 3255325806320, "正式名称": "ウェルネス薬局益田日赤病院前店", "機関区分": 5, "都道府県コード": 32, "市区町村コード": 204, "所在地": "島根県益田市乙吉町イ１０２－１", "緯度": 34.682805, "経度": 131.842231, "url": "https://www.iryou.teikyouseido.mhlw.go.jp/znk-web/juminkanja/S2430/initialize?prefCd=32&kikanCd=5325806320&kikanKbn=5", "url2": "https://www.wellness-web.co.jp/", "内容": "ウェルネス薬局益田日赤病院前店【5:薬局】島根県益田市乙吉町イ１０２－１" }, "geometry": { "type": "Point", "coordinates": [ 131.842231, 34.682805 ] } },
{ "type": "Feature", "properties": { "ID": 3255325806450, "正式名称": "ファーマシィ薬局益田センター", "機関区分": 5, "都道府県コード": 32, "市区町村コード": 204, "所在地": "島根県益田市乙吉町イ１０３の１", "緯度": 34.683649, "経度": 131.842016, "url": "https://www.iryou.teikyouseido.mhlw.go.jp/znk-web/juminkanja/S2430/initialize?prefCd=32&kikanCd=5325806450&kikanKbn=5", "url2": "https://www.pharmacy-net.co.jp/", "内容": "ファーマシィ薬局益田センター【5:薬局】島根県益田市乙吉町イ１０３の１" }, "geometry": { "type": "Point", "coordinates": [ 131.842016, 34.683649 ] } },
{ "type": "Feature", "properties": { "ID": 3255325806580, "正式名称": "みと薬局", "機関区分": 5, "都道府県コード": 32, "市区町村コード": 204, "所在地": "島根県益田市美都町都茂１８１３‐４", "緯度": 34.666366, "経度": 131.985226, "url": "https://www.iryou.teikyouseido.mhlw.go.jp/znk-web/juminkanja/S2430/initialize?prefCd=32&kikanCd=5325806580&kikanKbn=5", "url2": "https://misato-pharmacy.jp/shop/21", "内容": "みと薬局【5:薬局】島根県益田市美都町都茂１８１３‐４" }, "geometry": { "type": "Point", "coordinates": [ 131.985226, 34.666366 ] } },
{ "type": "Feature", "properties": { "ID": 3255325806740, "正式名称": "ウエルシア薬局　益田駅前店", "機関区分": 5, "都道府県コード": 32, "市区町村コード": 204, "所在地": "島根県益田市駅前町１７番１", "緯度": 34.676983, "経度": 131.839721, "url": "https://www.iryou.teikyouseido.mhlw.go.jp/znk-web/juminkanja/S2430/initialize?prefCd=32&kikanCd=5325806740&kikanKbn=5", "url2": "https://www.welcia-yakkyoku.co.jp/", "内容": "ウエルシア薬局　益田駅前店【5:薬局】島根県益田市駅前町１７番１" }, "geometry": { "type": "Point", "coordinates": [ 131.839721, 34.676983 ] } },
{ "type": "Feature", "properties": { "ID": 3255325806870, "正式名称": "サイトウ薬局", "機関区分": 5, "都道府県コード": 32, "市区町村コード": 505, "所在地": "島根県鹿足郡吉賀町七日市９０２番地", "緯度": 34.388054, "経度": 131.891091, "url": "https://www.iryou.teikyouseido.mhlw.go.jp/znk-web/juminkanja/S2430/initialize?prefCd=32&kikanCd=5325806870&kikanKbn=5", "url2": null, "内容": "サイトウ薬局【5:薬局】島根県鹿足郡吉賀町七日市９０２番地" }, "geometry": { "type": "Point", "coordinates": [ 131.891091, 34.388054 ] } },
{ "type": "Feature", "properties": { "ID": 3255325807170, "正式名称": "てるてる薬局", "機関区分": 5, "都道府県コード": 32, "市区町村コード": 501, "所在地": "島根県鹿足郡津和野町後田ロ３９３－１ＮＴＴビル　１階", "緯度": 34.469123, "経度": 131.76811, "url": "https://www.iryou.teikyouseido.mhlw.go.jp/znk-web/juminkanja/S2430/initialize?prefCd=32&kikanCd=5325807170&kikanKbn=5", "url2": null, "内容": "てるてる薬局【5:薬局】島根県鹿足郡津和野町後田ロ３９３－１ＮＴＴビル　１階" }, "geometry": { "type": "Point", "coordinates": [ 131.76811, 34.469123 ] } },
{ "type": "Feature", "properties": { "ID": 3255325807200, "正式名称": "イオン薬局益田店", "機関区分": 5, "都道府県コード": 32, "市区町村コード": 204, "所在地": "島根県益田市乙吉町イ９５－１０", "緯度": 34.683842, "経度": 131.842653, "url": "https://www.iryou.teikyouseido.mhlw.go.jp/znk-web/juminkanja/S2430/initialize?prefCd=32&kikanCd=5325807200&kikanKbn=5", "url2": null, "内容": "イオン薬局益田店【5:薬局】島根県益田市乙吉町イ９５－１０" }, "geometry": { "type": "Point", "coordinates": [ 131.842653, 34.683842 ] } },
{ "type": "Feature", "properties": { "ID": 3255325807460, "正式名称": "コトノ葉薬局", "機関区分": 5, "都道府県コード": 32, "市区町村コード": 204, "所在地": "島根県益田市あけぼの西町１３－２０", "緯度": 34.68117, "経度": 131.839254, "url": "https://www.iryou.teikyouseido.mhlw.go.jp/znk-web/juminkanja/S2430/initialize?prefCd=32&kikanCd=5325807460&kikanKbn=5", "url2": null, "内容": "コトノ葉薬局【5:薬局】島根県益田市あけぼの西町１３－２０" }, "geometry": { "type": "Point", "coordinates": [ 131.839254, 34.68117 ] } },
{ "type": "Feature", "properties": { "ID": 3255325807590, "正式名称": "大谷仁成堂薬局乙吉店", "機関区分": 5, "都道府県コード": 32, "市区町村コード": 204, "所在地": "島根県益田市乙吉町イ３２２－１０", "緯度": 34.682289, "経度": 131.844828, "url": "https://www.iryou.teikyouseido.mhlw.go.jp/znk-web/juminkanja/S2430/initialize?prefCd=32&kikanCd=5325807590&kikanKbn=5", "url2": null, "内容": "大谷仁成堂薬局乙吉店【5:薬局】島根県益田市乙吉町イ３２２－１０" }, "geometry": { "type": "Point", "coordinates": [ 131.844828, 34.682289 ] } },
{ "type": "Feature", "properties": { "ID": 3255325807620, "正式名称": "リリィ薬局", "機関区分": 5, "都道府県コード": 32, "市区町村コード": 204, "所在地": "島根県益田市乙吉町イ９０－１７", "緯度": 34.684832, "経度": 131.843396, "url": "https://www.iryou.teikyouseido.mhlw.go.jp/znk-web/juminkanja/S2430/initialize?prefCd=32&kikanCd=5325807620&kikanKbn=5", "url2": "https://www.halupharmacy.jp/", "内容": "リリィ薬局【5:薬局】島根県益田市乙吉町イ９０－１７" }, "geometry": { "type": "Point", "coordinates": [ 131.843396, 34.684832 ] } },
{ "type": "Feature", "properties": { "ID": 3255325807750, "正式名称": "コタロー薬局", "機関区分": 5, "都道府県コード": 32, "市区町村コード": 204, "所在地": "島根県益田市久城町９１９－２", "緯度": 34.705081, "経度": 131.84805, "url": "https://www.iryou.teikyouseido.mhlw.go.jp/znk-web/juminkanja/S2430/initialize?prefCd=32&kikanCd=5325807750&kikanKbn=5", "url2": "https://ship-ph.co.jp/menu/%e3%82%b3%e3%82%bf%e3%83%ad%e3%83%bc%e8%96%ac%e5%b1%80/", "内容": "コタロー薬局【5:薬局】島根県益田市久城町９１９－２" }, "geometry": { "type": "Point", "coordinates": [ 131.84805, 34.705081 ] } },
{ "type": "Feature", "properties": { "ID": 3255325807880, "正式名称": "日星薬局", "機関区分": 5, "都道府県コード": 32, "市区町村コード": 501, "所在地": "島根県鹿足郡津和野町枕瀬１８９－７", "緯度": 34.542621, "経度": 131.836035, "url": "https://www.iryou.teikyouseido.mhlw.go.jp/znk-web/juminkanja/S2430/initialize?prefCd=32&kikanCd=5325807880&kikanKbn=5", "url2": "https://ship-ph.co.jp/", "内容": "日星薬局【5:薬局】島根県鹿足郡津和野町枕瀬１８９－７" }, "geometry": { "type": "Point", "coordinates": [ 131.836035, 34.542621 ] } },
{ "type": "Feature", "properties": { "ID": 3255326100520, "正式名称": "川本おりづる薬局", "機関区分": 5, "都道府県コード": 32, "市区町村コード": 441, "所在地": "島根県邑智郡川本町川本３８４－７", "緯度": 34.991134, "経度": 132.495289, "url": "https://www.iryou.teikyouseido.mhlw.go.jp/znk-web/juminkanja/S2430/initialize?prefCd=32&kikanCd=5326100520&kikanKbn=5", "url2": "https://www.kiyoshi-pharmacy.com/home", "内容": "川本おりづる薬局【5:薬局】島根県邑智郡川本町川本３８４－７" }, "geometry": { "type": "Point", "coordinates": [ 132.495289, 34.991134 ] } },
{ "type": "Feature", "properties": { "ID": 3255326101240, "正式名称": "久手薬局", "機関区分": 5, "都道府県コード": 32, "市区町村コード": 205, "所在地": "島根県大田市久手町刺鹿２７３１番地２", "緯度": 35.229408, "経度": 132.505633, "url": "https://www.iryou.teikyouseido.mhlw.go.jp/znk-web/juminkanja/S2430/initialize?prefCd=32&kikanCd=5326101240&kikanKbn=5", "url2": null, "内容": "久手薬局【5:薬局】島根県大田市久手町刺鹿２７３１番地２" }, "geometry": { "type": "Point", "coordinates": [ 132.505633, 35.229408 ] } },
{ "type": "Feature", "properties": { "ID": 3255326101530, "正式名称": "スイング大田薬局", "機関区分": 5, "都道府県コード": 32, "市区町村コード": 205, "所在地": "島根県大田市大田町大田イ１０２ー９", "緯度": 35.197329, "経度": 132.501263, "url": "https://www.iryou.teikyouseido.mhlw.go.jp/znk-web/juminkanja/S2430/initialize?prefCd=32&kikanCd=5326101530&kikanKbn=5", "url2": "http://www.ssmile.co.jp/store.php?SID=42", "内容": "スイング大田薬局【5:薬局】島根県大田市大田町大田イ１０２ー９" }, "geometry": { "type": "Point", "coordinates": [ 132.501263, 35.197329 ] } },
{ "type": "Feature", "properties": { "ID": 3255326101820, "正式名称": "ファーマシィ薬局さかえ", "機関区分": 5, "都道府県コード": 32, "市区町村コード": 205, "所在地": "島根県大田市仁摩町仁万５６２－１", "緯度": 35.149003, "経度": 132.406103, "url": "https://www.iryou.teikyouseido.mhlw.go.jp/znk-web/juminkanja/S2430/initialize?prefCd=32&kikanCd=5326101820&kikanKbn=5", "url2": "https://www.pharmacy-net.co.jp", "内容": "ファーマシィ薬局さかえ【5:薬局】島根県大田市仁摩町仁万５６２－１" }, "geometry": { "type": "Point", "coordinates": [ 132.406103, 35.149003 ] } },
{ "type": "Feature", "properties": { "ID": 3255326102090, "正式名称": "なるたき薬局", "機関区分": 5, "都道府県コード": 32, "市区町村コード": 205, "所在地": "島根県大田市大田町大田ロ１０３１－６", "緯度": 35.197803, "経度": 132.50294, "url": "https://www.iryou.teikyouseido.mhlw.go.jp/znk-web/juminkanja/S2430/initialize?prefCd=32&kikanCd=5326102090&kikanKbn=5", "url2": null, "内容": "なるたき薬局【5:薬局】島根県大田市大田町大田ロ１０３１－６" }, "geometry": { "type": "Point", "coordinates": [ 132.50294, 35.197803 ] } },
{ "type": "Feature", "properties": { "ID": 3255326102250, "正式名称": "だいわ薬局", "機関区分": 5, "都道府県コード": 32, "市区町村コード": 448, "所在地": "島根県邑智郡美郷町都賀本郷１６３", "緯度": 34.957692, "経度": 132.643677, "url": "https://www.iryou.teikyouseido.mhlw.go.jp/znk-web/juminkanja/S2430/initialize?prefCd=32&kikanCd=5326102250&kikanKbn=5", "url2": "https://misato-pharmacy.jp/", "内容": "だいわ薬局【5:薬局】島根県邑智郡美郷町都賀本郷１６３" }, "geometry": { "type": "Point", "coordinates": [ 132.643677, 34.957692 ] } },
{ "type": "Feature", "properties": { "ID": 3255326102410, "正式名称": "山崎薬局", "機関区分": 5, "都道府県コード": 32, "市区町村コード": 205, "所在地": "島根県大田市大田町大田ロ９２８", "緯度": 35.191505, "経度": 132.505, "url": "https://www.iryou.teikyouseido.mhlw.go.jp/znk-web/juminkanja/S2430/initialize?prefCd=32&kikanCd=5326102410&kikanKbn=5", "url2": "https://www.ssmile.co.jp/", "内容": "山崎薬局【5:薬局】島根県大田市大田町大田ロ９２８" }, "geometry": { "type": "Point", "coordinates": [ 132.505, 35.191505 ] } },
{ "type": "Feature", "properties": { "ID": 3255326102540, "正式名称": "大田いちご調剤薬局", "機関区分": 5, "都道府県コード": 32, "市区町村コード": 205, "所在地": "島根県大田市波根町２１２６－５", "緯度": 35.244721, "経度": 132.531665, "url": "https://www.iryou.teikyouseido.mhlw.go.jp/znk-web/juminkanja/S2430/initialize?prefCd=32&kikanCd=5326102540&kikanKbn=5", "url2": "https://ichigo-group.jp/publics/index/34/", "内容": "大田いちご調剤薬局【5:薬局】島根県大田市波根町２１２６－５" }, "geometry": { "type": "Point", "coordinates": [ 132.531665, 35.244721 ] } },
{ "type": "Feature", "properties": { "ID": 3255326102700, "正式名称": "なの花薬局石見長久店", "機関区分": 5, "都道府県コード": 32, "市区町村コード": 205, "所在地": "島根県大田市長久町長久ロ２２５‐６", "緯度": 35.199581, "経度": 132.489199, "url": "https://www.iryou.teikyouseido.mhlw.go.jp/znk-web/juminkanja/S2430/initialize?prefCd=32&kikanCd=5326102700&kikanKbn=5", "url2": null, "内容": "なの花薬局石見長久店【5:薬局】島根県大田市長久町長久ロ２２５‐６" }, "geometry": { "type": "Point", "coordinates": [ 132.489199, 35.199581 ] } },
{ "type": "Feature", "properties": { "ID": 3255326102960, "正式名称": "にま調剤薬局", "機関区分": 5, "都道府県コード": 32, "市区町村コード": 205, "所在地": "島根県大田市仁摩町仁万８６０", "緯度": 35.153309, "経度": 132.401347, "url": "https://www.iryou.teikyouseido.mhlw.go.jp/znk-web/juminkanja/S2430/initialize?prefCd=32&kikanCd=5326102960&kikanKbn=5", "url2": "https://www.nima-chouzai.com/", "内容": "にま調剤薬局【5:薬局】島根県大田市仁摩町仁万８６０" }, "geometry": { "type": "Point", "coordinates": [ 132.401347, 35.153309 ] } },
{ "type": "Feature", "properties": { "ID": 3255326103000, "正式名称": "メディ・くり薬局", "機関区分": 5, "都道府県コード": 32, "市区町村コード": 205, "所在地": "島根県大田市久利町久利７６７－１", "緯度": 35.153955, "経度": 132.475633, "url": "https://www.iryou.teikyouseido.mhlw.go.jp/znk-web/juminkanja/S2430/initialize?prefCd=32&kikanCd=5326103000&kikanKbn=5", "url2": "https://www.iwami.or.jp/tomo1/", "内容": "メディ・くり薬局【5:薬局】島根県大田市久利町久利７６７－１" }, "geometry": { "type": "Point", "coordinates": [ 132.475633, 35.153955 ] } },
{ "type": "Feature", "properties": { "ID": 3255326103130, "正式名称": "なの花薬局石見大田店", "機関区分": 5, "都道府県コード": 32, "市区町村コード": 205, "所在地": "島根県大田市大田町大田ロ１１８６－８", "緯度": 35.193699, "経度": 132.497206, "url": "https://www.iryou.teikyouseido.mhlw.go.jp/znk-web/juminkanja/S2430/initialize?prefCd=32&kikanCd=5326103130&kikanKbn=5", "url2": "https://www.nanohana-ph.jp/", "内容": "なの花薬局石見大田店【5:薬局】島根県大田市大田町大田ロ１１８６－８" }, "geometry": { "type": "Point", "coordinates": [ 132.497206, 35.193699 ] } },
{ "type": "Feature", "properties": { "ID": 3255326103260, "正式名称": "ウェルネス薬局大田店", "機関区分": 5, "都道府県コード": 32, "市区町村コード": 205, "所在地": "島根県大田市長久町長久ロ２６４－１３", "緯度": 35.198944, "経度": 132.490349, "url": "https://www.iryou.teikyouseido.mhlw.go.jp/znk-web/juminkanja/S2430/initialize?prefCd=32&kikanCd=5326103260&kikanKbn=5", "url2": "https://www.wellness-web.co.jp/", "内容": "ウェルネス薬局大田店【5:薬局】島根県大田市長久町長久ロ２６４－１３" }, "geometry": { "type": "Point", "coordinates": [ 132.490349, 35.198944 ] } },
{ "type": "Feature", "properties": { "ID": 3255326103420, "正式名称": "とびうお薬局", "機関区分": 5, "都道府県コード": 32, "市区町村コード": 205, "所在地": "島根県大田市大田町大田ロ１１８１－１９", "緯度": 35.1956, "経度": 132.496234, "url": "https://www.iryou.teikyouseido.mhlw.go.jp/znk-web/juminkanja/S2430/initialize?prefCd=32&kikanCd=5326103420&kikanKbn=5", "url2": null, "内容": "とびうお薬局【5:薬局】島根県大田市大田町大田ロ１１８１－１９" }, "geometry": { "type": "Point", "coordinates": [ 132.496234, 35.1956 ] } },
{ "type": "Feature", "properties": { "ID": 3255326103550, "正式名称": "ふわり薬局", "機関区分": 5, "都道府県コード": 32, "市区町村コード": 449, "所在地": "島根県邑智郡邑南町矢上３８５４－２", "緯度": 34.889533, "経度": 132.440926, "url": "https://www.iryou.teikyouseido.mhlw.go.jp/znk-web/juminkanja/S2430/initialize?prefCd=32&kikanCd=5326103550&kikanKbn=5", "url2": "https://pharmacy-fuwari2020.business.site/", "内容": "ふわり薬局【5:薬局】島根県邑智郡邑南町矢上３８５４－２" }, "geometry": { "type": "Point", "coordinates": [ 132.440926, 34.889533 ] } },
{ "type": "Feature", "properties": { "ID": 3255326103680, "正式名称": "株式会社山藤薬局井田支店", "機関区分": 5, "都道府県コード": 32, "市区町村コード": 205, "所在地": "島根県大田市温泉津町井田ロ２５５", "緯度": 35.032193, "経度": 132.386296, "url": "https://www.iryou.teikyouseido.mhlw.go.jp/znk-web/juminkanja/S2430/initialize?prefCd=32&kikanCd=5326103680&kikanKbn=5", "url2": null, "内容": "株式会社山藤薬局井田支店【5:薬局】島根県大田市温泉津町井田ロ２５５" }, "geometry": { "type": "Point", "coordinates": [ 132.386296, 35.032193 ] } },
{ "type": "Feature", "properties": { "ID": 3255326103710, "正式名称": "やまびこ薬局", "機関区分": 5, "都道府県コード": 32, "市区町村コード": 205, "所在地": "島根県大田市大田町大田イ４７－１", "緯度": 35.198002, "経度": 132.499159, "url": "https://www.iryou.teikyouseido.mhlw.go.jp/znk-web/juminkanja/S2430/initialize?prefCd=32&kikanCd=5326103710&kikanKbn=5", "url2": "http://www.iwami.or.jp/tomo1/", "内容": "やまびこ薬局【5:薬局】島根県大田市大田町大田イ４７－１" }, "geometry": { "type": "Point", "coordinates": [ 132.499159, 35.198002 ] } },
{ "type": "Feature", "properties": { "ID": 3255326103840, "正式名称": "ファーマシィ薬局しまね大田", "機関区分": 5, "都道府県コード": 32, "市区町村コード": 205, "所在地": "島根県大田市大田町吉永柳ヶ坪１５６４－３", "緯度": 35.182146, "経度": 132.501658, "url": "https://www.iryou.teikyouseido.mhlw.go.jp/znk-web/juminkanja/S2430/initialize?prefCd=32&kikanCd=5326103840&kikanKbn=5", "url2": "https://www.pharmacy-net.co.jp/", "内容": "ファーマシィ薬局しまね大田【5:薬局】島根県大田市大田町吉永柳ヶ坪１５６４－３" }, "geometry": { "type": "Point", "coordinates": [ 132.501658, 35.182146 ] } },
{ "type": "Feature", "properties": { "ID": 3255326104010, "正式名称": "ココカラファイン薬局　大田市立病院店", "機関区分": 5, "都道府県コード": 32, "市区町村コード": 205, "所在地": "島根県大田市大田町吉永", "緯度": 35.18054, "経度": 132.50078, "url": "https://www.iryou.teikyouseido.mhlw.go.jp/znk-web/juminkanja/S2430/initialize?prefCd=32&kikanCd=5326104010&kikanKbn=5", "url2": "https://www.matsukiyococokara-online.com/map?kid=20002613", "内容": "ココカラファイン薬局　大田市立病院店【5:薬局】島根県大田市大田町吉永" }, "geometry": { "type": "Point", "coordinates": [ 132.50078, 35.18054 ] } },
{ "type": "Feature", "properties": { "ID": 3255326104140, "正式名称": "エスマイル薬局邑南店", "機関区分": 5, "都道府県コード": 32, "市区町村コード": 449, "所在地": "島根県邑智郡邑南町中野３８４８－２", "緯度": 34.896193, "経度": 132.452938, "url": "https://www.iryou.teikyouseido.mhlw.go.jp/znk-web/juminkanja/S2430/initialize?prefCd=32&kikanCd=5326104140&kikanKbn=5", "url2": "https://www.ssmile.co.jp/", "内容": "エスマイル薬局邑南店【5:薬局】島根県邑智郡邑南町中野３８４８－２" }, "geometry": { "type": "Point", "coordinates": [ 132.452938, 34.896193 ] } },
{ "type": "Feature", "properties": { "ID": 3255326104270, "正式名称": "かわい薬局", "機関区分": 5, "都道府県コード": 32, "市区町村コード": 205, "所在地": "島根県大田市川合町川合１２４３－１", "緯度": 35.153762, "経度": 132.510856, "url": "https://www.iryou.teikyouseido.mhlw.go.jp/znk-web/juminkanja/S2430/initialize?prefCd=32&kikanCd=5326104270&kikanKbn=5", "url2": null, "内容": "かわい薬局【5:薬局】島根県大田市川合町川合１２４３－１" }, "geometry": { "type": "Point", "coordinates": [ 132.510856, 35.153762 ] } },
{ "type": "Feature", "properties": { "ID": 3255326104300, "正式名称": "美郷ふるさと薬局", "機関区分": 5, "都道府県コード": 32, "市区町村コード": 448, "所在地": "島根県邑智郡美郷町粕渕３６５－１", "緯度": 35.074164, "経度": 132.589889, "url": "https://www.iryou.teikyouseido.mhlw.go.jp/znk-web/juminkanja/S2430/initialize?prefCd=32&kikanCd=5326104300&kikanKbn=5", "url2": null, "内容": "美郷ふるさと薬局【5:薬局】島根県邑智郡美郷町粕渕３６５－１" }, "geometry": { "type": "Point", "coordinates": [ 132.589889, 35.074164 ] } },
{ "type": "Feature", "properties": { "ID": 3255326104430, "正式名称": "ウェルネス薬局大田中央店", "機関区分": 5, "都道府県コード": 32, "市区町村コード": 205, "所在地": "島根県大田市大田町大田", "緯度": 35.197024, "経度": 132.500976, "url": "https://www.iryou.teikyouseido.mhlw.go.jp/znk-web/juminkanja/S2430/initialize?prefCd=32&kikanCd=5326104430&kikanKbn=5", "url2": "https://shop.tsuruha-g.com/3047", "内容": "ウェルネス薬局大田中央店【5:薬局】島根県大田市大田町大田" }, "geometry": { "type": "Point", "coordinates": [ 132.500976, 35.197024 ] } },
{ "type": "Feature", "properties": { "ID": 3255326104690, "正式名称": "かわもと薬局", "機関区分": 5, "都道府県コード": 32, "市区町村コード": 441, "所在地": "島根県邑智郡川本町大字川本５２５－２", "緯度": 34.992714, "経度": 132.494317, "url": "https://www.iryou.teikyouseido.mhlw.go.jp/znk-web/juminkanja/S2430/initialize?prefCd=32&kikanCd=5326104690&kikanKbn=5", "url2": null, "内容": "かわもと薬局【5:薬局】島根県邑智郡川本町大字川本５２５－２" }, "geometry": { "type": "Point", "coordinates": [ 132.494317, 34.992714 ] } },
{ "type": "Feature", "properties": { "ID": 3255326200840, "正式名称": "スイング島前薬局", "機関区分": 5, "都道府県コード": 32, "市区町村コード": 526, "所在地": "島根県隠岐郡西ノ島町美田２０６８－２", "緯度": 36.106193, "経度": 133.036525, "url": "https://www.iryou.teikyouseido.mhlw.go.jp/znk-web/juminkanja/S2430/initialize?prefCd=32&kikanCd=5326200840&kikanKbn=5", "url2": null, "内容": "スイング島前薬局【5:薬局】島根県隠岐郡西ノ島町美田２０６８－２" }, "geometry": { "type": "Point", "coordinates": [ 133.036525, 36.106193 ] } },
{ "type": "Feature", "properties": { "ID": 3255326200970, "正式名称": "スイングおき薬局", "機関区分": 5, "都道府県コード": 32, "市区町村コード": 528, "所在地": "島根県隠岐郡隠岐の島町城北町３５５－３", "緯度": 36.215724, "経度": 133.318102, "url": "https://www.iryou.teikyouseido.mhlw.go.jp/znk-web/juminkanja/S2430/initialize?prefCd=32&kikanCd=5326200970&kikanKbn=5", "url2": "http://www.ssmile.co.jp/", "内容": "スイングおき薬局【5:薬局】島根県隠岐郡隠岐の島町城北町３５５－３" }, "geometry": { "type": "Point", "coordinates": [ 133.318102, 36.215724 ] } },
{ "type": "Feature", "properties": { "ID": 3255326201010, "正式名称": "くすりのさかい", "機関区分": 5, "都道府県コード": 32, "市区町村コード": 528, "所在地": "島根県隠岐郡隠岐の島町城北町３７６サンテラス内", "緯度": 36.216133, "経度": 133.316517, "url": "https://www.iryou.teikyouseido.mhlw.go.jp/znk-web/juminkanja/S2430/initialize?prefCd=32&kikanCd=5326201010&kikanKbn=5", "url2": null, "内容": "くすりのさかい【5:薬局】島根県隠岐郡隠岐の島町城北町３７６サンテラス内" }, "geometry": { "type": "Point", "coordinates": [ 133.316517, 36.216133 ] } }
]
}
