{
  "type": "FeatureCollection",
  "features": [
    {
      "type": "Feature",
      "geometry": {
        "type": "Point",
        "coordinates": [
          132.6931348,
          35.3890789
        ]
      },
      "properties": {
        "内容": "バス停: 南原",
        "name": "南原",
        "operator": "事業者不明",
        "ref": "",
        "url": "",
        "url2": ""
      }
    },
    {
      "type": "Feature",
      "geometry": {
        "type": "Point",
        "coordinates": [
          132.2613466,
          34.8732225
        ]
      },
      "properties": {
        "内容": "バス停: 旭インター",
        "name": "旭インター",
        "operator": "事業者不明",
        "ref": "",
        "url": "",
        "url2": ""
      }
    },
    {
      "type": "Feature",
      "geometry": {
        "type": "Point",
        "coordinates": [
          132.088949,
          34.9025402
        ]
      },
      "properties": {
        "内容": "バス停: 浜田駅前 (広電バス)",
        "name": "浜田駅前",
        "operator": "広電バス",
        "ref": "",
        "url": "",
        "url2": ""
      }
    },
    {
      "type": "Feature",
      "geometry": {
        "type": "Point",
        "coordinates": [
          132.4004609,
          34.8299246
        ]
      },
      "properties": {
        "内容": "バス停: 瑞穂インター (広電バス)",
        "name": "瑞穂インター",
        "operator": "広電バス",
        "ref": "",
        "url": "",
        "url2": ""
      }
    },
    {
      "type": "Feature",
      "geometry": {
        "type": "Point",
        "coordinates": [
          132.3032138,
          34.8631742
        ]
      },
      "properties": {
        "内容": "バス停: 重富バスストップ",
        "name": "重富バスストップ",
        "operator": "事業者不明",
        "ref": "",
        "url": "",
        "url2": ""
      }
    },
    {
      "type": "Feature",
      "geometry": {
        "type": "Point",
        "coordinates": [
          132.3033202,
          34.863119
        ]
      },
      "properties": {
        "内容": "バス停: 重富バスストップ",
        "name": "重富バスストップ",
        "operator": "事業者不明",
        "ref": "",
        "url": "",
        "url2": ""
      }
    },
    {
      "type": "Feature",
      "geometry": {
        "type": "Point",
        "coordinates": [
          132.6828076,
          35.3999885
        ]
      },
      "properties": {
        "内容": "バス停: 出雲大社",
        "name": "出雲大社",
        "operator": "事業者不明",
        "ref": "",
        "url": "",
        "url2": ""
      }
    },
    {
      "type": "Feature",
      "geometry": {
        "type": "Point",
        "coordinates": [
          131.9066968,
          34.7545576
        ]
      },
      "properties": {
        "内容": "バス停: 標記用",
        "name": "標記用",
        "operator": "事業者不明",
        "ref": "",
        "url": "",
        "url2": ""
      }
    },
    {
      "type": "Feature",
      "geometry": {
        "type": "Point",
        "coordinates": [
          133.1802435,
          35.3683146
        ]
      },
      "properties": {
        "内容": "バス停: 月山入口",
        "name": "月山入口",
        "operator": "事業者不明",
        "ref": "",
        "url": "",
        "url2": ""
      }
    },
    {
      "type": "Feature",
      "geometry": {
        "type": "Point",
        "coordinates": [
          131.9457838,
          34.3505059
        ]
      },
      "properties": {
        "内容": "バス停: 名称不明バス停",
        "name": "名称不明バス停",
        "operator": "事業者不明",
        "ref": "",
        "url": "",
        "url2": ""
      }
    },
    {
      "type": "Feature",
      "geometry": {
        "type": "Point",
        "coordinates": [
          133.2596304,
          35.4285383
        ]
      },
      "properties": {
        "内容": "バス停: 安来駅前",
        "name": "安来駅前",
        "operator": "事業者不明",
        "ref": "",
        "url": "",
        "url2": ""
      }
    },
    {
      "type": "Feature",
      "geometry": {
        "type": "Point",
        "coordinates": [
          133.258659,
          35.4287125
        ]
      },
      "properties": {
        "内容": "バス停: 安来駅前",
        "name": "安来駅前",
        "operator": "事業者不明",
        "ref": "",
        "url": "",
        "url2": ""
      }
    },
    {
      "type": "Feature",
      "geometry": {
        "type": "Point",
        "coordinates": [
          133.2785477,
          35.4252804
        ]
      },
      "properties": {
        "内容": "バス停: 黒井田",
        "name": "黒井田",
        "operator": "事業者不明",
        "ref": "",
        "url": "",
        "url2": ""
      }
    },
    {
      "type": "Feature",
      "geometry": {
        "type": "Point",
        "coordinates": [
          133.2777109,
          35.4251405
        ]
      },
      "properties": {
        "内容": "バス停: 黒井田",
        "name": "黒井田",
        "operator": "事業者不明",
        "ref": "",
        "url": "",
        "url2": ""
      }
    },
    {
      "type": "Feature",
      "geometry": {
        "type": "Point",
        "coordinates": [
          133.0100067,
          35.1962341
        ]
      },
      "properties": {
        "内容": "バス停: 名称不明バス停",
        "name": "名称不明バス停",
        "operator": "事業者不明",
        "ref": "",
        "url": "",
        "url2": ""
      }
    },
    {
      "type": "Feature",
      "geometry": {
        "type": "Point",
        "coordinates": [
          132.9138312,
          35.3963911
        ]
      },
      "properties": {
        "内容": "バス停: 宍道（山陰道） (広電バス)",
        "name": "宍道（山陰道）",
        "operator": "広電バス",
        "ref": "",
        "url": "",
        "url2": ""
      }
    },
    {
      "type": "Feature",
      "geometry": {
        "type": "Point",
        "coordinates": [
          132.9143582,
          35.3961429
        ]
      },
      "properties": {
        "内容": "バス停: 宍道（山陰道） (広電バス)",
        "name": "宍道（山陰道）",
        "operator": "広電バス",
        "ref": "",
        "url": "",
        "url2": ""
      }
    },
    {
      "type": "Feature",
      "geometry": {
        "type": "Point",
        "coordinates": [
          131.772969,
          34.4688617
        ]
      },
      "properties": {
        "内容": "バス停: 本町入口",
        "name": "本町入口",
        "operator": "事業者不明",
        "ref": "",
        "url": "",
        "url2": ""
      }
    },
    {
      "type": "Feature",
      "geometry": {
        "type": "Point",
        "coordinates": [
          131.7724587,
          34.4679577
        ]
      },
      "properties": {
        "内容": "バス停: 津和野バスセンター",
        "name": "津和野バスセンター",
        "operator": "事業者不明",
        "ref": "",
        "url": "",
        "url2": ""
      }
    },
    {
      "type": "Feature",
      "geometry": {
        "type": "Point",
        "coordinates": [
          132.8885595,
          35.3580376
        ]
      },
      "properties": {
        "内容": "バス停: 加茂BS",
        "name": "加茂BS",
        "operator": "事業者不明",
        "ref": "",
        "url": "",
        "url2": ""
      }
    },
    {
      "type": "Feature",
      "geometry": {
        "type": "Point",
        "coordinates": [
          133.0518947,
          35.4717507
        ]
      },
      "properties": {
        "内容": "バス停: 国宝松江城県庁前",
        "name": "国宝松江城県庁前",
        "operator": "事業者不明",
        "ref": "",
        "url": "",
        "url2": ""
      }
    },
    {
      "type": "Feature",
      "geometry": {
        "type": "Point",
        "coordinates": [
          132.9916273,
          35.4780722
        ]
      },
      "properties": {
        "内容": "バス停: 授産センター前",
        "name": "授産センター前",
        "operator": "事業者不明",
        "ref": "",
        "url": "",
        "url2": ""
      }
    },
    {
      "type": "Feature",
      "geometry": {
        "type": "Point",
        "coordinates": [
          132.9811815,
          35.4778835
        ]
      },
      "properties": {
        "内容": "バス停: 運転免許センター",
        "name": "運転免許センター",
        "operator": "事業者不明",
        "ref": "",
        "url": "",
        "url2": ""
      }
    },
    {
      "type": "Feature",
      "geometry": {
        "type": "Point",
        "coordinates": [
          132.986891,
          35.4838319
        ]
      },
      "properties": {
        "内容": "バス停: 朝日ヶ丘西",
        "name": "朝日ヶ丘西",
        "operator": "事業者不明",
        "ref": "",
        "url": "",
        "url2": ""
      }
    },
    {
      "type": "Feature",
      "geometry": {
        "type": "Point",
        "coordinates": [
          132.9997269,
          35.4840635
        ]
      },
      "properties": {
        "内容": "バス停: 古江小学校入口",
        "name": "古江小学校入口",
        "operator": "事業者不明",
        "ref": "",
        "url": "",
        "url2": ""
      }
    },
    {
      "type": "Feature",
      "geometry": {
        "type": "Point",
        "coordinates": [
          132.991846,
          35.4780622
        ]
      },
      "properties": {
        "内容": "バス停: 授産センター前",
        "name": "授産センター前",
        "operator": "事業者不明",
        "ref": "",
        "url": "",
        "url2": ""
      }
    },
    {
      "type": "Feature",
      "geometry": {
        "type": "Point",
        "coordinates": [
          132.9901123,
          35.4801181
        ]
      },
      "properties": {
        "内容": "バス停: 古曽志公園入口",
        "name": "古曽志公園入口",
        "operator": "事業者不明",
        "ref": "",
        "url": "",
        "url2": ""
      }
    },
    {
      "type": "Feature",
      "geometry": {
        "type": "Point",
        "coordinates": [
          132.9872663,
          35.4810686
        ]
      },
      "properties": {
        "内容": "バス停: 朝日ヶ丘駅前",
        "name": "朝日ヶ丘駅前",
        "operator": "事業者不明",
        "ref": "",
        "url": "",
        "url2": ""
      }
    },
    {
      "type": "Feature",
      "geometry": {
        "type": "Point",
        "coordinates": [
          132.9926731,
          35.4767402
        ]
      },
      "properties": {
        "内容": "バス停: 授産センター",
        "name": "授産センター",
        "operator": "事業者不明",
        "ref": "",
        "url": "",
        "url2": ""
      }
    },
    {
      "type": "Feature",
      "geometry": {
        "type": "Point",
        "coordinates": [
          132.9875373,
          35.4815395
        ]
      },
      "properties": {
        "内容": "バス停: 朝日ヶ丘南",
        "name": "朝日ヶ丘南",
        "operator": "事業者不明",
        "ref": "",
        "url": "",
        "url2": ""
      }
    },
    {
      "type": "Feature",
      "geometry": {
        "type": "Point",
        "coordinates": [
          132.9875561,
          35.485383
        ]
      },
      "properties": {
        "内容": "バス停: 朝日ヶ丘北",
        "name": "朝日ヶ丘北",
        "operator": "事業者不明",
        "ref": "",
        "url": "",
        "url2": ""
      }
    },
    {
      "type": "Feature",
      "geometry": {
        "type": "Point",
        "coordinates": [
          132.9928954,
          35.4848037
        ]
      },
      "properties": {
        "内容": "バス停: 古曽志上組",
        "name": "古曽志上組",
        "operator": "事業者不明",
        "ref": "",
        "url": "",
        "url2": ""
      }
    },
    {
      "type": "Feature",
      "geometry": {
        "type": "Point",
        "coordinates": [
          132.9964531,
          35.4839549
        ]
      },
      "properties": {
        "内容": "バス停: 古曽志奥組",
        "name": "古曽志奥組",
        "operator": "事業者不明",
        "ref": "",
        "url": "",
        "url2": ""
      }
    },
    {
      "type": "Feature",
      "geometry": {
        "type": "Point",
        "coordinates": [
          132.9993309,
          35.4840531
        ]
      },
      "properties": {
        "内容": "バス停: 古江小学校入口",
        "name": "古江小学校入口",
        "operator": "事業者不明",
        "ref": "",
        "url": "",
        "url2": ""
      }
    },
    {
      "type": "Feature",
      "geometry": {
        "type": "Point",
        "coordinates": [
          133.0003121,
          35.4781605
        ]
      },
      "properties": {
        "内容": "バス停: 古江郵便局",
        "name": "古江郵便局",
        "operator": "事業者不明",
        "ref": "",
        "url": "",
        "url2": ""
      }
    },
    {
      "type": "Feature",
      "geometry": {
        "type": "Point",
        "coordinates": [
          133.0024495,
          35.476326
        ]
      },
      "properties": {
        "内容": "バス停: 寺津入口",
        "name": "寺津入口",
        "operator": "事業者不明",
        "ref": "",
        "url": "",
        "url2": ""
      }
    },
    {
      "type": "Feature",
      "geometry": {
        "type": "Point",
        "coordinates": [
          133.0048367,
          35.4763485
        ]
      },
      "properties": {
        "内容": "バス停: イングリッシュガーデン前",
        "name": "イングリッシュガーデン前",
        "operator": "事業者不明",
        "ref": "",
        "url": "",
        "url2": ""
      }
    },
    {
      "type": "Feature",
      "geometry": {
        "type": "Point",
        "coordinates": [
          133.0050767,
          35.4762636
        ]
      },
      "properties": {
        "内容": "バス停: イングリッシュガーデン前",
        "name": "イングリッシュガーデン前",
        "operator": "事業者不明",
        "ref": "",
        "url": "",
        "url2": ""
      }
    },
    {
      "type": "Feature",
      "geometry": {
        "type": "Point",
        "coordinates": [
          132.9872987,
          35.4853123
        ]
      },
      "properties": {
        "内容": "バス停: 朝日ヶ丘北",
        "name": "朝日ヶ丘北",
        "operator": "事業者不明",
        "ref": "",
        "url": "",
        "url2": ""
      }
    },
    {
      "type": "Feature",
      "geometry": {
        "type": "Point",
        "coordinates": [
          132.9961212,
          35.4840286
        ]
      },
      "properties": {
        "内容": "バス停: 古曽志奥組",
        "name": "古曽志奥組",
        "operator": "事業者不明",
        "ref": "",
        "url": "",
        "url2": ""
      }
    },
    {
      "type": "Feature",
      "geometry": {
        "type": "Point",
        "coordinates": [
          133.0951112,
          36.0950035
        ]
      },
      "properties": {
        "内容": "バス停: 中里十字路",
        "name": "中里十字路",
        "operator": "事業者不明",
        "ref": "",
        "url": "",
        "url2": ""
      }
    },
    {
      "type": "Feature",
      "geometry": {
        "type": "Point",
        "coordinates": [
          133.098802,
          36.0971123
        ]
      },
      "properties": {
        "内容": "バス停: 隠岐神社",
        "name": "隠岐神社",
        "operator": "事業者不明",
        "ref": "",
        "url": "",
        "url2": ""
      }
    },
    {
      "type": "Feature",
      "geometry": {
        "type": "Point",
        "coordinates": [
          133.0970565,
          36.096227
        ]
      },
      "properties": {
        "内容": "バス停: 役場前",
        "name": "役場前",
        "operator": "事業者不明",
        "ref": "",
        "url": "",
        "url2": ""
      }
    },
    {
      "type": "Feature",
      "geometry": {
        "type": "Point",
        "coordinates": [
          132.979395,
          35.5264216
        ]
      },
      "properties": {
        "内容": "バス停: 恵曇",
        "name": "恵曇",
        "operator": "事業者不明",
        "ref": "",
        "url": "",
        "url2": ""
      }
    },
    {
      "type": "Feature",
      "geometry": {
        "type": "Point",
        "coordinates": [
          132.9910861,
          35.4854877
        ]
      },
      "properties": {
        "内容": "バス停: 上組公民館",
        "name": "上組公民館",
        "operator": "事業者不明",
        "ref": "",
        "url": "",
        "url2": ""
      }
    },
    {
      "type": "Feature",
      "geometry": {
        "type": "Point",
        "coordinates": [
          133.085925,
          35.438132
        ]
      },
      "properties": {
        "内容": "バス停: 山代町",
        "name": "山代町",
        "operator": "事業者不明",
        "ref": "",
        "url": "",
        "url2": ""
      }
    },
    {
      "type": "Feature",
      "geometry": {
        "type": "Point",
        "coordinates": [
          133.1037877,
          35.4504754
        ]
      },
      "properties": {
        "内容": "バス停: 矢田",
        "name": "矢田",
        "operator": "事業者不明",
        "ref": "",
        "url": "",
        "url2": ""
      }
    },
    {
      "type": "Feature",
      "geometry": {
        "type": "Point",
        "coordinates": [
          131.7729201,
          34.4655482
        ]
      },
      "properties": {
        "内容": "バス停: 郷土館前",
        "name": "郷土館前",
        "operator": "事業者不明",
        "ref": "",
        "url": "",
        "url2": ""
      }
    },
    {
      "type": "Feature",
      "geometry": {
        "type": "Point",
        "coordinates": [
          131.7730134,
          34.4654891
        ]
      },
      "properties": {
        "内容": "バス停: 郷土館前",
        "name": "郷土館前",
        "operator": "事業者不明",
        "ref": "",
        "url": "",
        "url2": ""
      }
    },
    {
      "type": "Feature",
      "geometry": {
        "type": "Point",
        "coordinates": [
          131.889748,
          34.3874406
        ]
      },
      "properties": {
        "内容": "バス停: 名称不明バス停",
        "name": "名称不明バス停",
        "operator": "事業者不明",
        "ref": "",
        "url": "",
        "url2": ""
      }
    },
    {
      "type": "Feature",
      "geometry": {
        "type": "Point",
        "coordinates": [
          133.044796,
          35.4807941
        ]
      },
      "properties": {
        "内容": "バス停: 黒田町井出の内",
        "name": "黒田町井出の内",
        "operator": "事業者不明",
        "ref": "",
        "url": "",
        "url2": ""
      }
    },
    {
      "type": "Feature",
      "geometry": {
        "type": "Point",
        "coordinates": [
          133.0448282,
          35.4801156
        ]
      },
      "properties": {
        "内容": "バス停: 黒田町井出の内",
        "name": "黒田町井出の内",
        "operator": "事業者不明",
        "ref": "",
        "url": "",
        "url2": ""
      }
    },
    {
      "type": "Feature",
      "geometry": {
        "type": "Point",
        "coordinates": [
          133.2785417,
          35.4264952
        ]
      },
      "properties": {
        "内容": "バス停: 鉄工団地",
        "name": "鉄工団地",
        "operator": "事業者不明",
        "ref": "",
        "url": "",
        "url2": ""
      }
    },
    {
      "type": "Feature",
      "geometry": {
        "type": "Point",
        "coordinates": [
          133.2798277,
          35.4282758
        ]
      },
      "properties": {
        "内容": "バス停: 鉄工団地北",
        "name": "鉄工団地北",
        "operator": "事業者不明",
        "ref": "",
        "url": "",
        "url2": ""
      }
    },
    {
      "type": "Feature",
      "geometry": {
        "type": "Point",
        "coordinates": [
          133.0595795,
          35.4374044
        ]
      },
      "properties": {
        "内容": "バス停: 商業高校前",
        "name": "商業高校前",
        "operator": "事業者不明",
        "ref": "",
        "url": "",
        "url2": ""
      }
    },
    {
      "type": "Feature",
      "geometry": {
        "type": "Point",
        "coordinates": [
          133.29841,
          35.4082254
        ]
      },
      "properties": {
        "内容": "バス停: 門生",
        "name": "門生",
        "operator": "事業者不明",
        "ref": "",
        "url": "",
        "url2": ""
      }
    },
    {
      "type": "Feature",
      "geometry": {
        "type": "Point",
        "coordinates": [
          133.29982,
          35.4082624
        ]
      },
      "properties": {
        "内容": "バス停: 門生",
        "name": "門生",
        "operator": "事業者不明",
        "ref": "",
        "url": "",
        "url2": ""
      }
    },
    {
      "type": "Feature",
      "geometry": {
        "type": "Point",
        "coordinates": [
          132.5132234,
          35.1542015
        ]
      },
      "properties": {
        "内容": "バス停: 物部神社前",
        "name": "物部神社前",
        "operator": "事業者不明",
        "ref": "",
        "url": "",
        "url2": ""
      }
    },
    {
      "type": "Feature",
      "geometry": {
        "type": "Point",
        "coordinates": [
          133.0554281,
          35.4380213
        ]
      },
      "properties": {
        "内容": "バス停: 市立病院",
        "name": "市立病院",
        "operator": "事業者不明",
        "ref": "",
        "url": "",
        "url2": ""
      }
    },
    {
      "type": "Feature",
      "geometry": {
        "type": "Point",
        "coordinates": [
          133.0460543,
          35.4675858
        ]
      },
      "properties": {
        "内容": "バス停: 松江しんじ湖温泉駅",
        "name": "松江しんじ湖温泉駅",
        "operator": "事業者不明",
        "ref": "",
        "url": "",
        "url2": ""
      }
    },
    {
      "type": "Feature",
      "geometry": {
        "type": "Point",
        "coordinates": [
          133.0465442,
          35.4675355
        ]
      },
      "properties": {
        "内容": "バス停: 松江しんじ湖温泉駅",
        "name": "松江しんじ湖温泉駅",
        "operator": "事業者不明",
        "ref": "",
        "url": "",
        "url2": ""
      }
    },
    {
      "type": "Feature",
      "geometry": {
        "type": "Point",
        "coordinates": [
          133.0461112,
          35.4674798
        ]
      },
      "properties": {
        "内容": "バス停: 松江しんじ湖温泉駅",
        "name": "松江しんじ湖温泉駅",
        "operator": "事業者不明",
        "ref": "",
        "url": "",
        "url2": ""
      }
    },
    {
      "type": "Feature",
      "geometry": {
        "type": "Point",
        "coordinates": [
          133.046288,
          35.4674335
        ]
      },
      "properties": {
        "内容": "バス停: 松江しんじ湖温泉駅",
        "name": "松江しんじ湖温泉駅",
        "operator": "事業者不明",
        "ref": "",
        "url": "",
        "url2": ""
      }
    },
    {
      "type": "Feature",
      "geometry": {
        "type": "Point",
        "coordinates": [
          132.641749,
          34.9568799
        ]
      },
      "properties": {
        "内容": "バス停: 石見都賀 (備北交通)",
        "name": "石見都賀",
        "operator": "備北交通",
        "ref": "",
        "url": "",
        "url2": ""
      }
    },
    {
      "type": "Feature",
      "geometry": {
        "type": "Point",
        "coordinates": [
          132.6419151,
          34.9676621
        ]
      },
      "properties": {
        "内容": "バス停: 道の駅ＧＲ大和 (備北交通)",
        "name": "道の駅ＧＲ大和",
        "operator": "備北交通",
        "ref": "",
        "url": "",
        "url2": ""
      }
    },
    {
      "type": "Feature",
      "geometry": {
        "type": "Point",
        "coordinates": [
          132.6420992,
          34.9498473
        ]
      },
      "properties": {
        "内容": "バス停: 都賀大橋 (備北交通)",
        "name": "都賀大橋",
        "operator": "備北交通",
        "ref": "",
        "url": "",
        "url2": ""
      }
    },
    {
      "type": "Feature",
      "geometry": {
        "type": "Point",
        "coordinates": [
          132.642816,
          34.9476642
        ]
      },
      "properties": {
        "内容": "バス停: 家畜診療所前 (備北交通)",
        "name": "家畜診療所前",
        "operator": "備北交通",
        "ref": "",
        "url": "",
        "url2": ""
      }
    },
    {
      "type": "Feature",
      "geometry": {
        "type": "Point",
        "coordinates": [
          132.6458993,
          34.9422815
        ]
      },
      "properties": {
        "内容": "バス停: 都賀飯谷 (備北交通)",
        "name": "都賀飯谷",
        "operator": "備北交通",
        "ref": "",
        "url": "",
        "url2": ""
      }
    },
    {
      "type": "Feature",
      "geometry": {
        "type": "Point",
        "coordinates": [
          132.6458828,
          34.9389986
        ]
      },
      "properties": {
        "内容": "バス停: 都賀上野 (備北交通)",
        "name": "都賀上野",
        "operator": "備北交通",
        "ref": "",
        "url": "",
        "url2": ""
      }
    },
    {
      "type": "Feature",
      "geometry": {
        "type": "Point",
        "coordinates": [
          132.6692668,
          34.8817718
        ]
      },
      "properties": {
        "内容": "バス停: 羽須美支所 (備北交通)",
        "name": "羽須美支所",
        "operator": "備北交通",
        "ref": "",
        "url": "",
        "url2": ""
      }
    },
    {
      "type": "Feature",
      "geometry": {
        "type": "Point",
        "coordinates": [
          132.6705834,
          34.8813885
        ]
      },
      "properties": {
        "内容": "バス停: 口羽小学校前 (備北交通)",
        "name": "口羽小学校前",
        "operator": "備北交通",
        "ref": "",
        "url": "",
        "url2": ""
      }
    },
    {
      "type": "Feature",
      "geometry": {
        "type": "Point",
        "coordinates": [
          132.6726332,
          34.8815052
        ]
      },
      "properties": {
        "内容": "バス停: 口羽町 (備北交通)",
        "name": "口羽町",
        "operator": "備北交通",
        "ref": "",
        "url": "",
        "url2": ""
      }
    },
    {
      "type": "Feature",
      "geometry": {
        "type": "Point",
        "coordinates": [
          132.6743664,
          34.8818718
        ]
      },
      "properties": {
        "内容": "バス停: 口羽郵便局前 (備北交通)",
        "name": "口羽郵便局前",
        "operator": "備北交通",
        "ref": "",
        "url": "",
        "url2": ""
      }
    },
    {
      "type": "Feature",
      "geometry": {
        "type": "Point",
        "coordinates": [
          132.6724997,
          34.8850215
        ]
      },
      "properties": {
        "内容": "バス停: 口羽大橋 (備北交通)",
        "name": "口羽大橋",
        "operator": "備北交通",
        "ref": "",
        "url": "",
        "url2": ""
      }
    },
    {
      "type": "Feature",
      "geometry": {
        "type": "Point",
        "coordinates": [
          132.6747494,
          34.8886211
        ]
      },
      "properties": {
        "内容": "バス停: 下西の原 (備北交通)",
        "name": "下西の原",
        "operator": "備北交通",
        "ref": "",
        "url": "",
        "url2": ""
      }
    },
    {
      "type": "Feature",
      "geometry": {
        "type": "Point",
        "coordinates": [
          132.7145411,
          34.9971435
        ]
      },
      "properties": {
        "内容": "バス停: 赤名 (備北交通)",
        "name": "赤名",
        "operator": "備北交通",
        "ref": "",
        "url": "",
        "url2": ""
      }
    },
    {
      "type": "Feature",
      "geometry": {
        "type": "Point",
        "coordinates": [
          132.7170744,
          34.9928107
        ]
      },
      "properties": {
        "内容": "バス停: 赤名上町 (備北交通)",
        "name": "赤名上町",
        "operator": "備北交通",
        "ref": "",
        "url": "",
        "url2": ""
      }
    },
    {
      "type": "Feature",
      "geometry": {
        "type": "Point",
        "coordinates": [
          132.7173577,
          34.9927274
        ]
      },
      "properties": {
        "内容": "バス停: 赤名上町 (備北交通)",
        "name": "赤名上町",
        "operator": "備北交通",
        "ref": "",
        "url": "",
        "url2": ""
      }
    },
    {
      "type": "Feature",
      "geometry": {
        "type": "Point",
        "coordinates": [
          132.7239741,
          34.9852783
        ]
      },
      "properties": {
        "内容": "バス停: 板屋橋 (備北交通)",
        "name": "板屋橋",
        "operator": "備北交通",
        "ref": "",
        "url": "",
        "url2": ""
      }
    },
    {
      "type": "Feature",
      "geometry": {
        "type": "Point",
        "coordinates": [
          132.7241241,
          34.9853783
        ]
      },
      "properties": {
        "内容": "バス停: 板屋橋 (備北交通)",
        "name": "板屋橋",
        "operator": "備北交通",
        "ref": "",
        "url": "",
        "url2": ""
      }
    },
    {
      "type": "Feature",
      "geometry": {
        "type": "Point",
        "coordinates": [
          132.7263741,
          34.9814121
        ]
      },
      "properties": {
        "内容": "バス停: 呑谷 (備北交通)",
        "name": "呑谷",
        "operator": "備北交通",
        "ref": "",
        "url": "",
        "url2": ""
      }
    },
    {
      "type": "Feature",
      "geometry": {
        "type": "Point",
        "coordinates": [
          132.7263408,
          34.9812621
        ]
      },
      "properties": {
        "内容": "バス停: 呑谷 (備北交通)",
        "name": "呑谷",
        "operator": "備北交通",
        "ref": "",
        "url": "",
        "url2": ""
      }
    },
    {
      "type": "Feature",
      "geometry": {
        "type": "Point",
        "coordinates": [
          132.7300074,
          34.9771293
        ]
      },
      "properties": {
        "内容": "バス停: 保育所前 (備北交通)",
        "name": "保育所前",
        "operator": "備北交通",
        "ref": "",
        "url": "",
        "url2": ""
      }
    },
    {
      "type": "Feature",
      "geometry": {
        "type": "Point",
        "coordinates": [
          132.730274,
          34.9769293
        ]
      },
      "properties": {
        "内容": "バス停: 保育所前 (備北交通)",
        "name": "保育所前",
        "operator": "備北交通",
        "ref": "",
        "url": "",
        "url2": ""
      }
    },
    {
      "type": "Feature",
      "geometry": {
        "type": "Point",
        "coordinates": [
          132.731424,
          34.9741296
        ]
      },
      "properties": {
        "内容": "バス停: 栗屋谷 (備北交通)",
        "name": "栗屋谷",
        "operator": "備北交通",
        "ref": "",
        "url": "",
        "url2": ""
      }
    },
    {
      "type": "Feature",
      "geometry": {
        "type": "Point",
        "coordinates": [
          132.7315407,
          34.9743296
        ]
      },
      "properties": {
        "内容": "バス停: 栗屋谷 (備北交通)",
        "name": "栗屋谷",
        "operator": "備北交通",
        "ref": "",
        "url": "",
        "url2": ""
      }
    },
    {
      "type": "Feature",
      "geometry": {
        "type": "Point",
        "coordinates": [
          132.7334907,
          34.9709467
        ]
      },
      "properties": {
        "内容": "バス停: 陣屋 (備北交通)",
        "name": "陣屋",
        "operator": "備北交通",
        "ref": "",
        "url": "",
        "url2": ""
      }
    },
    {
      "type": "Feature",
      "geometry": {
        "type": "Point",
        "coordinates": [
          132.733374,
          34.97133
        ]
      },
      "properties": {
        "内容": "バス停: 陣屋 (備北交通)",
        "name": "陣屋",
        "operator": "備北交通",
        "ref": "",
        "url": "",
        "url2": ""
      }
    },
    {
      "type": "Feature",
      "geometry": {
        "type": "Point",
        "coordinates": [
          132.7339409,
          34.9664138
        ]
      },
      "properties": {
        "内容": "バス停: 北ノ上 (備北交通)",
        "name": "北ノ上",
        "operator": "備北交通",
        "ref": "",
        "url": "",
        "url2": ""
      }
    },
    {
      "type": "Feature",
      "geometry": {
        "type": "Point",
        "coordinates": [
          132.7341075,
          34.9657139
        ]
      },
      "properties": {
        "内容": "バス停: 北ノ上 (備北交通)",
        "name": "北ノ上",
        "operator": "備北交通",
        "ref": "",
        "url": "",
        "url2": ""
      }
    },
    {
      "type": "Feature",
      "geometry": {
        "type": "Point",
        "coordinates": [
          132.3029314,
          34.8629507
        ]
      },
      "properties": {
        "内容": "バス停: 重富 (広電バス)",
        "name": "重富",
        "operator": "広電バス",
        "ref": "",
        "url": "",
        "url2": ""
      }
    },
    {
      "type": "Feature",
      "geometry": {
        "type": "Point",
        "coordinates": [
          132.8949925,
          35.333747
        ]
      },
      "properties": {
        "内容": "バス停: 加茂［松江道］ (広電バス)",
        "name": "加茂［松江道］",
        "operator": "広電バス",
        "ref": "",
        "url": "",
        "url2": ""
      }
    },
    {
      "type": "Feature",
      "geometry": {
        "type": "Point",
        "coordinates": [
          133.0464296,
          35.467485
        ]
      },
      "properties": {
        "内容": "バス停: 松江しんじ湖温泉駅 (広電バス)",
        "name": "松江しんじ湖温泉駅",
        "operator": "広電バス",
        "ref": "",
        "url": "",
        "url2": ""
      }
    },
    {
      "type": "Feature",
      "geometry": {
        "type": "Point",
        "coordinates": [
          132.8295737,
          35.167394
        ]
      },
      "properties": {
        "内容": "バス停: たたらば壱番地 (広電バス)",
        "name": "たたらば壱番地",
        "operator": "広電バス",
        "ref": "",
        "url": "",
        "url2": ""
      }
    },
    {
      "type": "Feature",
      "geometry": {
        "type": "Point",
        "coordinates": [
          132.830257,
          35.1670774
        ]
      },
      "properties": {
        "内容": "バス停: たたらば壱番地 (広電バス)",
        "name": "たたらば壱番地",
        "operator": "広電バス",
        "ref": "",
        "url": "",
        "url2": ""
      }
    },
    {
      "type": "Feature",
      "geometry": {
        "type": "Point",
        "coordinates": [
          132.8910964,
          35.2873489
        ]
      },
      "properties": {
        "内容": "バス停: 木次［松江道］ (広電バス)",
        "name": "木次［松江道］",
        "operator": "広電バス",
        "ref": "",
        "url": "",
        "url2": ""
      }
    },
    {
      "type": "Feature",
      "geometry": {
        "type": "Point",
        "coordinates": [
          132.8913463,
          35.2873989
        ]
      },
      "properties": {
        "内容": "バス停: 木次［松江道］ (広電バス)",
        "name": "木次［松江道］",
        "operator": "広電バス",
        "ref": "",
        "url": "",
        "url2": ""
      }
    },
    {
      "type": "Feature",
      "geometry": {
        "type": "Point",
        "coordinates": [
          133.0627573,
          35.4644163
        ]
      },
      "properties": {
        "内容": "バス停: 松江駅 (広電バス)",
        "name": "松江駅",
        "operator": "広電バス",
        "ref": "",
        "url": "",
        "url2": ""
      }
    },
    {
      "type": "Feature",
      "geometry": {
        "type": "Point",
        "coordinates": [
          133.0632239,
          35.464283
        ]
      },
      "properties": {
        "内容": "バス停: 松江駅 (広電バス)",
        "name": "松江駅",
        "operator": "広電バス",
        "ref": "",
        "url": "",
        "url2": ""
      }
    },
    {
      "type": "Feature",
      "geometry": {
        "type": "Point",
        "coordinates": [
          132.8942495,
          35.3340029
        ]
      },
      "properties": {
        "内容": "バス停: 加茂［松江道］ (広電バス)",
        "name": "加茂［松江道］",
        "operator": "広電バス",
        "ref": "",
        "url": "",
        "url2": ""
      }
    },
    {
      "type": "Feature",
      "geometry": {
        "type": "Point",
        "coordinates": [
          133.0150797,
          35.425503
        ]
      },
      "properties": {
        "内容": "バス停: 玉造（山陰道） (広電バス)",
        "name": "玉造（山陰道）",
        "operator": "広電バス",
        "ref": "",
        "url": "",
        "url2": ""
      }
    },
    {
      "type": "Feature",
      "geometry": {
        "type": "Point",
        "coordinates": [
          133.0150631,
          35.4249197
        ]
      },
      "properties": {
        "内容": "バス停: 玉造（山陰道） (広電バス)",
        "name": "玉造（山陰道）",
        "operator": "広電バス",
        "ref": "",
        "url": "",
        "url2": ""
      }
    },
    {
      "type": "Feature",
      "geometry": {
        "type": "Point",
        "coordinates": [
          132.094847,
          34.8991932
        ]
      },
      "properties": {
        "内容": "バス停: 黒川町 (広電バス)",
        "name": "黒川町",
        "operator": "広電バス",
        "ref": "",
        "url": "",
        "url2": ""
      }
    },
    {
      "type": "Feature",
      "geometry": {
        "type": "Point",
        "coordinates": [
          132.1918064,
          34.8827966
        ]
      },
      "properties": {
        "内容": "バス停: 金城 (広電バス)",
        "name": "金城",
        "operator": "広電バス",
        "ref": "",
        "url": "",
        "url2": ""
      }
    },
    {
      "type": "Feature",
      "geometry": {
        "type": "Point",
        "coordinates": [
          132.2589347,
          34.8710824
        ]
      },
      "properties": {
        "内容": "バス停: 旭インター (広電バス)",
        "name": "旭インター",
        "operator": "広電バス",
        "ref": "",
        "url": "",
        "url2": ""
      }
    },
    {
      "type": "Feature",
      "geometry": {
        "type": "Point",
        "coordinates": [
          133.3176914,
          36.2160174
        ]
      },
      "properties": {
        "内容": "バス停: 名称不明バス停",
        "name": "名称不明バス停",
        "operator": "事業者不明",
        "ref": "",
        "url": "",
        "url2": ""
      }
    },
    {
      "type": "Feature",
      "geometry": {
        "type": "Point",
        "coordinates": [
          132.7145343,
          34.9971442
        ]
      },
      "properties": {
        "内容": "バス停: 赤名 (備北交通)",
        "name": "赤名",
        "operator": "備北交通",
        "ref": "",
        "url": "",
        "url2": ""
      }
    },
    {
      "type": "Feature",
      "geometry": {
        "type": "Point",
        "coordinates": [
          133.0532884,
          35.4719595
        ]
      },
      "properties": {
        "内容": "バス停: 県民会館前",
        "name": "県民会館前",
        "operator": "事業者不明",
        "ref": "",
        "url": "",
        "url2": ""
      }
    },
    {
      "type": "Feature",
      "geometry": {
        "type": "Point",
        "coordinates": [
          133.0497114,
          35.4787965
        ]
      },
      "properties": {
        "内容": "バス停: 小泉八雲記念館前",
        "name": "小泉八雲記念館前",
        "operator": "事業者不明",
        "ref": "",
        "url": "",
        "url2": ""
      }
    },
    {
      "type": "Feature",
      "geometry": {
        "type": "Point",
        "coordinates": [
          133.0493106,
          35.468192
        ]
      },
      "properties": {
        "内容": "バス停: 市役所前",
        "name": "市役所前",
        "operator": "事業者不明",
        "ref": "",
        "url": "",
        "url2": ""
      }
    },
    {
      "type": "Feature",
      "geometry": {
        "type": "Point",
        "coordinates": [
          133.0501567,
          35.4709068
        ]
      },
      "properties": {
        "内容": "バス停: 県庁南入口",
        "name": "県庁南入口",
        "operator": "事業者不明",
        "ref": "",
        "url": "",
        "url2": ""
      }
    },
    {
      "type": "Feature",
      "geometry": {
        "type": "Point",
        "coordinates": [
          133.0491612,
          35.4682508
        ]
      },
      "properties": {
        "内容": "バス停: 市役所前",
        "name": "市役所前",
        "operator": "事業者不明",
        "ref": "",
        "url": "",
        "url2": ""
      }
    },
    {
      "type": "Feature",
      "geometry": {
        "type": "Point",
        "coordinates": [
          133.0696807,
          35.4468883
        ]
      },
      "properties": {
        "内容": "バス停: 東上乃木",
        "name": "東上乃木",
        "operator": "事業者不明",
        "ref": "",
        "url": "",
        "url2": ""
      }
    },
    {
      "type": "Feature",
      "geometry": {
        "type": "Point",
        "coordinates": [
          133.0716802,
          35.4460964
        ]
      },
      "properties": {
        "内容": "バス停: 古志原郵便局前",
        "name": "古志原郵便局前",
        "operator": "事業者不明",
        "ref": "",
        "url": "",
        "url2": ""
      }
    },
    {
      "type": "Feature",
      "geometry": {
        "type": "Point",
        "coordinates": [
          133.0721919,
          35.4457385
        ]
      },
      "properties": {
        "内容": "バス停: 古志原郵便局前",
        "name": "古志原郵便局前",
        "operator": "事業者不明",
        "ref": "",
        "url": "",
        "url2": ""
      }
    },
    {
      "type": "Feature",
      "geometry": {
        "type": "Point",
        "coordinates": [
          133.0675246,
          35.4470716
        ]
      },
      "properties": {
        "内容": "バス停: 東上乃木",
        "name": "東上乃木",
        "operator": "事業者不明",
        "ref": "",
        "url": "",
        "url2": ""
      }
    },
    {
      "type": "Feature",
      "geometry": {
        "type": "Point",
        "coordinates": [
          133.0639445,
          35.4491479
        ]
      },
      "properties": {
        "内容": "バス停: 松江医療センター前",
        "name": "松江医療センター前",
        "operator": "事業者不明",
        "ref": "",
        "url": "",
        "url2": ""
      }
    },
    {
      "type": "Feature",
      "geometry": {
        "type": "Point",
        "coordinates": [
          133.0657647,
          35.4474677
        ]
      },
      "properties": {
        "内容": "バス停: 上乃木",
        "name": "上乃木",
        "operator": "事業者不明",
        "ref": "",
        "url": "",
        "url2": ""
      }
    },
    {
      "type": "Feature",
      "geometry": {
        "type": "Point",
        "coordinates": [
          133.0651379,
          35.4475854
        ]
      },
      "properties": {
        "内容": "バス停: 上乃木",
        "name": "上乃木",
        "operator": "事業者不明",
        "ref": "",
        "url": "",
        "url2": ""
      }
    },
    {
      "type": "Feature",
      "geometry": {
        "type": "Point",
        "coordinates": [
          133.0630531,
          35.449661
        ]
      },
      "properties": {
        "内容": "バス停: 松江医療センター前",
        "name": "松江医療センター前",
        "operator": "事業者不明",
        "ref": "",
        "url": "",
        "url2": ""
      }
    },
    {
      "type": "Feature",
      "geometry": {
        "type": "Point",
        "coordinates": [
          133.0581927,
          35.4450097
        ]
      },
      "properties": {
        "内容": "バス停: やそり橋",
        "name": "やそり橋",
        "operator": "事業者不明",
        "ref": "",
        "url": "",
        "url2": ""
      }
    },
    {
      "type": "Feature",
      "geometry": {
        "type": "Point",
        "coordinates": [
          133.0683538,
          35.4580846
        ]
      },
      "properties": {
        "内容": "バス停: 文化センター前",
        "name": "文化センター前",
        "operator": "事業者不明",
        "ref": "",
        "url": "",
        "url2": ""
      }
    },
    {
      "type": "Feature",
      "geometry": {
        "type": "Point",
        "coordinates": [
          133.0675977,
          35.4588767
        ]
      },
      "properties": {
        "内容": "バス停: 文化センター入口",
        "name": "文化センター入口",
        "operator": "事業者不明",
        "ref": "",
        "url": "",
        "url2": ""
      }
    },
    {
      "type": "Feature",
      "geometry": {
        "type": "Point",
        "coordinates": [
          133.0609412,
          35.4521159
        ]
      },
      "properties": {
        "内容": "バス停: 床几山入口",
        "name": "床几山入口",
        "operator": "事業者不明",
        "ref": "",
        "url": "",
        "url2": ""
      }
    },
    {
      "type": "Feature",
      "geometry": {
        "type": "Point",
        "coordinates": [
          133.060733,
          35.4531508
        ]
      },
      "properties": {
        "内容": "バス停: 床几山入口",
        "name": "床几山入口",
        "operator": "事業者不明",
        "ref": "",
        "url": "",
        "url2": ""
      }
    },
    {
      "type": "Feature",
      "geometry": {
        "type": "Point",
        "coordinates": [
          133.0607393,
          35.4575277
        ]
      },
      "properties": {
        "内容": "バス停: 相生町",
        "name": "相生町",
        "operator": "事業者不明",
        "ref": "",
        "url": "",
        "url2": ""
      }
    },
    {
      "type": "Feature",
      "geometry": {
        "type": "Point",
        "coordinates": [
          133.0605789,
          35.4568343
        ]
      },
      "properties": {
        "内容": "バス停: 相生町",
        "name": "相生町",
        "operator": "事業者不明",
        "ref": "",
        "url": "",
        "url2": ""
      }
    },
    {
      "type": "Feature",
      "geometry": {
        "type": "Point",
        "coordinates": [
          133.0569878,
          35.459462
        ]
      },
      "properties": {
        "内容": "バス停: 竪町",
        "name": "竪町",
        "operator": "事業者不明",
        "ref": "",
        "url": "",
        "url2": ""
      }
    },
    {
      "type": "Feature",
      "geometry": {
        "type": "Point",
        "coordinates": [
          133.0682607,
          35.4643385
        ]
      },
      "properties": {
        "内容": "バス停: イオン松江店前",
        "name": "イオン松江店前",
        "operator": "事業者不明",
        "ref": "",
        "url": "",
        "url2": ""
      }
    },
    {
      "type": "Feature",
      "geometry": {
        "type": "Point",
        "coordinates": [
          133.0683656,
          35.4390812
        ]
      },
      "properties": {
        "内容": "バス停: 南高校前",
        "name": "南高校前",
        "operator": "事業者不明",
        "ref": "",
        "url": "",
        "url2": ""
      }
    },
    {
      "type": "Feature",
      "geometry": {
        "type": "Point",
        "coordinates": [
          133.0676226,
          35.4435349
        ]
      },
      "properties": {
        "内容": "バス停: あすなろ橋",
        "name": "あすなろ橋",
        "operator": "事業者不明",
        "ref": "",
        "url": "",
        "url2": ""
      }
    },
    {
      "type": "Feature",
      "geometry": {
        "type": "Point",
        "coordinates": [
          133.0552789,
          35.4667653
        ]
      },
      "properties": {
        "内容": "バス停: 大橋南詰",
        "name": "大橋南詰",
        "operator": "事業者不明",
        "ref": "",
        "url": "",
        "url2": ""
      }
    },
    {
      "type": "Feature",
      "geometry": {
        "type": "Point",
        "coordinates": [
          133.0550477,
          35.4696464
        ]
      },
      "properties": {
        "内容": "バス停: 大橋北詰",
        "name": "大橋北詰",
        "operator": "事業者不明",
        "ref": "",
        "url": "",
        "url2": ""
      }
    },
    {
      "type": "Feature",
      "geometry": {
        "type": "Point",
        "coordinates": [
          133.0562502,
          35.4671861
        ]
      },
      "properties": {
        "内容": "バス停: 大橋南詰",
        "name": "大橋南詰",
        "operator": "事業者不明",
        "ref": "",
        "url": "",
        "url2": ""
      }
    },
    {
      "type": "Feature",
      "geometry": {
        "type": "Point",
        "coordinates": [
          133.0459687,
          35.4701286
        ]
      },
      "properties": {
        "内容": "バス停: 交融橋",
        "name": "交融橋",
        "operator": "事業者不明",
        "ref": "",
        "url": "",
        "url2": ""
      }
    },
    {
      "type": "Feature",
      "geometry": {
        "type": "Point",
        "coordinates": [
          133.0532844,
          35.4702591
        ]
      },
      "properties": {
        "内容": "バス停: カラコロ工房前",
        "name": "カラコロ工房前",
        "operator": "事業者不明",
        "ref": "",
        "url": "",
        "url2": ""
      }
    },
    {
      "type": "Feature",
      "geometry": {
        "type": "Point",
        "coordinates": [
          133.0527228,
          35.4701759
        ]
      },
      "properties": {
        "内容": "バス停: 京橋",
        "name": "京橋",
        "operator": "事業者不明",
        "ref": "",
        "url": "",
        "url2": ""
      }
    },
    {
      "type": "Feature",
      "geometry": {
        "type": "Point",
        "coordinates": [
          133.0471436,
          35.4711017
        ]
      },
      "properties": {
        "内容": "バス停: 内中原小学校前",
        "name": "内中原小学校前",
        "operator": "事業者不明",
        "ref": "",
        "url": "",
        "url2": ""
      }
    },
    {
      "type": "Feature",
      "geometry": {
        "type": "Point",
        "coordinates": [
          133.0461634,
          35.4712334
        ]
      },
      "properties": {
        "内容": "バス停: 内中原小学校前",
        "name": "内中原小学校前",
        "operator": "事業者不明",
        "ref": "",
        "url": "",
        "url2": ""
      }
    },
    {
      "type": "Feature",
      "geometry": {
        "type": "Point",
        "coordinates": [
          133.0492008,
          35.4710911
        ]
      },
      "properties": {
        "内容": "バス停: 県庁南入口",
        "name": "県庁南入口",
        "operator": "事業者不明",
        "ref": "",
        "url": "",
        "url2": ""
      }
    },
    {
      "type": "Feature",
      "geometry": {
        "type": "Point",
        "coordinates": [
          133.0443753,
          35.4839316
        ]
      },
      "properties": {
        "内容": "バス停: 春日南",
        "name": "春日南",
        "operator": "事業者不明",
        "ref": "",
        "url": "",
        "url2": ""
      }
    },
    {
      "type": "Feature",
      "geometry": {
        "type": "Point",
        "coordinates": [
          133.0449324,
          35.483391
        ]
      },
      "properties": {
        "内容": "バス停: 春日南",
        "name": "春日南",
        "operator": "事業者不明",
        "ref": "",
        "url": "",
        "url2": ""
      }
    },
    {
      "type": "Feature",
      "geometry": {
        "type": "Point",
        "coordinates": [
          133.0578458,
          35.4641356
        ]
      },
      "properties": {
        "内容": "バス停: 寺町",
        "name": "寺町",
        "operator": "事業者不明",
        "ref": "",
        "url": "",
        "url2": ""
      }
    },
    {
      "type": "Feature",
      "geometry": {
        "type": "Point",
        "coordinates": [
          133.0505331,
          35.4678215
        ]
      },
      "properties": {
        "内容": "バス停: 宍道湖大橋北詰",
        "name": "宍道湖大橋北詰",
        "operator": "事業者不明",
        "ref": "",
        "url": "",
        "url2": ""
      }
    },
    {
      "type": "Feature",
      "geometry": {
        "type": "Point",
        "coordinates": [
          133.0500059,
          35.4678788
        ]
      },
      "properties": {
        "内容": "バス停: 宍道湖大橋北詰",
        "name": "宍道湖大橋北詰",
        "operator": "事業者不明",
        "ref": "",
        "url": "",
        "url2": ""
      }
    },
    {
      "type": "Feature",
      "geometry": {
        "type": "Point",
        "coordinates": [
          133.0529782,
          35.4762277
        ]
      },
      "properties": {
        "内容": "バス停: 塩見縄手",
        "name": "塩見縄手",
        "operator": "事業者不明",
        "ref": "",
        "url": "",
        "url2": ""
      }
    },
    {
      "type": "Feature",
      "geometry": {
        "type": "Point",
        "coordinates": [
          133.0520704,
          35.4768728
        ]
      },
      "properties": {
        "内容": "バス停: 北堀町",
        "name": "北堀町",
        "operator": "事業者不明",
        "ref": "",
        "url": "",
        "url2": ""
      }
    },
    {
      "type": "Feature",
      "geometry": {
        "type": "Point",
        "coordinates": [
          133.0643898,
          35.4835463
        ]
      },
      "properties": {
        "内容": "バス停: 菅田庵入口",
        "name": "菅田庵入口",
        "operator": "事業者不明",
        "ref": "",
        "url": "",
        "url2": ""
      }
    },
    {
      "type": "Feature",
      "geometry": {
        "type": "Point",
        "coordinates": [
          133.063097,
          35.483249
        ]
      },
      "properties": {
        "内容": "バス停: 菅田庵入口",
        "name": "菅田庵入口",
        "operator": "事業者不明",
        "ref": "",
        "url": "",
        "url2": ""
      }
    },
    {
      "type": "Feature",
      "geometry": {
        "type": "Point",
        "coordinates": [
          133.0386765,
          35.489052
        ]
      },
      "properties": {
        "内容": "バス停: ゴルフ場入口",
        "name": "ゴルフ場入口",
        "operator": "事業者不明",
        "ref": "",
        "url": "",
        "url2": ""
      }
    },
    {
      "type": "Feature",
      "geometry": {
        "type": "Point",
        "coordinates": [
          133.0386238,
          35.489237
        ]
      },
      "properties": {
        "内容": "バス停: ゴルフ場入口",
        "name": "ゴルフ場入口",
        "operator": "事業者不明",
        "ref": "",
        "url": "",
        "url2": ""
      }
    },
    {
      "type": "Feature",
      "geometry": {
        "type": "Point",
        "coordinates": [
          133.0534007,
          35.4600949
        ]
      },
      "properties": {
        "内容": "バス停: 県立美術館前",
        "name": "県立美術館前",
        "operator": "事業者不明",
        "ref": "",
        "url": "",
        "url2": ""
      }
    },
    {
      "type": "Feature",
      "geometry": {
        "type": "Point",
        "coordinates": [
          133.0437094,
          35.4659172
        ]
      },
      "properties": {
        "内容": "バス停: 千鳥町",
        "name": "千鳥町",
        "operator": "事業者不明",
        "ref": "",
        "url": "",
        "url2": ""
      }
    },
    {
      "type": "Feature",
      "geometry": {
        "type": "Point",
        "coordinates": [
          133.0408745,
          35.4656085
        ]
      },
      "properties": {
        "内容": "バス停: 福祉センター前",
        "name": "福祉センター前",
        "operator": "事業者不明",
        "ref": "",
        "url": "",
        "url2": ""
      }
    },
    {
      "type": "Feature",
      "geometry": {
        "type": "Point",
        "coordinates": [
          133.0615457,
          35.4426128
        ]
      },
      "properties": {
        "内容": "バス停: 乃木二子塚古墳前",
        "name": "乃木二子塚古墳前",
        "operator": "事業者不明",
        "ref": "",
        "url": "",
        "url2": ""
      }
    },
    {
      "type": "Feature",
      "geometry": {
        "type": "Point",
        "coordinates": [
          133.064673,
          35.4499782
        ]
      },
      "properties": {
        "内容": "バス停: 松江医療センター",
        "name": "松江医療センター",
        "operator": "事業者不明",
        "ref": "",
        "url": "",
        "url2": ""
      }
    },
    {
      "type": "Feature",
      "geometry": {
        "type": "Point",
        "coordinates": [
          133.0528127,
          35.4381257
        ]
      },
      "properties": {
        "内容": "バス停: 田和山史跡公園",
        "name": "田和山史跡公園",
        "operator": "事業者不明",
        "ref": "",
        "url": "",
        "url2": ""
      }
    },
    {
      "type": "Feature",
      "geometry": {
        "type": "Point",
        "coordinates": [
          133.0528332,
          35.4384169
        ]
      },
      "properties": {
        "内容": "バス停: 田和山史跡公園",
        "name": "田和山史跡公園",
        "operator": "事業者不明",
        "ref": "",
        "url": "",
        "url2": ""
      }
    },
    {
      "type": "Feature",
      "geometry": {
        "type": "Point",
        "coordinates": [
          133.050729,
          35.4392605
        ]
      },
      "properties": {
        "内容": "バス停: 田和山",
        "name": "田和山",
        "operator": "事業者不明",
        "ref": "",
        "url": "",
        "url2": ""
      }
    },
    {
      "type": "Feature",
      "geometry": {
        "type": "Point",
        "coordinates": [
          133.0578833,
          35.4301657
        ]
      },
      "properties": {
        "内容": "バス停: 平成町車庫",
        "name": "平成町車庫",
        "operator": "事業者不明",
        "ref": "",
        "url": "",
        "url2": ""
      }
    },
    {
      "type": "Feature",
      "geometry": {
        "type": "Point",
        "coordinates": [
          133.0618706,
          35.4328862
        ]
      },
      "properties": {
        "内容": "バス停: サンライフ松江前",
        "name": "サンライフ松江前",
        "operator": "事業者不明",
        "ref": "",
        "url": "",
        "url2": ""
      }
    },
    {
      "type": "Feature",
      "geometry": {
        "type": "Point",
        "coordinates": [
          133.0620025,
          35.4329486
        ]
      },
      "properties": {
        "内容": "バス停: サンライフ松江前",
        "name": "サンライフ松江前",
        "operator": "事業者不明",
        "ref": "",
        "url": "",
        "url2": ""
      }
    },
    {
      "type": "Feature",
      "geometry": {
        "type": "Point",
        "coordinates": [
          133.051447,
          35.451873
        ]
      },
      "properties": {
        "内容": "バス停: 浜乃木嫁ヶ島",
        "name": "浜乃木嫁ヶ島",
        "operator": "事業者不明",
        "ref": "",
        "url": "",
        "url2": ""
      }
    },
    {
      "type": "Feature",
      "geometry": {
        "type": "Point",
        "coordinates": [
          133.0489331,
          35.4412874
        ]
      },
      "properties": {
        "内容": "バス停: 農林高校前",
        "name": "農林高校前",
        "operator": "事業者不明",
        "ref": "",
        "url": "",
        "url2": ""
      }
    },
    {
      "type": "Feature",
      "geometry": {
        "type": "Point",
        "coordinates": [
          133.0487658,
          35.4458449
        ]
      },
      "properties": {
        "内容": "バス停: 乃木駅前",
        "name": "乃木駅前",
        "operator": "事業者不明",
        "ref": "",
        "url": "",
        "url2": ""
      }
    },
    {
      "type": "Feature",
      "geometry": {
        "type": "Point",
        "coordinates": [
          133.0613849,
          35.4268753
        ]
      },
      "properties": {
        "内容": "バス停: 公園墓地中央",
        "name": "公園墓地中央",
        "operator": "事業者不明",
        "ref": "",
        "url": "",
        "url2": ""
      }
    },
    {
      "type": "Feature",
      "geometry": {
        "type": "Point",
        "coordinates": [
          133.0641119,
          35.4286055
        ]
      },
      "properties": {
        "内容": "バス停: 公園墓地",
        "name": "公園墓地",
        "operator": "事業者不明",
        "ref": "",
        "url": "",
        "url2": ""
      }
    },
    {
      "type": "Feature",
      "geometry": {
        "type": "Point",
        "coordinates": [
          133.067582,
          35.4322592
        ]
      },
      "properties": {
        "内容": "バス停: 公園墓地入口",
        "name": "公園墓地入口",
        "operator": "事業者不明",
        "ref": "",
        "url": "",
        "url2": ""
      }
    },
    {
      "type": "Feature",
      "geometry": {
        "type": "Point",
        "coordinates": [
          133.0646271,
          35.4297779
        ]
      },
      "properties": {
        "内容": "バス停: 公園墓地管理棟前",
        "name": "公園墓地管理棟前",
        "operator": "事業者不明",
        "ref": "",
        "url": "",
        "url2": ""
      }
    },
    {
      "type": "Feature",
      "geometry": {
        "type": "Point",
        "coordinates": [
          133.1739331,
          35.3631046
        ]
      },
      "properties": {
        "内容": "バス停: 広瀬バスターミナル",
        "name": "広瀬バスターミナル",
        "operator": "事業者不明",
        "ref": "",
        "url": "",
        "url2": ""
      }
    },
    {
      "type": "Feature",
      "geometry": {
        "type": "Point",
        "coordinates": [
          133.0739686,
          35.4321375
        ]
      },
      "properties": {
        "内容": "バス停: 佐草十字路",
        "name": "佐草十字路",
        "operator": "事業者不明",
        "ref": "",
        "url": "",
        "url2": ""
      }
    },
    {
      "type": "Feature",
      "geometry": {
        "type": "Point",
        "coordinates": [
          132.9807955,
          35.5257906
        ]
      },
      "properties": {
        "内容": "バス停: 恵曇郵便局前",
        "name": "恵曇郵便局前",
        "operator": "事業者不明",
        "ref": "",
        "url": "",
        "url2": ""
      }
    },
    {
      "type": "Feature",
      "geometry": {
        "type": "Point",
        "coordinates": [
          133.0724594,
          35.4323303
        ]
      },
      "properties": {
        "内容": "バス停: ろうけん虹前",
        "name": "ろうけん虹前",
        "operator": "事業者不明",
        "ref": "",
        "url": "",
        "url2": ""
      }
    },
    {
      "type": "Feature",
      "geometry": {
        "type": "Point",
        "coordinates": [
          133.0722011,
          35.4322782
        ]
      },
      "properties": {
        "内容": "バス停: ろうけん虹前",
        "name": "ろうけん虹前",
        "operator": "事業者不明",
        "ref": "",
        "url": "",
        "url2": ""
      }
    },
    {
      "type": "Feature",
      "geometry": {
        "type": "Point",
        "coordinates": [
          133.0767386,
          35.432451
        ]
      },
      "properties": {
        "内容": "バス停: やすらぎの里前",
        "name": "やすらぎの里前",
        "operator": "事業者不明",
        "ref": "やすらぎの里前",
        "url": "",
        "url2": ""
      }
    },
    {
      "type": "Feature",
      "geometry": {
        "type": "Point",
        "coordinates": [
          133.0842443,
          35.4328143
        ]
      },
      "properties": {
        "内容": "バス停: JAしまね大庭店",
        "name": "JAしまね大庭店",
        "operator": "事業者不明",
        "ref": "",
        "url": "",
        "url2": ""
      }
    },
    {
      "type": "Feature",
      "geometry": {
        "type": "Point",
        "coordinates": [
          133.088775,
          35.4272527
        ]
      },
      "properties": {
        "内容": "バス停: 風土記の丘",
        "name": "風土記の丘",
        "operator": "事業者不明",
        "ref": "",
        "url": "",
        "url2": ""
      }
    },
    {
      "type": "Feature",
      "geometry": {
        "type": "Point",
        "coordinates": [
          133.0805237,
          35.4328947
        ]
      },
      "properties": {
        "内容": "バス停: 大庭小学校前",
        "name": "大庭小学校前",
        "operator": "事業者不明",
        "ref": "",
        "url": "",
        "url2": ""
      }
    },
    {
      "type": "Feature",
      "geometry": {
        "type": "Point",
        "coordinates": [
          133.0858979,
          35.4252018
        ]
      },
      "properties": {
        "内容": "バス停: かんべの里",
        "name": "かんべの里",
        "operator": "事業者不明",
        "ref": "",
        "url": "",
        "url2": ""
      }
    },
    {
      "type": "Feature",
      "geometry": {
        "type": "Point",
        "coordinates": [
          133.0914038,
          35.4285996
        ]
      },
      "properties": {
        "内容": "バス停: 風土記の丘入口",
        "name": "風土記の丘入口",
        "operator": "事業者不明",
        "ref": "",
        "url": "",
        "url2": ""
      }
    },
    {
      "type": "Feature",
      "geometry": {
        "type": "Point",
        "coordinates": [
          133.0891183,
          35.430506
        ]
      },
      "properties": {
        "内容": "バス停: 大庭団原",
        "name": "大庭団原",
        "operator": "事業者不明",
        "ref": "",
        "url": "",
        "url2": ""
      }
    },
    {
      "type": "Feature",
      "geometry": {
        "type": "Point",
        "coordinates": [
          133.087345,
          35.4316141
        ]
      },
      "properties": {
        "内容": "バス停: コーポ一畑入口",
        "name": "コーポ一畑入口",
        "operator": "事業者不明",
        "ref": "",
        "url": "",
        "url2": ""
      }
    },
    {
      "type": "Feature",
      "geometry": {
        "type": "Point",
        "coordinates": [
          133.0868635,
          35.4352773
        ]
      },
      "properties": {
        "内容": "バス停: 長者原",
        "name": "長者原",
        "operator": "事業者不明",
        "ref": "",
        "url": "",
        "url2": ""
      }
    },
    {
      "type": "Feature",
      "geometry": {
        "type": "Point",
        "coordinates": [
          133.0869177,
          35.4353631
        ]
      },
      "properties": {
        "内容": "バス停: 長者原",
        "name": "長者原",
        "operator": "事業者不明",
        "ref": "",
        "url": "",
        "url2": ""
      }
    },
    {
      "type": "Feature",
      "geometry": {
        "type": "Point",
        "coordinates": [
          133.0863806,
          35.4368956
        ]
      },
      "properties": {
        "内容": "バス停: 長者原団地前",
        "name": "長者原団地前",
        "operator": "事業者不明",
        "ref": "",
        "url": "",
        "url2": ""
      }
    },
    {
      "type": "Feature",
      "geometry": {
        "type": "Point",
        "coordinates": [
          133.0864558,
          35.4369503
        ]
      },
      "properties": {
        "内容": "バス停: 長者原団地前",
        "name": "長者原団地前",
        "operator": "事業者不明",
        "ref": "",
        "url": "",
        "url2": ""
      }
    },
    {
      "type": "Feature",
      "geometry": {
        "type": "Point",
        "coordinates": [
          133.0870944,
          35.432948
        ]
      },
      "properties": {
        "内容": "バス停: 大庭十字路",
        "name": "大庭十字路",
        "operator": "事業者不明",
        "ref": "",
        "url": "",
        "url2": ""
      }
    },
    {
      "type": "Feature",
      "geometry": {
        "type": "Point",
        "coordinates": [
          133.076002,
          35.4447785
        ]
      },
      "properties": {
        "内容": "バス停: 古志原",
        "name": "古志原",
        "operator": "事業者不明",
        "ref": "",
        "url": "",
        "url2": ""
      }
    },
    {
      "type": "Feature",
      "geometry": {
        "type": "Point",
        "coordinates": [
          133.0762926,
          35.4448458
        ]
      },
      "properties": {
        "内容": "バス停: 古志原",
        "name": "古志原",
        "operator": "事業者不明",
        "ref": "",
        "url": "",
        "url2": ""
      }
    },
    {
      "type": "Feature",
      "geometry": {
        "type": "Point",
        "coordinates": [
          133.0810792,
          35.4420519
        ]
      },
      "properties": {
        "内容": "バス停: 上口",
        "name": "上口",
        "operator": "事業者不明",
        "ref": "",
        "url": "",
        "url2": ""
      }
    },
    {
      "type": "Feature",
      "geometry": {
        "type": "Point",
        "coordinates": [
          133.0857114,
          35.4389313
        ]
      },
      "properties": {
        "内容": "バス停: 山代町",
        "name": "山代町",
        "operator": "事業者不明",
        "ref": "",
        "url": "",
        "url2": ""
      }
    },
    {
      "type": "Feature",
      "geometry": {
        "type": "Point",
        "coordinates": [
          133.0833187,
          35.4410506
        ]
      },
      "properties": {
        "内容": "バス停: 鼻曲",
        "name": "鼻曲",
        "operator": "事業者不明",
        "ref": "",
        "url": "",
        "url2": ""
      }
    },
    {
      "type": "Feature",
      "geometry": {
        "type": "Point",
        "coordinates": [
          133.0494723,
          35.470394
        ]
      },
      "properties": {
        "内容": "バス停: 県庁南入口",
        "name": "県庁南入口",
        "operator": "事業者不明",
        "ref": "",
        "url": "",
        "url2": ""
      }
    },
    {
      "type": "Feature",
      "geometry": {
        "type": "Point",
        "coordinates": [
          133.0854148,
          35.4477692
        ]
      },
      "properties": {
        "内容": "バス停: 県合同庁舎前",
        "name": "県合同庁舎前",
        "operator": "事業者不明",
        "ref": "",
        "url": "",
        "url2": ""
      }
    },
    {
      "type": "Feature",
      "geometry": {
        "type": "Point",
        "coordinates": [
          133.0793416,
          35.4446528
        ]
      },
      "properties": {
        "内容": "バス停: 富原",
        "name": "富原",
        "operator": "事業者不明",
        "ref": "",
        "url": "",
        "url2": ""
      }
    },
    {
      "type": "Feature",
      "geometry": {
        "type": "Point",
        "coordinates": [
          133.0834761,
          35.4445919
        ]
      },
      "properties": {
        "内容": "バス停: 富原三叉路",
        "name": "富原三叉路",
        "operator": "事業者不明",
        "ref": "",
        "url": "",
        "url2": ""
      }
    },
    {
      "type": "Feature",
      "geometry": {
        "type": "Point",
        "coordinates": [
          133.0836053,
          35.4445946
        ]
      },
      "properties": {
        "内容": "バス停: 富原三叉路",
        "name": "富原三叉路",
        "operator": "事業者不明",
        "ref": "",
        "url": "",
        "url2": ""
      }
    },
    {
      "type": "Feature",
      "geometry": {
        "type": "Point",
        "coordinates": [
          133.0638089,
          35.4436114
        ]
      },
      "properties": {
        "内容": "バス停: 茶山",
        "name": "茶山",
        "operator": "事業者不明",
        "ref": "",
        "url": "",
        "url2": ""
      }
    },
    {
      "type": "Feature",
      "geometry": {
        "type": "Point",
        "coordinates": [
          133.0642491,
          35.4433516
        ]
      },
      "properties": {
        "内容": "バス停: 茶山",
        "name": "茶山",
        "operator": "事業者不明",
        "ref": "",
        "url": "",
        "url2": ""
      }
    },
    {
      "type": "Feature",
      "geometry": {
        "type": "Point",
        "coordinates": [
          133.0842088,
          35.4430287
        ]
      },
      "properties": {
        "内容": "バス停: 井出平",
        "name": "井出平",
        "operator": "事業者不明",
        "ref": "",
        "url": "",
        "url2": ""
      }
    },
    {
      "type": "Feature",
      "geometry": {
        "type": "Point",
        "coordinates": [
          133.0594034,
          35.4431108
        ]
      },
      "properties": {
        "内容": "バス停: 乃木保育所入口",
        "name": "乃木保育所入口",
        "operator": "事業者不明",
        "ref": "",
        "url": "",
        "url2": ""
      }
    },
    {
      "type": "Feature",
      "geometry": {
        "type": "Point",
        "coordinates": [
          133.0595586,
          35.443091
        ]
      },
      "properties": {
        "内容": "バス停: 乃木保育所入口",
        "name": "乃木保育所入口",
        "operator": "事業者不明",
        "ref": "",
        "url": "",
        "url2": ""
      }
    },
    {
      "type": "Feature",
      "geometry": {
        "type": "Point",
        "coordinates": [
          133.0612887,
          35.4404616
        ]
      },
      "properties": {
        "内容": "バス停: 運動公園入口",
        "name": "運動公園入口",
        "operator": "事業者不明",
        "ref": "",
        "url": "",
        "url2": ""
      }
    },
    {
      "type": "Feature",
      "geometry": {
        "type": "Point",
        "coordinates": [
          133.060777,
          35.4409076
        ]
      },
      "properties": {
        "内容": "バス停: 運動公園入口",
        "name": "運動公園入口",
        "operator": "事業者不明",
        "ref": "",
        "url": "",
        "url2": ""
      }
    },
    {
      "type": "Feature",
      "geometry": {
        "type": "Point",
        "coordinates": [
          133.0703175,
          35.4439858
        ]
      },
      "properties": {
        "内容": "バス停: 仲良し橋",
        "name": "仲良し橋",
        "operator": "事業者不明",
        "ref": "",
        "url": "",
        "url2": ""
      }
    },
    {
      "type": "Feature",
      "geometry": {
        "type": "Point",
        "coordinates": [
          133.0703925,
          35.4436486
        ]
      },
      "properties": {
        "内容": "バス停: 仲良し橋",
        "name": "仲良し橋",
        "operator": "事業者不明",
        "ref": "",
        "url": "",
        "url2": ""
      }
    },
    {
      "type": "Feature",
      "geometry": {
        "type": "Point",
        "coordinates": [
          133.0845843,
          35.4451792
        ]
      },
      "properties": {
        "内容": "バス停: 富原東",
        "name": "富原東",
        "operator": "事業者不明",
        "ref": "",
        "url": "",
        "url2": ""
      }
    },
    {
      "type": "Feature",
      "geometry": {
        "type": "Point",
        "coordinates": [
          133.0847082,
          35.4453444
        ]
      },
      "properties": {
        "内容": "バス停: 富原東",
        "name": "富原東",
        "operator": "事業者不明",
        "ref": "",
        "url": "",
        "url2": ""
      }
    },
    {
      "type": "Feature",
      "geometry": {
        "type": "Point",
        "coordinates": [
          133.0737137,
          35.4447824
        ]
      },
      "properties": {
        "内容": "バス停: 古志原住宅前",
        "name": "古志原住宅前",
        "operator": "事業者不明",
        "ref": "",
        "url": "",
        "url2": ""
      }
    },
    {
      "type": "Feature",
      "geometry": {
        "type": "Point",
        "coordinates": [
          133.0677686,
          35.4438471
        ]
      },
      "properties": {
        "内容": "バス停: あすなろ橋",
        "name": "あすなろ橋",
        "operator": "事業者不明",
        "ref": "",
        "url": "",
        "url2": ""
      }
    },
    {
      "type": "Feature",
      "geometry": {
        "type": "Point",
        "coordinates": [
          133.0509842,
          35.4559213
        ]
      },
      "properties": {
        "内容": "バス停: 松江警察署前",
        "name": "松江警察署前",
        "operator": "事業者不明",
        "ref": "",
        "url": "",
        "url2": ""
      }
    },
    {
      "type": "Feature",
      "geometry": {
        "type": "Point",
        "coordinates": [
          133.0510988,
          35.4559059
        ]
      },
      "properties": {
        "内容": "バス停: 松江警察署前",
        "name": "松江警察署前",
        "operator": "事業者不明",
        "ref": "",
        "url": "",
        "url2": ""
      }
    },
    {
      "type": "Feature",
      "geometry": {
        "type": "Point",
        "coordinates": [
          133.0610575,
          35.4461694
        ]
      },
      "properties": {
        "内容": "バス停: 西の原住宅前",
        "name": "西の原住宅前",
        "operator": "事業者不明",
        "ref": "",
        "url": "",
        "url2": ""
      }
    },
    {
      "type": "Feature",
      "geometry": {
        "type": "Point",
        "coordinates": [
          133.0521958,
          35.4581466
        ]
      },
      "properties": {
        "内容": "バス停: 袖師町",
        "name": "袖師町",
        "operator": "事業者不明",
        "ref": "",
        "url": "",
        "url2": ""
      }
    },
    {
      "type": "Feature",
      "geometry": {
        "type": "Point",
        "coordinates": [
          133.0507228,
          35.4536363
        ]
      },
      "properties": {
        "内容": "バス停: 袖師町西",
        "name": "袖師町西",
        "operator": "事業者不明",
        "ref": "",
        "url": "",
        "url2": ""
      }
    },
    {
      "type": "Feature",
      "geometry": {
        "type": "Point",
        "coordinates": [
          133.0503197,
          35.4531239
        ]
      },
      "properties": {
        "内容": "バス停: 袖師町西",
        "name": "袖師町西",
        "operator": "事業者不明",
        "ref": "",
        "url": "",
        "url2": ""
      }
    },
    {
      "type": "Feature",
      "geometry": {
        "type": "Point",
        "coordinates": [
          133.0726947,
          35.4343724
        ]
      },
      "properties": {
        "内容": "バス停: 八重垣団地入口",
        "name": "八重垣団地入口",
        "operator": "事業者不明",
        "ref": "",
        "url": "",
        "url2": ""
      }
    },
    {
      "type": "Feature",
      "geometry": {
        "type": "Point",
        "coordinates": [
          133.0581978,
          35.4463651
        ]
      },
      "properties": {
        "内容": "バス停: 新縄手橋",
        "name": "新縄手橋",
        "operator": "事業者不明",
        "ref": "",
        "url": "",
        "url2": ""
      }
    },
    {
      "type": "Feature",
      "geometry": {
        "type": "Point",
        "coordinates": [
          133.0588166,
          35.4465927
        ]
      },
      "properties": {
        "内容": "バス停: 新縄手橋",
        "name": "新縄手橋",
        "operator": "事業者不明",
        "ref": "",
        "url": "",
        "url2": ""
      }
    },
    {
      "type": "Feature",
      "geometry": {
        "type": "Point",
        "coordinates": [
          133.058918,
          35.4488633
        ]
      },
      "properties": {
        "内容": "バス停: 松江記念病院",
        "name": "松江記念病院",
        "operator": "事業者不明",
        "ref": "",
        "url": "",
        "url2": ""
      }
    },
    {
      "type": "Feature",
      "geometry": {
        "type": "Point",
        "coordinates": [
          133.0680489,
          35.4552537
        ]
      },
      "properties": {
        "内容": "バス停: 生協病院入口",
        "name": "生協病院入口",
        "operator": "事業者不明",
        "ref": "",
        "url": "",
        "url2": ""
      }
    },
    {
      "type": "Feature",
      "geometry": {
        "type": "Point",
        "coordinates": [
          133.0681935,
          35.4555868
        ]
      },
      "properties": {
        "内容": "バス停: 生協病院入口",
        "name": "生協病院入口",
        "operator": "事業者不明",
        "ref": "",
        "url": "",
        "url2": ""
      }
    },
    {
      "type": "Feature",
      "geometry": {
        "type": "Point",
        "coordinates": [
          133.0669197,
          35.4410957
        ]
      },
      "properties": {
        "内容": "バス停: 矢の原",
        "name": "矢の原",
        "operator": "事業者不明",
        "ref": "",
        "url": "",
        "url2": ""
      }
    },
    {
      "type": "Feature",
      "geometry": {
        "type": "Point",
        "coordinates": [
          133.0654236,
          35.4429408
        ]
      },
      "properties": {
        "内容": "バス停: 矢の原入口",
        "name": "矢の原入口",
        "operator": "事業者不明",
        "ref": "",
        "url": "",
        "url2": ""
      }
    },
    {
      "type": "Feature",
      "geometry": {
        "type": "Point",
        "coordinates": [
          133.0653522,
          35.4428888
        ]
      },
      "properties": {
        "内容": "バス停: 矢の原入口",
        "name": "矢の原入口",
        "operator": "事業者不明",
        "ref": "",
        "url": "",
        "url2": ""
      }
    },
    {
      "type": "Feature",
      "geometry": {
        "type": "Point",
        "coordinates": [
          133.0702195,
          35.437185
        ]
      },
      "properties": {
        "内容": "バス停: 八雲台入口",
        "name": "八雲台入口",
        "operator": "事業者不明",
        "ref": "",
        "url": "",
        "url2": ""
      }
    },
    {
      "type": "Feature",
      "geometry": {
        "type": "Point",
        "coordinates": [
          133.067262,
          35.4547192
        ]
      },
      "properties": {
        "内容": "バス停: 生協病院前",
        "name": "生協病院前",
        "operator": "事業者不明",
        "ref": "",
        "url": "",
        "url2": ""
      }
    },
    {
      "type": "Feature",
      "geometry": {
        "type": "Point",
        "coordinates": [
          133.0450753,
          35.4728209
        ]
      },
      "properties": {
        "内容": "バス停: 四十間堀川",
        "name": "四十間堀川",
        "operator": "事業者不明",
        "ref": "",
        "url": "",
        "url2": ""
      }
    },
    {
      "type": "Feature",
      "geometry": {
        "type": "Point",
        "coordinates": [
          133.0450921,
          35.4724075
        ]
      },
      "properties": {
        "内容": "バス停: 月照寺入口",
        "name": "月照寺入口",
        "operator": "事業者不明",
        "ref": "",
        "url": "",
        "url2": ""
      }
    },
    {
      "type": "Feature",
      "geometry": {
        "type": "Point",
        "coordinates": [
          133.0683968,
          35.4478367
        ]
      },
      "properties": {
        "内容": "バス停: 桧山",
        "name": "桧山",
        "operator": "事業者不明",
        "ref": "",
        "url": "",
        "url2": ""
      }
    },
    {
      "type": "Feature",
      "geometry": {
        "type": "Point",
        "coordinates": [
          133.0682055,
          35.4480719
        ]
      },
      "properties": {
        "内容": "バス停: 桧山",
        "name": "桧山",
        "operator": "事業者不明",
        "ref": "",
        "url": "",
        "url2": ""
      }
    },
    {
      "type": "Feature",
      "geometry": {
        "type": "Point",
        "coordinates": [
          133.0448921,
          35.4704021
        ]
      },
      "properties": {
        "内容": "バス停: 宮ノ丁",
        "name": "宮ノ丁",
        "operator": "事業者不明",
        "ref": "",
        "url": "",
        "url2": ""
      }
    },
    {
      "type": "Feature",
      "geometry": {
        "type": "Point",
        "coordinates": [
          133.0449224,
          35.4690316
        ]
      },
      "properties": {
        "内容": "バス停: 堂形入口",
        "name": "堂形入口",
        "operator": "事業者不明",
        "ref": "",
        "url": "",
        "url2": ""
      }
    },
    {
      "type": "Feature",
      "geometry": {
        "type": "Point",
        "coordinates": [
          133.0421674,
          35.466938
        ]
      },
      "properties": {
        "内容": "バス停: 堂形",
        "name": "堂形",
        "operator": "事業者不明",
        "ref": "",
        "url": "",
        "url2": ""
      }
    },
    {
      "type": "Feature",
      "geometry": {
        "type": "Point",
        "coordinates": [
          133.0143288,
          35.4759937
        ]
      },
      "properties": {
        "内容": "バス停: 平松",
        "name": "平松",
        "operator": "事業者不明",
        "ref": "",
        "url": "",
        "url2": ""
      }
    },
    {
      "type": "Feature",
      "geometry": {
        "type": "Point",
        "coordinates": [
          133.0149166,
          35.4757101
        ]
      },
      "properties": {
        "内容": "バス停: 平松",
        "name": "平松",
        "operator": "事業者不明",
        "ref": "",
        "url": "",
        "url2": ""
      }
    },
    {
      "type": "Feature",
      "geometry": {
        "type": "Point",
        "coordinates": [
          133.0211725,
          35.4742882
        ]
      },
      "properties": {
        "内容": "バス停: 佐陀大橋",
        "name": "佐陀大橋",
        "operator": "事業者不明",
        "ref": "",
        "url": "",
        "url2": ""
      }
    },
    {
      "type": "Feature",
      "geometry": {
        "type": "Point",
        "coordinates": [
          133.0106356,
          35.4763868
        ]
      },
      "properties": {
        "内容": "バス停: 盲学校入口",
        "name": "盲学校入口",
        "operator": "事業者不明",
        "ref": "",
        "url": "",
        "url2": ""
      }
    },
    {
      "type": "Feature",
      "geometry": {
        "type": "Point",
        "coordinates": [
          133.0116363,
          35.4764332
        ]
      },
      "properties": {
        "内容": "バス停: 盲学校入口",
        "name": "盲学校入口",
        "operator": "事業者不明",
        "ref": "",
        "url": "",
        "url2": ""
      }
    },
    {
      "type": "Feature",
      "geometry": {
        "type": "Point",
        "coordinates": [
          133.0166011,
          35.4752491
        ]
      },
      "properties": {
        "内容": "バス停: 満願寺前",
        "name": "満願寺前",
        "operator": "事業者不明",
        "ref": "",
        "url": "",
        "url2": ""
      }
    },
    {
      "type": "Feature",
      "geometry": {
        "type": "Point",
        "coordinates": [
          133.0175236,
          35.4748449
        ]
      },
      "properties": {
        "内容": "バス停: 満願寺前",
        "name": "満願寺前",
        "operator": "事業者不明",
        "ref": "",
        "url": "",
        "url2": ""
      }
    },
    {
      "type": "Feature",
      "geometry": {
        "type": "Point",
        "coordinates": [
          133.0445984,
          35.4781275
        ]
      },
      "properties": {
        "内容": "バス停: ふなつ橋",
        "name": "ふなつ橋",
        "operator": "事業者不明",
        "ref": "",
        "url": "",
        "url2": ""
      }
    },
    {
      "type": "Feature",
      "geometry": {
        "type": "Point",
        "coordinates": [
          133.0444884,
          35.4778468
        ]
      },
      "properties": {
        "内容": "バス停: ふなつ橋",
        "name": "ふなつ橋",
        "operator": "事業者不明",
        "ref": "",
        "url": "",
        "url2": ""
      }
    },
    {
      "type": "Feature",
      "geometry": {
        "type": "Point",
        "coordinates": [
          133.0496148,
          35.4790113
        ]
      },
      "properties": {
        "内容": "バス停: 小泉八雲記念館前",
        "name": "小泉八雲記念館前",
        "operator": "事業者不明",
        "ref": "",
        "url": "",
        "url2": ""
      }
    },
    {
      "type": "Feature",
      "geometry": {
        "type": "Point",
        "coordinates": [
          133.0447025,
          35.4750617
        ]
      },
      "properties": {
        "内容": "バス停: 黒田町",
        "name": "黒田町",
        "operator": "事業者不明",
        "ref": "",
        "url": "",
        "url2": ""
      }
    },
    {
      "type": "Feature",
      "geometry": {
        "type": "Point",
        "coordinates": [
          133.0445865,
          35.4749151
        ]
      },
      "properties": {
        "内容": "バス停: 黒田町",
        "name": "黒田町",
        "operator": "事業者不明",
        "ref": "",
        "url": "",
        "url2": ""
      }
    },
    {
      "type": "Feature",
      "geometry": {
        "type": "Point",
        "coordinates": [
          133.0485298,
          35.4821302
        ]
      },
      "properties": {
        "内容": "バス停: 西原",
        "name": "西原",
        "operator": "事業者不明",
        "ref": "",
        "url": "",
        "url2": ""
      }
    },
    {
      "type": "Feature",
      "geometry": {
        "type": "Point",
        "coordinates": [
          133.0488291,
          35.4821695
        ]
      },
      "properties": {
        "内容": "バス停: 西原",
        "name": "西原",
        "operator": "事業者不明",
        "ref": "",
        "url": "",
        "url2": ""
      }
    },
    {
      "type": "Feature",
      "geometry": {
        "type": "Point",
        "coordinates": [
          133.0590256,
          35.4665491
        ]
      },
      "properties": {
        "内容": "バス停: 新大橋南詰",
        "name": "新大橋南詰",
        "operator": "事業者不明",
        "ref": "",
        "url": "",
        "url2": ""
      }
    },
    {
      "type": "Feature",
      "geometry": {
        "type": "Point",
        "coordinates": [
          133.0590937,
          35.4662295
        ]
      },
      "properties": {
        "内容": "バス停: 新大橋南詰",
        "name": "新大橋南詰",
        "operator": "事業者不明",
        "ref": "",
        "url": "",
        "url2": ""
      }
    },
    {
      "type": "Feature",
      "geometry": {
        "type": "Point",
        "coordinates": [
          133.0629188,
          35.464262
        ]
      },
      "properties": {
        "内容": "バス停: 松江駅",
        "name": "松江駅",
        "operator": "事業者不明",
        "ref": "",
        "url": "",
        "url2": ""
      }
    },
    {
      "type": "Feature",
      "geometry": {
        "type": "Point",
        "coordinates": [
          133.0628822,
          35.4642583
        ]
      },
      "properties": {
        "内容": "バス停: 松江駅",
        "name": "松江駅",
        "operator": "事業者不明",
        "ref": "",
        "url": "",
        "url2": ""
      }
    },
    {
      "type": "Feature",
      "geometry": {
        "type": "Point",
        "coordinates": [
          133.0628451,
          35.4642531
        ]
      },
      "properties": {
        "内容": "バス停: 松江駅",
        "name": "松江駅",
        "operator": "事業者不明",
        "ref": "",
        "url": "",
        "url2": ""
      }
    },
    {
      "type": "Feature",
      "geometry": {
        "type": "Point",
        "coordinates": [
          133.0628097,
          35.4642475
        ]
      },
      "properties": {
        "内容": "バス停: 松江駅",
        "name": "松江駅",
        "operator": "事業者不明",
        "ref": "",
        "url": "",
        "url2": ""
      }
    },
    {
      "type": "Feature",
      "geometry": {
        "type": "Point",
        "coordinates": [
          133.0627717,
          35.4642426
        ]
      },
      "properties": {
        "内容": "バス停: 松江駅",
        "name": "松江駅",
        "operator": "事業者不明",
        "ref": "",
        "url": "",
        "url2": ""
      }
    },
    {
      "type": "Feature",
      "geometry": {
        "type": "Point",
        "coordinates": [
          133.0627384,
          35.4642381
        ]
      },
      "properties": {
        "内容": "バス停: 松江駅",
        "name": "松江駅",
        "operator": "事業者不明",
        "ref": "",
        "url": "",
        "url2": ""
      }
    },
    {
      "type": "Feature",
      "geometry": {
        "type": "Point",
        "coordinates": [
          133.0626625,
          35.4641008
        ]
      },
      "properties": {
        "内容": "バス停: 松江駅",
        "name": "松江駅",
        "operator": "事業者不明",
        "ref": "",
        "url": "",
        "url2": ""
      }
    },
    {
      "type": "Feature",
      "geometry": {
        "type": "Point",
        "coordinates": [
          133.0627853,
          35.4641243
        ]
      },
      "properties": {
        "内容": "バス停: 松江駅",
        "name": "松江駅",
        "operator": "事業者不明",
        "ref": "",
        "url": "",
        "url2": ""
      }
    },
    {
      "type": "Feature",
      "geometry": {
        "type": "Point",
        "coordinates": [
          133.0629047,
          35.4641466
        ]
      },
      "properties": {
        "内容": "バス停: 松江駅",
        "name": "松江駅",
        "operator": "事業者不明",
        "ref": "",
        "url": "",
        "url2": ""
      }
    },
    {
      "type": "Feature",
      "geometry": {
        "type": "Point",
        "coordinates": [
          133.0630149,
          35.4641676
        ]
      },
      "properties": {
        "内容": "バス停: 松江駅",
        "name": "松江駅",
        "operator": "事業者不明",
        "ref": "",
        "url": "",
        "url2": ""
      }
    },
    {
      "type": "Feature",
      "geometry": {
        "type": "Point",
        "coordinates": [
          133.0588887,
          35.4695048
        ]
      },
      "properties": {
        "内容": "バス停: 新大橋北詰",
        "name": "新大橋北詰",
        "operator": "事業者不明",
        "ref": "",
        "url": "",
        "url2": ""
      }
    },
    {
      "type": "Feature",
      "geometry": {
        "type": "Point",
        "coordinates": [
          133.0590063,
          35.4699259
        ]
      },
      "properties": {
        "内容": "バス停: 新大橋北詰",
        "name": "新大橋北詰",
        "operator": "事業者不明",
        "ref": "",
        "url": "",
        "url2": ""
      }
    },
    {
      "type": "Feature",
      "geometry": {
        "type": "Point",
        "coordinates": [
          133.0651992,
          35.4699232
        ]
      },
      "properties": {
        "内容": "バス停: くにびきメッセ前",
        "name": "くにびきメッセ前",
        "operator": "事業者不明",
        "ref": "",
        "url": "",
        "url2": ""
      }
    },
    {
      "type": "Feature",
      "geometry": {
        "type": "Point",
        "coordinates": [
          133.0654374,
          35.4687569
        ]
      },
      "properties": {
        "内容": "バス停: くにびきメッセ前",
        "name": "くにびきメッセ前",
        "operator": "事業者不明",
        "ref": "",
        "url": "",
        "url2": ""
      }
    },
    {
      "type": "Feature",
      "geometry": {
        "type": "Point",
        "coordinates": [
          133.0667234,
          35.4652171
        ]
      },
      "properties": {
        "内容": "バス停: 中央郵便局前",
        "name": "中央郵便局前",
        "operator": "事業者不明",
        "ref": "",
        "url": "",
        "url2": ""
      }
    },
    {
      "type": "Feature",
      "geometry": {
        "type": "Point",
        "coordinates": [
          133.0670331,
          35.4651521
        ]
      },
      "properties": {
        "内容": "バス停: 中央郵便局前",
        "name": "中央郵便局前",
        "operator": "事業者不明",
        "ref": "",
        "url": "",
        "url2": ""
      }
    },
    {
      "type": "Feature",
      "geometry": {
        "type": "Point",
        "coordinates": [
          133.0680779,
          35.4636721
        ]
      },
      "properties": {
        "内容": "バス停: イオン松江店前",
        "name": "イオン松江店前",
        "operator": "事業者不明",
        "ref": "",
        "url": "",
        "url2": ""
      }
    },
    {
      "type": "Feature",
      "geometry": {
        "type": "Point",
        "coordinates": [
          133.0542061,
          35.478563
        ]
      },
      "properties": {
        "内容": "バス停: 北堀町",
        "name": "北堀町",
        "operator": "事業者不明",
        "ref": "",
        "url": "",
        "url2": ""
      }
    },
    {
      "type": "Feature",
      "geometry": {
        "type": "Point",
        "coordinates": [
          133.0539472,
          35.4783537
        ]
      },
      "properties": {
        "内容": "バス停: 北堀町",
        "name": "北堀町",
        "operator": "事業者不明",
        "ref": "",
        "url": "",
        "url2": ""
      }
    },
    {
      "type": "Feature",
      "geometry": {
        "type": "Point",
        "coordinates": [
          133.054091,
          35.4704735
        ]
      },
      "properties": {
        "内容": "バス停: 南殿町",
        "name": "南殿町",
        "operator": "事業者不明",
        "ref": "",
        "url": "",
        "url2": ""
      }
    },
    {
      "type": "Feature",
      "geometry": {
        "type": "Point",
        "coordinates": [
          133.055931,
          35.4731388
        ]
      },
      "properties": {
        "内容": "バス停: 裁判所前",
        "name": "裁判所前",
        "operator": "事業者不明",
        "ref": "",
        "url": "",
        "url2": ""
      }
    },
    {
      "type": "Feature",
      "geometry": {
        "type": "Point",
        "coordinates": [
          133.0544999,
          35.4748221
        ]
      },
      "properties": {
        "内容": "バス停: 北殿町",
        "name": "北殿町",
        "operator": "事業者不明",
        "ref": "",
        "url": "",
        "url2": ""
      }
    },
    {
      "type": "Feature",
      "geometry": {
        "type": "Point",
        "coordinates": [
          133.0543477,
          35.4739531
        ]
      },
      "properties": {
        "内容": "バス停: 北殿町",
        "name": "北殿町",
        "operator": "事業者不明",
        "ref": "",
        "url": "",
        "url2": ""
      }
    },
    {
      "type": "Feature",
      "geometry": {
        "type": "Point",
        "coordinates": [
          133.0567564,
          35.4713171
        ]
      },
      "properties": {
        "内容": "バス停: 日赤病院前",
        "name": "日赤病院前",
        "operator": "事業者不明",
        "ref": "",
        "url": "",
        "url2": ""
      }
    },
    {
      "type": "Feature",
      "geometry": {
        "type": "Point",
        "coordinates": [
          133.0532208,
          35.4644024
        ]
      },
      "properties": {
        "内容": "バス停: 宍道湖大橋南詰",
        "name": "宍道湖大橋南詰",
        "operator": "事業者不明",
        "ref": "",
        "url": "",
        "url2": ""
      }
    },
    {
      "type": "Feature",
      "geometry": {
        "type": "Point",
        "coordinates": [
          133.0531398,
          35.4637743
        ]
      },
      "properties": {
        "内容": "バス停: 宍道湖大橋南詰",
        "name": "宍道湖大橋南詰",
        "operator": "事業者不明",
        "ref": "",
        "url": "",
        "url2": ""
      }
    },
    {
      "type": "Feature",
      "geometry": {
        "type": "Point",
        "coordinates": [
          133.0551351,
          35.4688941
        ]
      },
      "properties": {
        "内容": "バス停: 大橋北詰",
        "name": "大橋北詰",
        "operator": "事業者不明",
        "ref": "",
        "url": "",
        "url2": ""
      }
    },
    {
      "type": "Feature",
      "geometry": {
        "type": "Point",
        "coordinates": [
          133.0602238,
          35.4644242
        ]
      },
      "properties": {
        "内容": "バス停: 朝日町",
        "name": "朝日町",
        "operator": "事業者不明",
        "ref": "",
        "url": "",
        "url2": ""
      }
    },
    {
      "type": "Feature",
      "geometry": {
        "type": "Point",
        "coordinates": [
          133.0565965,
          35.4616751
        ]
      },
      "properties": {
        "内容": "バス停: 天満宮前",
        "name": "天満宮前",
        "operator": "事業者不明",
        "ref": "",
        "url": "",
        "url2": ""
      }
    },
    {
      "type": "Feature",
      "geometry": {
        "type": "Point",
        "coordinates": [
          133.0558026,
          35.4637755
        ]
      },
      "properties": {
        "内容": "バス停: 天神町中央",
        "name": "天神町中央",
        "operator": "事業者不明",
        "ref": "",
        "url": "",
        "url2": ""
      }
    },
    {
      "type": "Feature",
      "geometry": {
        "type": "Point",
        "coordinates": [
          133.0564176,
          35.4640395
        ]
      },
      "properties": {
        "内容": "バス停: 天神町中央",
        "name": "天神町中央",
        "operator": "事業者不明",
        "ref": "",
        "url": "",
        "url2": ""
      }
    },
    {
      "type": "Feature",
      "geometry": {
        "type": "Point",
        "coordinates": [
          133.0545092,
          35.463466
        ]
      },
      "properties": {
        "内容": "バス停: 灘町",
        "name": "灘町",
        "operator": "事業者不明",
        "ref": "",
        "url": "",
        "url2": ""
      }
    },
    {
      "type": "Feature",
      "geometry": {
        "type": "Point",
        "coordinates": [
          133.0548549,
          35.4636813
        ]
      },
      "properties": {
        "内容": "バス停: 灘町",
        "name": "灘町",
        "operator": "事業者不明",
        "ref": "",
        "url": "",
        "url2": ""
      }
    },
    {
      "type": "Feature",
      "geometry": {
        "type": "Point",
        "coordinates": [
          133.055802,
          35.4646307
        ]
      },
      "properties": {
        "内容": "バス停: 天神町",
        "name": "天神町",
        "operator": "事業者不明",
        "ref": "",
        "url": "",
        "url2": ""
      }
    },
    {
      "type": "Feature",
      "geometry": {
        "type": "Point",
        "coordinates": [
          133.0602584,
          35.4621294
        ]
      },
      "properties": {
        "内容": "バス停: 作橋",
        "name": "作橋",
        "operator": "事業者不明",
        "ref": "",
        "url": "",
        "url2": ""
      }
    },
    {
      "type": "Feature",
      "geometry": {
        "type": "Point",
        "coordinates": [
          133.0601276,
          35.4621054
        ]
      },
      "properties": {
        "内容": "バス停: 作橋",
        "name": "作橋",
        "operator": "事業者不明",
        "ref": "",
        "url": "",
        "url2": ""
      }
    },
    {
      "type": "Feature",
      "geometry": {
        "type": "Point",
        "coordinates": [
          133.0564259,
          35.4590095
        ]
      },
      "properties": {
        "内容": "バス停: 横浜町",
        "name": "横浜町",
        "operator": "事業者不明",
        "ref": "",
        "url": "",
        "url2": ""
      }
    },
    {
      "type": "Feature",
      "geometry": {
        "type": "Point",
        "coordinates": [
          133.056245,
          35.4588822
        ]
      },
      "properties": {
        "内容": "バス停: 横浜町",
        "name": "横浜町",
        "operator": "事業者不明",
        "ref": "",
        "url": "",
        "url2": ""
      }
    },
    {
      "type": "Feature",
      "geometry": {
        "type": "Point",
        "coordinates": [
          133.0589114,
          35.4641002
        ]
      },
      "properties": {
        "内容": "バス停: 寺町",
        "name": "寺町",
        "operator": "事業者不明",
        "ref": "",
        "url": "",
        "url2": ""
      }
    },
    {
      "type": "Feature",
      "geometry": {
        "type": "Point",
        "coordinates": [
          133.0607291,
          35.4595264
        ]
      },
      "properties": {
        "内容": "バス停: 相生町入口",
        "name": "相生町入口",
        "operator": "事業者不明",
        "ref": "",
        "url": "",
        "url2": ""
      }
    },
    {
      "type": "Feature",
      "geometry": {
        "type": "Point",
        "coordinates": [
          133.063509,
          35.4588589
        ]
      },
      "properties": {
        "内容": "バス停: 売豆紀丁入口",
        "name": "売豆紀丁入口",
        "operator": "事業者不明",
        "ref": "",
        "url": "",
        "url2": ""
      }
    },
    {
      "type": "Feature",
      "geometry": {
        "type": "Point",
        "coordinates": [
          133.0634835,
          35.4589922
        ]
      },
      "properties": {
        "内容": "バス停: 売豆紀丁入口",
        "name": "売豆紀丁入口",
        "operator": "事業者不明",
        "ref": "",
        "url": "",
        "url2": ""
      }
    },
    {
      "type": "Feature",
      "geometry": {
        "type": "Point",
        "coordinates": [
          133.0594009,
          35.4588535
        ]
      },
      "properties": {
        "内容": "バス停: 雑賀三番街",
        "name": "雑賀三番街",
        "operator": "事業者不明",
        "ref": "",
        "url": "",
        "url2": ""
      }
    },
    {
      "type": "Feature",
      "geometry": {
        "type": "Point",
        "coordinates": [
          133.0606296,
          35.4591922
        ]
      },
      "properties": {
        "内容": "バス停: 相生町入口",
        "name": "相生町入口",
        "operator": "事業者不明",
        "ref": "",
        "url": "",
        "url2": ""
      }
    },
    {
      "type": "Feature",
      "geometry": {
        "type": "Point",
        "coordinates": [
          133.0537839,
          35.4477741
        ]
      },
      "properties": {
        "内容": "バス停: 浜乃木二丁目",
        "name": "浜乃木二丁目",
        "operator": "事業者不明",
        "ref": "",
        "url": "",
        "url2": ""
      }
    },
    {
      "type": "Feature",
      "geometry": {
        "type": "Point",
        "coordinates": [
          133.0536972,
          35.4479976
        ]
      },
      "properties": {
        "内容": "バス停: 浜乃木二丁目",
        "name": "浜乃木二丁目",
        "operator": "事業者不明",
        "ref": "",
        "url": "",
        "url2": ""
      }
    },
    {
      "type": "Feature",
      "geometry": {
        "type": "Point",
        "coordinates": [
          133.057426,
          35.4441154
        ]
      },
      "properties": {
        "内容": "バス停: 八曽利",
        "name": "八曽利",
        "operator": "事業者不明",
        "ref": "",
        "url": "",
        "url2": ""
      }
    },
    {
      "type": "Feature",
      "geometry": {
        "type": "Point",
        "coordinates": [
          133.0573899,
          35.444186
        ]
      },
      "properties": {
        "内容": "バス停: 八曽利",
        "name": "八曽利",
        "operator": "事業者不明",
        "ref": "",
        "url": "",
        "url2": ""
      }
    },
    {
      "type": "Feature",
      "geometry": {
        "type": "Point",
        "coordinates": [
          133.0591495,
          35.4704834
        ]
      },
      "properties": {
        "内容": "バス停: 鍛冶橋",
        "name": "鍛冶橋",
        "operator": "事業者不明",
        "ref": "",
        "url": "",
        "url2": ""
      }
    },
    {
      "type": "Feature",
      "geometry": {
        "type": "Point",
        "coordinates": [
          133.0515656,
          35.448649
        ]
      },
      "properties": {
        "内容": "バス停: 浜乃木一丁目",
        "name": "浜乃木一丁目",
        "operator": "事業者不明",
        "ref": "",
        "url": "",
        "url2": ""
      }
    },
    {
      "type": "Feature",
      "geometry": {
        "type": "Point",
        "coordinates": [
          133.051788,
          35.4485909
        ]
      },
      "properties": {
        "内容": "バス停: 浜乃木一丁目",
        "name": "浜乃木一丁目",
        "operator": "事業者不明",
        "ref": "",
        "url": "",
        "url2": ""
      }
    },
    {
      "type": "Feature",
      "geometry": {
        "type": "Point",
        "coordinates": [
          133.0535759,
          35.4563407
        ]
      },
      "properties": {
        "内容": "バス停: 幸町",
        "name": "幸町",
        "operator": "事業者不明",
        "ref": "",
        "url": "",
        "url2": ""
      }
    },
    {
      "type": "Feature",
      "geometry": {
        "type": "Point",
        "coordinates": [
          133.0538904,
          35.4566071
        ]
      },
      "properties": {
        "内容": "バス停: 幸町",
        "name": "幸町",
        "operator": "事業者不明",
        "ref": "",
        "url": "",
        "url2": ""
      }
    },
    {
      "type": "Feature",
      "geometry": {
        "type": "Point",
        "coordinates": [
          133.0513578,
          35.4497642
        ]
      },
      "properties": {
        "内容": "バス停: 浜乃木",
        "name": "浜乃木",
        "operator": "事業者不明",
        "ref": "",
        "url": "",
        "url2": ""
      }
    },
    {
      "type": "Feature",
      "geometry": {
        "type": "Point",
        "coordinates": [
          133.0558704,
          35.441802
        ]
      },
      "properties": {
        "内容": "バス停: 浜乃木六丁目",
        "name": "浜乃木六丁目",
        "operator": "事業者不明",
        "ref": "",
        "url": "",
        "url2": ""
      }
    },
    {
      "type": "Feature",
      "geometry": {
        "type": "Point",
        "coordinates": [
          133.0559546,
          35.4418205
        ]
      },
      "properties": {
        "内容": "バス停: 浜乃木六丁目",
        "name": "浜乃木六丁目",
        "operator": "事業者不明",
        "ref": "",
        "url": "",
        "url2": ""
      }
    },
    {
      "type": "Feature",
      "geometry": {
        "type": "Point",
        "coordinates": [
          133.0492925,
          35.4506392
        ]
      },
      "properties": {
        "内容": "バス停: 卸団地",
        "name": "卸団地",
        "operator": "事業者不明",
        "ref": "",
        "url": "",
        "url2": ""
      }
    },
    {
      "type": "Feature",
      "geometry": {
        "type": "Point",
        "coordinates": [
          133.0494505,
          35.4512111
        ]
      },
      "properties": {
        "内容": "バス停: 卸団地",
        "name": "卸団地",
        "operator": "事業者不明",
        "ref": "",
        "url": "",
        "url2": ""
      }
    },
    {
      "type": "Feature",
      "geometry": {
        "type": "Point",
        "coordinates": [
          133.0653572,
          35.4631737
        ]
      },
      "properties": {
        "内容": "バス停: 松江駅南口",
        "name": "松江駅南口",
        "operator": "事業者不明",
        "ref": "",
        "url": "",
        "url2": ""
      }
    },
    {
      "type": "Feature",
      "geometry": {
        "type": "Point",
        "coordinates": [
          133.0651422,
          35.4631664
        ]
      },
      "properties": {
        "内容": "バス停: 松江駅南口",
        "name": "松江駅南口",
        "operator": "事業者不明",
        "ref": "",
        "url": "",
        "url2": ""
      }
    },
    {
      "type": "Feature",
      "geometry": {
        "type": "Point",
        "coordinates": [
          133.0542435,
          35.4460486
        ]
      },
      "properties": {
        "内容": "バス停: 乃木小学校入口",
        "name": "乃木小学校入口",
        "operator": "事業者不明",
        "ref": "",
        "url": "",
        "url2": ""
      }
    },
    {
      "type": "Feature",
      "geometry": {
        "type": "Point",
        "coordinates": [
          133.0542683,
          35.4462192
        ]
      },
      "properties": {
        "内容": "バス停: 乃木小学校入口",
        "name": "乃木小学校入口",
        "operator": "事業者不明",
        "ref": "",
        "url": "",
        "url2": ""
      }
    },
    {
      "type": "Feature",
      "geometry": {
        "type": "Point",
        "coordinates": [
          133.0655217,
          35.4609075
        ]
      },
      "properties": {
        "内容": "バス停: 界橋",
        "name": "界橋",
        "operator": "事業者不明",
        "ref": "",
        "url": "",
        "url2": ""
      }
    },
    {
      "type": "Feature",
      "geometry": {
        "type": "Point",
        "coordinates": [
          133.0657335,
          35.4608836
        ]
      },
      "properties": {
        "内容": "バス停: 界橋",
        "name": "界橋",
        "operator": "事業者不明",
        "ref": "",
        "url": "",
        "url2": ""
      }
    },
    {
      "type": "Feature",
      "geometry": {
        "type": "Point",
        "coordinates": [
          133.0603778,
          35.4352834
        ]
      },
      "properties": {
        "内容": "バス停: 湖南中学校前",
        "name": "湖南中学校前",
        "operator": "事業者不明",
        "ref": "",
        "url": "",
        "url2": ""
      }
    },
    {
      "type": "Feature",
      "geometry": {
        "type": "Point",
        "coordinates": [
          133.060466,
          35.435189
        ]
      },
      "properties": {
        "内容": "バス停: 湖南中学校前",
        "name": "湖南中学校前",
        "operator": "事業者不明",
        "ref": "",
        "url": "",
        "url2": ""
      }
    },
    {
      "type": "Feature",
      "geometry": {
        "type": "Point",
        "coordinates": [
          133.0575721,
          35.4389271
        ]
      },
      "properties": {
        "内容": "バス停: 浜乃木七丁目",
        "name": "浜乃木七丁目",
        "operator": "事業者不明",
        "ref": "",
        "url": "",
        "url2": ""
      }
    },
    {
      "type": "Feature",
      "geometry": {
        "type": "Point",
        "coordinates": [
          133.057392,
          35.439081
        ]
      },
      "properties": {
        "内容": "バス停: 浜乃木七丁目",
        "name": "浜乃木七丁目",
        "operator": "事業者不明",
        "ref": "",
        "url": "",
        "url2": ""
      }
    },
    {
      "type": "Feature",
      "geometry": {
        "type": "Point",
        "coordinates": [
          133.0702723,
          35.4591129
        ]
      },
      "properties": {
        "内容": "バス停: 文化センター東入口",
        "name": "文化センター東入口",
        "operator": "事業者不明",
        "ref": "",
        "url": "",
        "url2": ""
      }
    },
    {
      "type": "Feature",
      "geometry": {
        "type": "Point",
        "coordinates": [
          133.0701887,
          35.459223
        ]
      },
      "properties": {
        "内容": "バス停: 文化センター東入口",
        "name": "文化センター東入口",
        "operator": "事業者不明",
        "ref": "",
        "url": "",
        "url2": ""
      }
    },
    {
      "type": "Feature",
      "geometry": {
        "type": "Point",
        "coordinates": [
          133.0670784,
          35.4589958
        ]
      },
      "properties": {
        "内容": "バス停: 文化センター入口",
        "name": "文化センター入口",
        "operator": "事業者不明",
        "ref": "",
        "url": "",
        "url2": ""
      }
    },
    {
      "type": "Feature",
      "geometry": {
        "type": "Point",
        "coordinates": [
          133.0670209,
          35.4583529
        ]
      },
      "properties": {
        "内容": "バス停: 美月",
        "name": "美月",
        "operator": "事業者不明",
        "ref": "",
        "url": "",
        "url2": ""
      }
    },
    {
      "type": "Feature",
      "geometry": {
        "type": "Point",
        "coordinates": [
          133.067051,
          35.4578686
        ]
      },
      "properties": {
        "内容": "バス停: 美月",
        "name": "美月",
        "operator": "事業者不明",
        "ref": "",
        "url": "",
        "url2": ""
      }
    },
    {
      "type": "Feature",
      "geometry": {
        "type": "Point",
        "coordinates": [
          133.0673972,
          35.4845486
        ]
      },
      "properties": {
        "内容": "バス停: 島根大学前",
        "name": "島根大学前",
        "operator": "事業者不明",
        "ref": "",
        "url": "",
        "url2": ""
      }
    },
    {
      "type": "Feature",
      "geometry": {
        "type": "Point",
        "coordinates": [
          133.0687599,
          35.4846258
        ]
      },
      "properties": {
        "内容": "バス停: 島根大学前",
        "name": "島根大学前",
        "operator": "事業者不明",
        "ref": "",
        "url": "",
        "url2": ""
      }
    },
    {
      "type": "Feature",
      "geometry": {
        "type": "Point",
        "coordinates": [
          133.0744647,
          35.4595546
        ]
      },
      "properties": {
        "内容": "バス停: 開運稲荷前",
        "name": "開運稲荷前",
        "operator": "事業者不明",
        "ref": "",
        "url": "",
        "url2": ""
      }
    },
    {
      "type": "Feature",
      "geometry": {
        "type": "Point",
        "coordinates": [
          133.0743438,
          35.4594465
        ]
      },
      "properties": {
        "内容": "バス停: 開運稲荷前",
        "name": "開運稲荷前",
        "operator": "事業者不明",
        "ref": "",
        "url": "",
        "url2": ""
      }
    },
    {
      "type": "Feature",
      "geometry": {
        "type": "Point",
        "coordinates": [
          133.0590895,
          35.4774965
        ]
      },
      "properties": {
        "内容": "バス停: 北田町",
        "name": "北田町",
        "operator": "事業者不明",
        "ref": "",
        "url": "",
        "url2": ""
      }
    },
    {
      "type": "Feature",
      "geometry": {
        "type": "Point",
        "coordinates": [
          133.0591853,
          35.4771571
        ]
      },
      "properties": {
        "内容": "バス停: 北田町",
        "name": "北田町",
        "operator": "事業者不明",
        "ref": "",
        "url": "",
        "url2": ""
      }
    },
    {
      "type": "Feature",
      "geometry": {
        "type": "Point",
        "coordinates": [
          133.0672966,
          35.4732487
        ]
      },
      "properties": {
        "内容": "バス停: 総合体育館前",
        "name": "総合体育館前",
        "operator": "事業者不明",
        "ref": "",
        "url": "",
        "url2": ""
      }
    },
    {
      "type": "Feature",
      "geometry": {
        "type": "Point",
        "coordinates": [
          133.0662431,
          35.4732151
        ]
      },
      "properties": {
        "内容": "バス停: 総合体育館前",
        "name": "総合体育館前",
        "operator": "事業者不明",
        "ref": "",
        "url": "",
        "url2": ""
      }
    },
    {
      "type": "Feature",
      "geometry": {
        "type": "Point",
        "coordinates": [
          133.0589861,
          35.4742812
        ]
      },
      "properties": {
        "内容": "バス停: 南田町",
        "name": "南田町",
        "operator": "事業者不明",
        "ref": "",
        "url": "",
        "url2": ""
      }
    },
    {
      "type": "Feature",
      "geometry": {
        "type": "Point",
        "coordinates": [
          133.058852,
          35.4739895
        ]
      },
      "properties": {
        "内容": "バス停: 南田町",
        "name": "南田町",
        "operator": "事業者不明",
        "ref": "",
        "url": "",
        "url2": ""
      }
    },
    {
      "type": "Feature",
      "geometry": {
        "type": "Point",
        "coordinates": [
          133.0648696,
          35.4712548
        ]
      },
      "properties": {
        "内容": "バス停: 北公園",
        "name": "北公園",
        "operator": "事業者不明",
        "ref": "",
        "url": "",
        "url2": ""
      }
    },
    {
      "type": "Feature",
      "geometry": {
        "type": "Point",
        "coordinates": [
          133.0648632,
          35.4721565
        ]
      },
      "properties": {
        "内容": "バス停: 北公園",
        "name": "北公園",
        "operator": "事業者不明",
        "ref": "",
        "url": "",
        "url2": ""
      }
    },
    {
      "type": "Feature",
      "geometry": {
        "type": "Point",
        "coordinates": [
          133.0641079,
          35.4955473
        ]
      },
      "properties": {
        "内容": "バス停: ソフトビジネスパーク入口",
        "name": "ソフトビジネスパーク入口",
        "operator": "事業者不明",
        "ref": "",
        "url": "",
        "url2": ""
      }
    },
    {
      "type": "Feature",
      "geometry": {
        "type": "Point",
        "coordinates": [
          133.0642125,
          35.4955683
        ]
      },
      "properties": {
        "内容": "バス停: ソフトビジネスパーク入口",
        "name": "ソフトビジネスパーク入口",
        "operator": "事業者不明",
        "ref": "",
        "url": "",
        "url2": ""
      }
    },
    {
      "type": "Feature",
      "geometry": {
        "type": "Point",
        "coordinates": [
          133.0618919,
          35.4995667
        ]
      },
      "properties": {
        "内容": "バス停: テクノアークしまね",
        "name": "テクノアークしまね",
        "operator": "事業者不明",
        "ref": "",
        "url": "",
        "url2": ""
      }
    },
    {
      "type": "Feature",
      "geometry": {
        "type": "Point",
        "coordinates": [
          133.0603844,
          35.4806074
        ]
      },
      "properties": {
        "内容": "バス停: 附属小学校前",
        "name": "附属小学校前",
        "operator": "事業者不明",
        "ref": "",
        "url": "",
        "url2": ""
      }
    },
    {
      "type": "Feature",
      "geometry": {
        "type": "Point",
        "coordinates": [
          133.0634873,
          35.4794457
        ]
      },
      "properties": {
        "内容": "バス停: 附属中学校前",
        "name": "附属中学校前",
        "operator": "事業者不明",
        "ref": "",
        "url": "",
        "url2": ""
      }
    },
    {
      "type": "Feature",
      "geometry": {
        "type": "Point",
        "coordinates": [
          133.061835,
          35.4806122
        ]
      },
      "properties": {
        "内容": "バス停: 附属小学校前",
        "name": "附属小学校前",
        "operator": "事業者不明",
        "ref": "",
        "url": "",
        "url2": ""
      }
    },
    {
      "type": "Feature",
      "geometry": {
        "type": "Point",
        "coordinates": [
          133.0637063,
          35.4798308
        ]
      },
      "properties": {
        "内容": "バス停: 附属中学校前",
        "name": "附属中学校前",
        "operator": "事業者不明",
        "ref": "",
        "url": "",
        "url2": ""
      }
    },
    {
      "type": "Feature",
      "geometry": {
        "type": "Point",
        "coordinates": [
          133.0637136,
          35.4767011
        ]
      },
      "properties": {
        "内容": "バス停: 母衣小学校前",
        "name": "母衣小学校前",
        "operator": "事業者不明",
        "ref": "",
        "url": "",
        "url2": ""
      }
    },
    {
      "type": "Feature",
      "geometry": {
        "type": "Point",
        "coordinates": [
          133.058739,
          35.4807107
        ]
      },
      "properties": {
        "内容": "バス停: 石橋四丁目",
        "name": "石橋四丁目",
        "operator": "事業者不明",
        "ref": "",
        "url": "",
        "url2": ""
      }
    },
    {
      "type": "Feature",
      "geometry": {
        "type": "Point",
        "coordinates": [
          133.064505,
          35.4735854
        ]
      },
      "properties": {
        "内容": "バス停: 学園南二丁目",
        "name": "学園南二丁目",
        "operator": "事業者不明",
        "ref": "",
        "url": "",
        "url2": ""
      }
    },
    {
      "type": "Feature",
      "geometry": {
        "type": "Point",
        "coordinates": [
          133.064231,
          35.4737755
        ]
      },
      "properties": {
        "内容": "バス停: 学園南二丁目",
        "name": "学園南二丁目",
        "operator": "事業者不明",
        "ref": "",
        "url": "",
        "url2": ""
      }
    },
    {
      "type": "Feature",
      "geometry": {
        "type": "Point",
        "coordinates": [
          133.0634725,
          35.4768009
        ]
      },
      "properties": {
        "内容": "バス停: 母衣小学校前",
        "name": "母衣小学校前",
        "operator": "事業者不明",
        "ref": "",
        "url": "",
        "url2": ""
      }
    },
    {
      "type": "Feature",
      "geometry": {
        "type": "Point",
        "coordinates": [
          133.0699923,
          35.4837796
        ]
      },
      "properties": {
        "内容": "バス停: 学園通り北",
        "name": "学園通り北",
        "operator": "事業者不明",
        "ref": "",
        "url": "",
        "url2": ""
      }
    },
    {
      "type": "Feature",
      "geometry": {
        "type": "Point",
        "coordinates": [
          133.069933,
          35.4838528
        ]
      },
      "properties": {
        "内容": "バス停: 学園通り北",
        "name": "学園通り北",
        "operator": "事業者不明",
        "ref": "",
        "url": "",
        "url2": ""
      }
    },
    {
      "type": "Feature",
      "geometry": {
        "type": "Point",
        "coordinates": [
          133.065537,
          35.4805242
        ]
      },
      "properties": {
        "内容": "バス停: 城東保育所入口",
        "name": "城東保育所入口",
        "operator": "事業者不明",
        "ref": "",
        "url": "",
        "url2": ""
      }
    },
    {
      "type": "Feature",
      "geometry": {
        "type": "Point",
        "coordinates": [
          133.0669691,
          35.480366
        ]
      },
      "properties": {
        "内容": "バス停: 城東保育所入口",
        "name": "城東保育所入口",
        "operator": "事業者不明",
        "ref": "",
        "url": "",
        "url2": ""
      }
    },
    {
      "type": "Feature",
      "geometry": {
        "type": "Point",
        "coordinates": [
          133.0595189,
          35.4812249
        ]
      },
      "properties": {
        "内容": "バス停: 石橋町",
        "name": "石橋町",
        "operator": "事業者不明",
        "ref": "",
        "url": "",
        "url2": ""
      }
    },
    {
      "type": "Feature",
      "geometry": {
        "type": "Point",
        "coordinates": [
          133.0594487,
          35.4816109
        ]
      },
      "properties": {
        "内容": "バス停: 石橋町",
        "name": "石橋町",
        "operator": "事業者不明",
        "ref": "",
        "url": "",
        "url2": ""
      }
    },
    {
      "type": "Feature",
      "geometry": {
        "type": "Point",
        "coordinates": [
          133.0567754,
          35.4798422
        ]
      },
      "properties": {
        "内容": "バス停: 石橋三丁目",
        "name": "石橋三丁目",
        "operator": "事業者不明",
        "ref": "",
        "url": "",
        "url2": ""
      }
    },
    {
      "type": "Feature",
      "geometry": {
        "type": "Point",
        "coordinates": [
          133.0689603,
          35.4813836
        ]
      },
      "properties": {
        "内容": "バス停: 学園通り中央",
        "name": "学園通り中央",
        "operator": "事業者不明",
        "ref": "",
        "url": "",
        "url2": ""
      }
    },
    {
      "type": "Feature",
      "geometry": {
        "type": "Point",
        "coordinates": [
          133.0688221,
          35.4811807
        ]
      },
      "properties": {
        "内容": "バス停: 学園通り中央",
        "name": "学園通り中央",
        "operator": "事業者不明",
        "ref": "",
        "url": "",
        "url2": ""
      }
    },
    {
      "type": "Feature",
      "geometry": {
        "type": "Point",
        "coordinates": [
          133.0621963,
          35.4840446
        ]
      },
      "properties": {
        "内容": "バス停: 菅田町",
        "name": "菅田町",
        "operator": "事業者不明",
        "ref": "",
        "url": "",
        "url2": ""
      }
    },
    {
      "type": "Feature",
      "geometry": {
        "type": "Point",
        "coordinates": [
          133.062191,
          35.4842945
        ]
      },
      "properties": {
        "内容": "バス停: 菅田町",
        "name": "菅田町",
        "operator": "事業者不明",
        "ref": "",
        "url": "",
        "url2": ""
      }
    },
    {
      "type": "Feature",
      "geometry": {
        "type": "Point",
        "coordinates": [
          133.0683537,
          35.4711955
        ]
      },
      "properties": {
        "内容": "バス停: 北消防署前",
        "name": "北消防署前",
        "operator": "事業者不明",
        "ref": "",
        "url": "",
        "url2": ""
      }
    },
    {
      "type": "Feature",
      "geometry": {
        "type": "Point",
        "coordinates": [
          133.0682325,
          35.4710408
        ]
      },
      "properties": {
        "内容": "バス停: 北消防署前",
        "name": "北消防署前",
        "operator": "事業者不明",
        "ref": "",
        "url": "",
        "url2": ""
      }
    },
    {
      "type": "Feature",
      "geometry": {
        "type": "Point",
        "coordinates": [
          133.0697713,
          35.4703103
        ]
      },
      "properties": {
        "内容": "バス停: 一畑バス本社",
        "name": "一畑バス本社",
        "operator": "事業者不明",
        "ref": "",
        "url": "",
        "url2": ""
      }
    },
    {
      "type": "Feature",
      "geometry": {
        "type": "Point",
        "coordinates": [
          132.9953638,
          35.3267386
        ]
      },
      "properties": {
        "内容": "バス停: ゆけむり大橋前",
        "name": "ゆけむり大橋前",
        "operator": "事業者不明",
        "ref": "",
        "url": "",
        "url2": ""
      }
    },
    {
      "type": "Feature",
      "geometry": {
        "type": "Point",
        "coordinates": [
          133.0685937,
          35.4621328
        ]
      },
      "properties": {
        "内容": "バス停: 三中前",
        "name": "三中前",
        "operator": "事業者不明",
        "ref": "",
        "url": "",
        "url2": ""
      }
    },
    {
      "type": "Feature",
      "geometry": {
        "type": "Point",
        "coordinates": [
          133.0692105,
          35.4620458
        ]
      },
      "properties": {
        "内容": "バス停: 三中前",
        "name": "三中前",
        "operator": "事業者不明",
        "ref": "",
        "url": "",
        "url2": ""
      }
    },
    {
      "type": "Feature",
      "geometry": {
        "type": "Point",
        "coordinates": [
          133.0749477,
          35.4620434
        ]
      },
      "properties": {
        "内容": "バス停: いこい家小浜前",
        "name": "いこい家小浜前",
        "operator": "事業者不明",
        "ref": "",
        "url": "",
        "url2": ""
      }
    },
    {
      "type": "Feature",
      "geometry": {
        "type": "Point",
        "coordinates": [
          133.0746877,
          35.4621452
        ]
      },
      "properties": {
        "内容": "バス停: いこい家小浜前",
        "name": "いこい家小浜前",
        "operator": "事業者不明",
        "ref": "",
        "url": "",
        "url2": ""
      }
    },
    {
      "type": "Feature",
      "geometry": {
        "type": "Point",
        "coordinates": [
          133.079038,
          35.461498
        ]
      },
      "properties": {
        "内容": "バス停: 新小浜橋",
        "name": "新小浜橋",
        "operator": "事業者不明",
        "ref": "",
        "url": "",
        "url2": ""
      }
    },
    {
      "type": "Feature",
      "geometry": {
        "type": "Point",
        "coordinates": [
          133.0793293,
          35.4614807
        ]
      },
      "properties": {
        "内容": "バス停: 新小浜橋",
        "name": "新小浜橋",
        "operator": "事業者不明",
        "ref": "",
        "url": "",
        "url2": ""
      }
    },
    {
      "type": "Feature",
      "geometry": {
        "type": "Point",
        "coordinates": [
          133.0720875,
          35.4620472
        ]
      },
      "properties": {
        "内容": "バス停: 東朝日町宮の沖",
        "name": "東朝日町宮の沖",
        "operator": "事業者不明",
        "ref": "",
        "url": "",
        "url2": ""
      }
    },
    {
      "type": "Feature",
      "geometry": {
        "type": "Point",
        "coordinates": [
          133.0718697,
          35.4621451
        ]
      },
      "properties": {
        "内容": "バス停: 東朝日町宮の沖",
        "name": "東朝日町宮の沖",
        "operator": "事業者不明",
        "ref": "",
        "url": "",
        "url2": ""
      }
    },
    {
      "type": "Feature",
      "geometry": {
        "type": "Point",
        "coordinates": [
          133.0807064,
          35.4598341
        ]
      },
      "properties": {
        "内容": "バス停: 津田小学校入口",
        "name": "津田小学校入口",
        "operator": "事業者不明",
        "ref": "",
        "url": "",
        "url2": ""
      }
    },
    {
      "type": "Feature",
      "geometry": {
        "type": "Point",
        "coordinates": [
          133.0809055,
          35.4596275
        ]
      },
      "properties": {
        "内容": "バス停: 津田小学校入口",
        "name": "津田小学校入口",
        "operator": "事業者不明",
        "ref": "",
        "url": "",
        "url2": ""
      }
    },
    {
      "type": "Feature",
      "geometry": {
        "type": "Point",
        "coordinates": [
          133.0833314,
          35.4518686
        ]
      },
      "properties": {
        "内容": "バス停: 上谷",
        "name": "上谷",
        "operator": "事業者不明",
        "ref": "",
        "url": "",
        "url2": ""
      }
    },
    {
      "type": "Feature",
      "geometry": {
        "type": "Point",
        "coordinates": [
          133.0834414,
          35.4519293
        ]
      },
      "properties": {
        "内容": "バス停: 上谷",
        "name": "上谷",
        "operator": "事業者不明",
        "ref": "",
        "url": "",
        "url2": ""
      }
    },
    {
      "type": "Feature",
      "geometry": {
        "type": "Point",
        "coordinates": [
          133.0810815,
          35.4559098
        ]
      },
      "properties": {
        "内容": "バス停: 岡住宅入口",
        "name": "岡住宅入口",
        "operator": "事業者不明",
        "ref": "",
        "url": "",
        "url2": ""
      }
    },
    {
      "type": "Feature",
      "geometry": {
        "type": "Point",
        "coordinates": [
          133.0811817,
          35.4559774
        ]
      },
      "properties": {
        "内容": "バス停: 岡住宅入口",
        "name": "岡住宅入口",
        "operator": "事業者不明",
        "ref": "",
        "url": "",
        "url2": ""
      }
    },
    {
      "type": "Feature",
      "geometry": {
        "type": "Point",
        "coordinates": [
          133.0771512,
          35.4597716
        ]
      },
      "properties": {
        "内容": "バス停: 津田明神入口",
        "name": "津田明神入口",
        "operator": "事業者不明",
        "ref": "",
        "url": "",
        "url2": ""
      }
    },
    {
      "type": "Feature",
      "geometry": {
        "type": "Point",
        "coordinates": [
          133.0769892,
          35.459655
        ]
      },
      "properties": {
        "内容": "バス停: 津田明神入口",
        "name": "津田明神入口",
        "operator": "事業者不明",
        "ref": "",
        "url": "",
        "url2": ""
      }
    },
    {
      "type": "Feature",
      "geometry": {
        "type": "Point",
        "coordinates": [
          133.076519,
          35.4620784
        ]
      },
      "properties": {
        "内容": "バス停: 東朝日町",
        "name": "東朝日町",
        "operator": "事業者不明",
        "ref": "",
        "url": "",
        "url2": ""
      }
    },
    {
      "type": "Feature",
      "geometry": {
        "type": "Point",
        "coordinates": [
          133.076716,
          35.4621643
        ]
      },
      "properties": {
        "内容": "バス停: 東朝日町",
        "name": "東朝日町",
        "operator": "事業者不明",
        "ref": "",
        "url": "",
        "url2": ""
      }
    },
    {
      "type": "Feature",
      "geometry": {
        "type": "Point",
        "coordinates": [
          133.0815306,
          35.4584582
        ]
      },
      "properties": {
        "内容": "バス停: 津田小学校前",
        "name": "津田小学校前",
        "operator": "事業者不明",
        "ref": "",
        "url": "",
        "url2": ""
      }
    },
    {
      "type": "Feature",
      "geometry": {
        "type": "Point",
        "coordinates": [
          133.0813515,
          35.458251
        ]
      },
      "properties": {
        "内容": "バス停: 津田小学校前",
        "name": "津田小学校前",
        "operator": "事業者不明",
        "ref": "",
        "url": "",
        "url2": ""
      }
    },
    {
      "type": "Feature",
      "geometry": {
        "type": "Point",
        "coordinates": [
          133.084622,
          35.4487754
        ]
      },
      "properties": {
        "内容": "バス停: 上谷南",
        "name": "上谷南",
        "operator": "事業者不明",
        "ref": "",
        "url": "",
        "url2": ""
      }
    },
    {
      "type": "Feature",
      "geometry": {
        "type": "Point",
        "coordinates": [
          133.0847259,
          35.4487767
        ]
      },
      "properties": {
        "内容": "バス停: 上谷南",
        "name": "上谷南",
        "operator": "事業者不明",
        "ref": "",
        "url": "",
        "url2": ""
      }
    },
    {
      "type": "Feature",
      "geometry": {
        "type": "Point",
        "coordinates": [
          133.0865634,
          35.4573947
        ]
      },
      "properties": {
        "内容": "バス停: 堂の前",
        "name": "堂の前",
        "operator": "事業者不明",
        "ref": "",
        "url": "",
        "url2": ""
      }
    },
    {
      "type": "Feature",
      "geometry": {
        "type": "Point",
        "coordinates": [
          133.0869081,
          35.45737
        ]
      },
      "properties": {
        "内容": "バス停: 堂の前",
        "name": "堂の前",
        "operator": "事業者不明",
        "ref": "",
        "url": "",
        "url2": ""
      }
    },
    {
      "type": "Feature",
      "geometry": {
        "type": "Point",
        "coordinates": [
          133.1122659,
          35.4463555
        ]
      },
      "properties": {
        "内容": "バス停: 手間",
        "name": "手間",
        "operator": "事業者不明",
        "ref": "",
        "url": "",
        "url2": ""
      }
    },
    {
      "type": "Feature",
      "geometry": {
        "type": "Point",
        "coordinates": [
          133.0895905,
          35.4563662
        ]
      },
      "properties": {
        "内容": "バス停: 鷹日神社入口",
        "name": "鷹日神社入口",
        "operator": "事業者不明",
        "ref": "",
        "url": "",
        "url2": ""
      }
    },
    {
      "type": "Feature",
      "geometry": {
        "type": "Point",
        "coordinates": [
          133.091728,
          35.4557524
        ]
      },
      "properties": {
        "内容": "バス停: 鷹日神社入口",
        "name": "鷹日神社入口",
        "operator": "事業者不明",
        "ref": "",
        "url": "",
        "url2": ""
      }
    },
    {
      "type": "Feature",
      "geometry": {
        "type": "Point",
        "coordinates": [
          133.0918148,
          35.4555745
        ]
      },
      "properties": {
        "内容": "バス停: 鷹日神社東入口",
        "name": "鷹日神社東入口",
        "operator": "事業者不明",
        "ref": "",
        "url": "",
        "url2": ""
      }
    },
    {
      "type": "Feature",
      "geometry": {
        "type": "Point",
        "coordinates": [
          133.0945476,
          35.4546732
        ]
      },
      "properties": {
        "内容": "バス停: 馬橋",
        "name": "馬橋",
        "operator": "事業者不明",
        "ref": "",
        "url": "",
        "url2": ""
      }
    },
    {
      "type": "Feature",
      "geometry": {
        "type": "Point",
        "coordinates": [
          133.0968752,
          35.4538971
        ]
      },
      "properties": {
        "内容": "バス停: 東光台入口",
        "name": "東光台入口",
        "operator": "事業者不明",
        "ref": "",
        "url": "",
        "url2": ""
      }
    },
    {
      "type": "Feature",
      "geometry": {
        "type": "Point",
        "coordinates": [
          133.0983604,
          35.4534897
        ]
      },
      "properties": {
        "内容": "バス停: 東光台入口",
        "name": "東光台入口",
        "operator": "事業者不明",
        "ref": "",
        "url": "",
        "url2": ""
      }
    },
    {
      "type": "Feature",
      "geometry": {
        "type": "Point",
        "coordinates": [
          133.1126419,
          35.4460066
        ]
      },
      "properties": {
        "内容": "バス停: 手間",
        "name": "手間",
        "operator": "事業者不明",
        "ref": "",
        "url": "",
        "url2": ""
      }
    },
    {
      "type": "Feature",
      "geometry": {
        "type": "Point",
        "coordinates": [
          133.1131218,
          35.4476259
        ]
      },
      "properties": {
        "内容": "バス停: 手間",
        "name": "手間",
        "operator": "事業者不明",
        "ref": "",
        "url": "",
        "url2": ""
      }
    },
    {
      "type": "Feature",
      "geometry": {
        "type": "Point",
        "coordinates": [
          133.1208733,
          35.4491052
        ]
      },
      "properties": {
        "内容": "バス停: 由貴神社前",
        "name": "由貴神社前",
        "operator": "事業者不明",
        "ref": "",
        "url": "",
        "url2": ""
      }
    },
    {
      "type": "Feature",
      "geometry": {
        "type": "Point",
        "coordinates": [
          133.1236094,
          35.4498713
        ]
      },
      "properties": {
        "内容": "バス停: 馬潟",
        "name": "馬潟",
        "operator": "事業者不明",
        "ref": "",
        "url": "",
        "url2": ""
      }
    },
    {
      "type": "Feature",
      "geometry": {
        "type": "Point",
        "coordinates": [
          133.1184707,
          35.4410373
        ]
      },
      "properties": {
        "内容": "バス停: 武内神社前",
        "name": "武内神社前",
        "operator": "事業者不明",
        "ref": "",
        "url": "",
        "url2": ""
      }
    },
    {
      "type": "Feature",
      "geometry": {
        "type": "Point",
        "coordinates": [
          133.1185424,
          35.4411762
        ]
      },
      "properties": {
        "内容": "バス停: 武内神社前",
        "name": "武内神社前",
        "operator": "事業者不明",
        "ref": "",
        "url": "",
        "url2": ""
      }
    },
    {
      "type": "Feature",
      "geometry": {
        "type": "Point",
        "coordinates": [
          133.1203363,
          35.4389974
        ]
      },
      "properties": {
        "内容": "バス停: 竹矢",
        "name": "竹矢",
        "operator": "事業者不明",
        "ref": "",
        "url": "",
        "url2": ""
      }
    },
    {
      "type": "Feature",
      "geometry": {
        "type": "Point",
        "coordinates": [
          133.1205391,
          35.4389863
        ]
      },
      "properties": {
        "内容": "バス停: 竹矢",
        "name": "竹矢",
        "operator": "事業者不明",
        "ref": "",
        "url": "",
        "url2": ""
      }
    },
    {
      "type": "Feature",
      "geometry": {
        "type": "Point",
        "coordinates": [
          133.0975971,
          35.4125979
        ]
      },
      "properties": {
        "内容": "バス停: 八雲車庫",
        "name": "八雲車庫",
        "operator": "事業者不明",
        "ref": "",
        "url": "",
        "url2": ""
      }
    },
    {
      "type": "Feature",
      "geometry": {
        "type": "Point",
        "coordinates": [
          133.0573657,
          35.4848204
        ]
      },
      "properties": {
        "内容": "バス停: 東奥谷町",
        "name": "東奥谷町",
        "operator": "事業者不明",
        "ref": "",
        "url": "",
        "url2": ""
      }
    },
    {
      "type": "Feature",
      "geometry": {
        "type": "Point",
        "coordinates": [
          133.0577245,
          35.4849131
        ]
      },
      "properties": {
        "内容": "バス停: 東奥谷町",
        "name": "東奥谷町",
        "operator": "事業者不明",
        "ref": "",
        "url": "",
        "url2": ""
      }
    },
    {
      "type": "Feature",
      "geometry": {
        "type": "Point",
        "coordinates": [
          133.0594191,
          35.4865075
        ]
      },
      "properties": {
        "内容": "バス停: 大界中央",
        "name": "大界中央",
        "operator": "事業者不明",
        "ref": "",
        "url": "",
        "url2": ""
      }
    },
    {
      "type": "Feature",
      "geometry": {
        "type": "Point",
        "coordinates": [
          133.0587937,
          35.4882577
        ]
      },
      "properties": {
        "内容": "バス停: 大界",
        "name": "大界",
        "operator": "事業者不明",
        "ref": "",
        "url": "",
        "url2": ""
      }
    },
    {
      "type": "Feature",
      "geometry": {
        "type": "Point",
        "coordinates": [
          133.0592567,
          35.4848059
        ]
      },
      "properties": {
        "内容": "バス停: 大界入口",
        "name": "大界入口",
        "operator": "事業者不明",
        "ref": "",
        "url": "",
        "url2": ""
      }
    },
    {
      "type": "Feature",
      "geometry": {
        "type": "Point",
        "coordinates": [
          133.059471,
          35.4848948
        ]
      },
      "properties": {
        "内容": "バス停: 大界入口",
        "name": "大界入口",
        "operator": "事業者不明",
        "ref": "",
        "url": "",
        "url2": ""
      }
    },
    {
      "type": "Feature",
      "geometry": {
        "type": "Point",
        "coordinates": [
          133.0525758,
          35.4866211
        ]
      },
      "properties": {
        "内容": "バス停: 春日住宅前",
        "name": "春日住宅前",
        "operator": "事業者不明",
        "ref": "",
        "url": "",
        "url2": ""
      }
    },
    {
      "type": "Feature",
      "geometry": {
        "type": "Point",
        "coordinates": [
          133.0524684,
          35.4865572
        ]
      },
      "properties": {
        "内容": "バス停: 春日住宅前",
        "name": "春日住宅前",
        "operator": "事業者不明",
        "ref": "",
        "url": "",
        "url2": ""
      }
    },
    {
      "type": "Feature",
      "geometry": {
        "type": "Point",
        "coordinates": [
          133.0553401,
          35.4855655
        ]
      },
      "properties": {
        "内容": "バス停: 淞北台団地入口",
        "name": "淞北台団地入口",
        "operator": "事業者不明",
        "ref": "",
        "url": "",
        "url2": ""
      }
    },
    {
      "type": "Feature",
      "geometry": {
        "type": "Point",
        "coordinates": [
          133.055287,
          35.485725
        ]
      },
      "properties": {
        "内容": "バス停: 淞北台団地入口",
        "name": "淞北台団地入口",
        "operator": "事業者不明",
        "ref": "",
        "url": "",
        "url2": ""
      }
    },
    {
      "type": "Feature",
      "geometry": {
        "type": "Point",
        "coordinates": [
          133.0399461,
          35.4851492
        ]
      },
      "properties": {
        "内容": "バス停: 黒田町安台原",
        "name": "黒田町安台原",
        "operator": "事業者不明",
        "ref": "",
        "url": "",
        "url2": ""
      }
    },
    {
      "type": "Feature",
      "geometry": {
        "type": "Point",
        "coordinates": [
          133.0401153,
          35.4850914
        ]
      },
      "properties": {
        "内容": "バス停: 黒田町安台原",
        "name": "黒田町安台原",
        "operator": "事業者不明",
        "ref": "",
        "url": "",
        "url2": ""
      }
    },
    {
      "type": "Feature",
      "geometry": {
        "type": "Point",
        "coordinates": [
          133.0561582,
          35.4881356
        ]
      },
      "properties": {
        "内容": "バス停: 淞北台団地",
        "name": "淞北台団地",
        "operator": "事業者不明",
        "ref": "",
        "url": "",
        "url2": ""
      }
    },
    {
      "type": "Feature",
      "geometry": {
        "type": "Point",
        "coordinates": [
          133.0441222,
          35.4865139
        ]
      },
      "properties": {
        "内容": "バス停: 春日西",
        "name": "春日西",
        "operator": "事業者不明",
        "ref": "",
        "url": "",
        "url2": ""
      }
    },
    {
      "type": "Feature",
      "geometry": {
        "type": "Point",
        "coordinates": [
          133.0442595,
          35.4864559
        ]
      },
      "properties": {
        "内容": "バス停: 春日西",
        "name": "春日西",
        "operator": "事業者不明",
        "ref": "",
        "url": "",
        "url2": ""
      }
    },
    {
      "type": "Feature",
      "geometry": {
        "type": "Point",
        "coordinates": [
          133.0464674,
          35.4872153
        ]
      },
      "properties": {
        "内容": "バス停: 春日三区",
        "name": "春日三区",
        "operator": "事業者不明",
        "ref": "",
        "url": "",
        "url2": ""
      }
    },
    {
      "type": "Feature",
      "geometry": {
        "type": "Point",
        "coordinates": [
          133.0464299,
          35.4871057
        ]
      },
      "properties": {
        "内容": "バス停: 春日三区",
        "name": "春日三区",
        "operator": "事業者不明",
        "ref": "",
        "url": "",
        "url2": ""
      }
    },
    {
      "type": "Feature",
      "geometry": {
        "type": "Point",
        "coordinates": [
          133.0504342,
          35.4871192
        ]
      },
      "properties": {
        "内容": "バス停: 田原谷池",
        "name": "田原谷池",
        "operator": "事業者不明",
        "ref": "",
        "url": "",
        "url2": ""
      }
    },
    {
      "type": "Feature",
      "geometry": {
        "type": "Point",
        "coordinates": [
          133.0502134,
          35.4870778
        ]
      },
      "properties": {
        "内容": "バス停: 田原谷池",
        "name": "田原谷池",
        "operator": "事業者不明",
        "ref": "",
        "url": "",
        "url2": ""
      }
    },
    {
      "type": "Feature",
      "geometry": {
        "type": "Point",
        "coordinates": [
          133.0426167,
          35.4864793
        ]
      },
      "properties": {
        "内容": "バス停: 久米",
        "name": "久米",
        "operator": "事業者不明",
        "ref": "",
        "url": "",
        "url2": ""
      }
    },
    {
      "type": "Feature",
      "geometry": {
        "type": "Point",
        "coordinates": [
          133.0421311,
          35.4867263
        ]
      },
      "properties": {
        "内容": "バス停: 久米",
        "name": "久米",
        "operator": "事業者不明",
        "ref": "",
        "url": "",
        "url2": ""
      }
    },
    {
      "type": "Feature",
      "geometry": {
        "type": "Point",
        "coordinates": [
          133.0373953,
          35.4874499
        ]
      },
      "properties": {
        "内容": "バス停: 社日公園前",
        "name": "社日公園前",
        "operator": "事業者不明",
        "ref": "",
        "url": "",
        "url2": ""
      }
    },
    {
      "type": "Feature",
      "geometry": {
        "type": "Point",
        "coordinates": [
          133.0351437,
          35.4864974
        ]
      },
      "properties": {
        "内容": "バス停: 法吉公民館前",
        "name": "法吉公民館前",
        "operator": "事業者不明",
        "ref": "",
        "url": "",
        "url2": ""
      }
    },
    {
      "type": "Feature",
      "geometry": {
        "type": "Point",
        "coordinates": [
          133.0415512,
          35.492694
        ]
      },
      "properties": {
        "内容": "バス停: 比津が丘三丁目",
        "name": "比津が丘三丁目",
        "operator": "事業者不明",
        "ref": "",
        "url": "",
        "url2": ""
      }
    },
    {
      "type": "Feature",
      "geometry": {
        "type": "Point",
        "coordinates": [
          133.0422891,
          35.4925906
        ]
      },
      "properties": {
        "内容": "バス停: 比津が丘三丁目",
        "name": "比津が丘三丁目",
        "operator": "事業者不明",
        "ref": "",
        "url": "",
        "url2": ""
      }
    },
    {
      "type": "Feature",
      "geometry": {
        "type": "Point",
        "coordinates": [
          133.0363221,
          35.4939673
        ]
      },
      "properties": {
        "内容": "バス停: 比津が丘入口",
        "name": "比津が丘入口",
        "operator": "事業者不明",
        "ref": "",
        "url": "",
        "url2": ""
      }
    },
    {
      "type": "Feature",
      "geometry": {
        "type": "Point",
        "coordinates": [
          133.0364354,
          35.494072
        ]
      },
      "properties": {
        "内容": "バス停: 比津が丘入口",
        "name": "比津が丘入口",
        "operator": "事業者不明",
        "ref": "",
        "url": "",
        "url2": ""
      }
    },
    {
      "type": "Feature",
      "geometry": {
        "type": "Point",
        "coordinates": [
          133.0393545,
          35.4938043
        ]
      },
      "properties": {
        "内容": "バス停: 比津が丘郵便局前",
        "name": "比津が丘郵便局前",
        "operator": "事業者不明",
        "ref": "",
        "url": "",
        "url2": ""
      }
    },
    {
      "type": "Feature",
      "geometry": {
        "type": "Point",
        "coordinates": [
          133.1356487,
          35.242014
        ]
      },
      "properties": {
        "内容": "バス停: 比田交流センター前",
        "name": "比田交流センター前",
        "operator": "事業者不明",
        "ref": "",
        "url": "",
        "url2": ""
      }
    },
    {
      "type": "Feature",
      "geometry": {
        "type": "Point",
        "coordinates": [
          133.1327479,
          35.2406035
        ]
      },
      "properties": {
        "内容": "バス停: 比田小学校前",
        "name": "比田小学校前",
        "operator": "事業者不明",
        "ref": "",
        "url": "",
        "url2": ""
      }
    },
    {
      "type": "Feature",
      "geometry": {
        "type": "Point",
        "coordinates": [
          133.1284638,
          35.2368415
        ]
      },
      "properties": {
        "内容": "バス停: 浪花屋前",
        "name": "浪花屋前",
        "operator": "事業者不明",
        "ref": "",
        "url": "",
        "url2": ""
      }
    },
    {
      "type": "Feature",
      "geometry": {
        "type": "Point",
        "coordinates": [
          133.1273571,
          35.2353488
        ]
      },
      "properties": {
        "内容": "バス停: 大丸屋前",
        "name": "大丸屋前",
        "operator": "事業者不明",
        "ref": "",
        "url": "",
        "url2": ""
      }
    },
    {
      "type": "Feature",
      "geometry": {
        "type": "Point",
        "coordinates": [
          133.1267081,
          35.2347736
        ]
      },
      "properties": {
        "内容": "バス停: 西比田車庫",
        "name": "西比田車庫",
        "operator": "事業者不明",
        "ref": "",
        "url": "",
        "url2": ""
      }
    },
    {
      "type": "Feature",
      "geometry": {
        "type": "Point",
        "coordinates": [
          133.1243527,
          35.233285
        ]
      },
      "properties": {
        "内容": "バス停: 市原分かれ（奥出雲交通）",
        "name": "市原分かれ（奥出雲交通）",
        "operator": "事業者不明",
        "ref": "",
        "url": "",
        "url2": ""
      }
    },
    {
      "type": "Feature",
      "geometry": {
        "type": "Point",
        "coordinates": [
          133.1355467,
          35.2401597
        ]
      },
      "properties": {
        "内容": "バス停: 比田いきいき交流館",
        "name": "比田いきいき交流館",
        "operator": "事業者不明",
        "ref": "",
        "url": "",
        "url2": ""
      }
    },
    {
      "type": "Feature",
      "geometry": {
        "type": "Point",
        "coordinates": [
          133.1634622,
          35.2506043
        ]
      },
      "properties": {
        "内容": "バス停: 比田温泉入口",
        "name": "比田温泉入口",
        "operator": "事業者不明",
        "ref": "",
        "url": "",
        "url2": ""
      }
    },
    {
      "type": "Feature",
      "geometry": {
        "type": "Point",
        "coordinates": [
          133.1376574,
          35.242732
        ]
      },
      "properties": {
        "内容": "バス停: 古市",
        "name": "古市",
        "operator": "事業者不明",
        "ref": "",
        "url": "",
        "url2": ""
      }
    },
    {
      "type": "Feature",
      "geometry": {
        "type": "Point",
        "coordinates": [
          133.1415661,
          35.2536374
        ]
      },
      "properties": {
        "内容": "バス停: 上福留橋",
        "name": "上福留橋",
        "operator": "事業者不明",
        "ref": "",
        "url": "",
        "url2": ""
      }
    },
    {
      "type": "Feature",
      "geometry": {
        "type": "Point",
        "coordinates": [
          133.1426889,
          35.2579995
        ]
      },
      "properties": {
        "内容": "バス停: 福留",
        "name": "福留",
        "operator": "事業者不明",
        "ref": "",
        "url": "",
        "url2": ""
      }
    },
    {
      "type": "Feature",
      "geometry": {
        "type": "Point",
        "coordinates": [
          133.1516992,
          35.2859421
        ]
      },
      "properties": {
        "内容": "バス停: 布部ダム",
        "name": "布部ダム",
        "operator": "事業者不明",
        "ref": "",
        "url": "",
        "url2": ""
      }
    },
    {
      "type": "Feature",
      "geometry": {
        "type": "Point",
        "coordinates": [
          133.1503881,
          35.3077115
        ]
      },
      "properties": {
        "内容": "バス停: 加納美術館入口",
        "name": "加納美術館入口",
        "operator": "事業者不明",
        "ref": "",
        "url": "",
        "url2": ""
      }
    },
    {
      "type": "Feature",
      "geometry": {
        "type": "Point",
        "coordinates": [
          133.1504904,
          35.3062963
        ]
      },
      "properties": {
        "内容": "バス停: 布部交流センター入口",
        "name": "布部交流センター入口",
        "operator": "事業者不明",
        "ref": "",
        "url": "",
        "url2": ""
      }
    },
    {
      "type": "Feature",
      "geometry": {
        "type": "Point",
        "coordinates": [
          133.1487899,
          35.3073052
        ]
      },
      "properties": {
        "内容": "バス停: 谷尻",
        "name": "谷尻",
        "operator": "事業者不明",
        "ref": "",
        "url": "",
        "url2": ""
      }
    },
    {
      "type": "Feature",
      "geometry": {
        "type": "Point",
        "coordinates": [
          133.1568498,
          35.3485383
        ]
      },
      "properties": {
        "内容": "バス停: 尼子苑",
        "name": "尼子苑",
        "operator": "事業者不明",
        "ref": "",
        "url": "",
        "url2": ""
      }
    },
    {
      "type": "Feature",
      "geometry": {
        "type": "Point",
        "coordinates": [
          133.1760644,
          35.3665832
        ]
      },
      "properties": {
        "内容": "バス停: ショッピングセンター前",
        "name": "ショッピングセンター前",
        "operator": "事業者不明",
        "ref": "",
        "url": "",
        "url2": ""
      }
    },
    {
      "type": "Feature",
      "geometry": {
        "type": "Point",
        "coordinates": [
          133.1770095,
          35.3697011
        ]
      },
      "properties": {
        "内容": "バス停: 市立病院前",
        "name": "市立病院前",
        "operator": "事業者不明",
        "ref": "",
        "url": "",
        "url2": ""
      }
    },
    {
      "type": "Feature",
      "geometry": {
        "type": "Point",
        "coordinates": [
          133.1756841,
          35.3698
        ]
      },
      "properties": {
        "内容": "バス停: 市立病院入口",
        "name": "市立病院入口",
        "operator": "事業者不明",
        "ref": "",
        "url": "",
        "url2": ""
      }
    },
    {
      "type": "Feature",
      "geometry": {
        "type": "Point",
        "coordinates": [
          133.0681914,
          35.4615158
        ]
      },
      "properties": {
        "内容": "バス停: 朝日橋",
        "name": "朝日橋",
        "operator": "事業者不明",
        "ref": "",
        "url": "",
        "url2": ""
      }
    },
    {
      "type": "Feature",
      "geometry": {
        "type": "Point",
        "coordinates": [
          133.0681029,
          35.461514
        ]
      },
      "properties": {
        "内容": "バス停: 朝日橋",
        "name": "朝日橋",
        "operator": "事業者不明",
        "ref": "",
        "url": "",
        "url2": ""
      }
    },
    {
      "type": "Feature",
      "geometry": {
        "type": "Point",
        "coordinates": [
          133.196401,
          35.3747293
        ]
      },
      "properties": {
        "内容": "バス停: 夢ランド",
        "name": "夢ランド",
        "operator": "事業者不明",
        "ref": "",
        "url": "",
        "url2": ""
      }
    },
    {
      "type": "Feature",
      "geometry": {
        "type": "Point",
        "coordinates": [
          133.0496166,
          35.4456663
        ]
      },
      "properties": {
        "内容": "バス停: 乃木駅",
        "name": "乃木駅",
        "operator": "事業者不明",
        "ref": "",
        "url": "",
        "url2": ""
      }
    },
    {
      "type": "Feature",
      "geometry": {
        "type": "Point",
        "coordinates": [
          133.0930205,
          35.4413328
        ]
      },
      "properties": {
        "内容": "バス停: 山代住宅前",
        "name": "山代住宅前",
        "operator": "事業者不明",
        "ref": "",
        "url": "",
        "url2": ""
      }
    },
    {
      "type": "Feature",
      "geometry": {
        "type": "Point",
        "coordinates": [
          133.0932232,
          35.4414849
        ]
      },
      "properties": {
        "内容": "バス停: 山代住宅前",
        "name": "山代住宅前",
        "operator": "事業者不明",
        "ref": "",
        "url": "",
        "url2": ""
      }
    },
    {
      "type": "Feature",
      "geometry": {
        "type": "Point",
        "coordinates": [
          133.0412078,
          35.4671549
        ]
      },
      "properties": {
        "内容": "バス停: 城西公民館前",
        "name": "城西公民館前",
        "operator": "事業者不明",
        "ref": "",
        "url": "",
        "url2": ""
      }
    },
    {
      "type": "Feature",
      "geometry": {
        "type": "Point",
        "coordinates": [
          133.04113,
          35.4670387
        ]
      },
      "properties": {
        "内容": "バス停: 城西公民館前",
        "name": "城西公民館前",
        "operator": "事業者不明",
        "ref": "",
        "url": "",
        "url2": ""
      }
    },
    {
      "type": "Feature",
      "geometry": {
        "type": "Point",
        "coordinates": [
          133.0867009,
          35.4396071
        ]
      },
      "properties": {
        "内容": "バス停: 山代町入口",
        "name": "山代町入口",
        "operator": "事業者不明",
        "ref": "",
        "url": "",
        "url2": ""
      }
    },
    {
      "type": "Feature",
      "geometry": {
        "type": "Point",
        "coordinates": [
          133.0864949,
          35.4396411
        ]
      },
      "properties": {
        "内容": "バス停: 山代町入口",
        "name": "山代町入口",
        "operator": "事業者不明",
        "ref": "",
        "url": "",
        "url2": ""
      }
    },
    {
      "type": "Feature",
      "geometry": {
        "type": "Point",
        "coordinates": [
          133.0404834,
          35.471048
        ]
      },
      "properties": {
        "内容": "バス停: 月照寺",
        "name": "月照寺",
        "operator": "事業者不明",
        "ref": "",
        "url": "",
        "url2": ""
      }
    },
    {
      "type": "Feature",
      "geometry": {
        "type": "Point",
        "coordinates": [
          133.0389477,
          35.4660117
        ]
      },
      "properties": {
        "内容": "バス停: 天倫寺前",
        "name": "天倫寺前",
        "operator": "事業者不明",
        "ref": "",
        "url": "",
        "url2": ""
      }
    },
    {
      "type": "Feature",
      "geometry": {
        "type": "Point",
        "coordinates": [
          133.0089683,
          35.4231255
        ]
      },
      "properties": {
        "内容": "バス停: 玉湯郵便局",
        "name": "玉湯郵便局",
        "operator": "事業者不明",
        "ref": "",
        "url": "",
        "url2": ""
      }
    },
    {
      "type": "Feature",
      "geometry": {
        "type": "Point",
        "coordinates": [
          133.0093365,
          35.4198521
        ]
      },
      "properties": {
        "内容": "バス停: 温泉下",
        "name": "温泉下",
        "operator": "事業者不明",
        "ref": "",
        "url": "",
        "url2": ""
      }
    },
    {
      "type": "Feature",
      "geometry": {
        "type": "Point",
        "coordinates": [
          133.0092732,
          35.4181789
        ]
      },
      "properties": {
        "内容": "バス停: 姫神広場",
        "name": "姫神広場",
        "operator": "事業者不明",
        "ref": "",
        "url": "",
        "url2": ""
      }
    },
    {
      "type": "Feature",
      "geometry": {
        "type": "Point",
        "coordinates": [
          133.0900737,
          35.4404821
        ]
      },
      "properties": {
        "内容": "バス停: 宝台団地前",
        "name": "宝台団地前",
        "operator": "事業者不明",
        "ref": "",
        "url": "",
        "url2": ""
      }
    },
    {
      "type": "Feature",
      "geometry": {
        "type": "Point",
        "coordinates": [
          133.0902727,
          35.4406451
        ]
      },
      "properties": {
        "内容": "バス停: 宝台団地前",
        "name": "宝台団地前",
        "operator": "事業者不明",
        "ref": "",
        "url": "",
        "url2": ""
      }
    },
    {
      "type": "Feature",
      "geometry": {
        "type": "Point",
        "coordinates": [
          133.0965433,
          35.441774
        ]
      },
      "properties": {
        "内容": "バス停: 内陸団地",
        "name": "内陸団地",
        "operator": "事業者不明",
        "ref": "",
        "url": "",
        "url2": ""
      }
    },
    {
      "type": "Feature",
      "geometry": {
        "type": "Point",
        "coordinates": [
          133.0966077,
          35.4418723
        ]
      },
      "properties": {
        "内容": "バス停: 内陸団地",
        "name": "内陸団地",
        "operator": "事業者不明",
        "ref": "",
        "url": "",
        "url2": ""
      }
    },
    {
      "type": "Feature",
      "geometry": {
        "type": "Point",
        "coordinates": [
          133.0094238,
          35.417763
        ]
      },
      "properties": {
        "内容": "バス停: 姫神広場",
        "name": "姫神広場",
        "operator": "事業者不明",
        "ref": "",
        "url": "",
        "url2": ""
      }
    },
    {
      "type": "Feature",
      "geometry": {
        "type": "Point",
        "coordinates": [
          133.0096624,
          35.4170944
        ]
      },
      "properties": {
        "内容": "バス停: 玉造温泉ゆ～ゆ",
        "name": "玉造温泉ゆ～ゆ",
        "operator": "事業者不明",
        "ref": "",
        "url": "",
        "url2": ""
      }
    },
    {
      "type": "Feature",
      "geometry": {
        "type": "Point",
        "coordinates": [
          133.0097759,
          35.415855
        ]
      },
      "properties": {
        "内容": "バス停: 温泉上",
        "name": "温泉上",
        "operator": "事業者不明",
        "ref": "",
        "url": "",
        "url2": ""
      }
    },
    {
      "type": "Feature",
      "geometry": {
        "type": "Point",
        "coordinates": [
          133.0098513,
          35.4142849
        ]
      },
      "properties": {
        "内容": "バス停: 玉造温泉",
        "name": "玉造温泉",
        "operator": "事業者不明",
        "ref": "",
        "url": "",
        "url2": ""
      }
    },
    {
      "type": "Feature",
      "geometry": {
        "type": "Point",
        "coordinates": [
          133.1783128,
          35.3719092
        ]
      },
      "properties": {
        "内容": "バス停: 広瀬旭町",
        "name": "広瀬旭町",
        "operator": "事業者不明",
        "ref": "",
        "url": "",
        "url2": ""
      }
    },
    {
      "type": "Feature",
      "geometry": {
        "type": "Point",
        "coordinates": [
          133.1837673,
          35.3757441
        ]
      },
      "properties": {
        "内容": "バス停: 上石原",
        "name": "上石原",
        "operator": "事業者不明",
        "ref": "",
        "url": "",
        "url2": ""
      }
    },
    {
      "type": "Feature",
      "geometry": {
        "type": "Point",
        "coordinates": [
          133.1888632,
          35.378547
        ]
      },
      "properties": {
        "内容": "バス停: 下石原",
        "name": "下石原",
        "operator": "事業者不明",
        "ref": "",
        "url": "",
        "url2": ""
      }
    },
    {
      "type": "Feature",
      "geometry": {
        "type": "Point",
        "coordinates": [
          133.1937966,
          35.3807273
        ]
      },
      "properties": {
        "内容": "バス停: 鷺の湯温泉・足立美術館前",
        "name": "鷺の湯温泉・足立美術館前",
        "operator": "事業者不明",
        "ref": "",
        "url": "",
        "url2": ""
      }
    },
    {
      "type": "Feature",
      "geometry": {
        "type": "Point",
        "coordinates": [
          133.1935031,
          35.3807273
        ]
      },
      "properties": {
        "内容": "バス停: 鷺の湯温泉・足立美術館前",
        "name": "鷺の湯温泉・足立美術館前",
        "operator": "事業者不明",
        "ref": "",
        "url": "",
        "url2": ""
      }
    },
    {
      "type": "Feature",
      "geometry": {
        "type": "Point",
        "coordinates": [
          133.1978794,
          35.3815791
        ]
      },
      "properties": {
        "内容": "バス停: 安来節演芸館",
        "name": "安来節演芸館",
        "operator": "事業者不明",
        "ref": "",
        "url": "",
        "url2": ""
      }
    },
    {
      "type": "Feature",
      "geometry": {
        "type": "Point",
        "coordinates": [
          133.1747673,
          35.3675491
        ]
      },
      "properties": {
        "内容": "バス停: 合銀前",
        "name": "合銀前",
        "operator": "事業者不明",
        "ref": "",
        "url": "",
        "url2": ""
      }
    },
    {
      "type": "Feature",
      "geometry": {
        "type": "Point",
        "coordinates": [
          133.1746917,
          35.3652983
        ]
      },
      "properties": {
        "内容": "バス停: 本町",
        "name": "本町",
        "operator": "事業者不明",
        "ref": "",
        "url": "",
        "url2": ""
      }
    },
    {
      "type": "Feature",
      "geometry": {
        "type": "Point",
        "coordinates": [
          133.1748159,
          35.3620655
        ]
      },
      "properties": {
        "内容": "バス停: せんだん橋",
        "name": "せんだん橋",
        "operator": "事業者不明",
        "ref": "",
        "url": "",
        "url2": ""
      }
    },
    {
      "type": "Feature",
      "geometry": {
        "type": "Point",
        "coordinates": [
          133.0355919,
          35.4940963
        ]
      },
      "properties": {
        "内容": "バス停: 東生馬",
        "name": "東生馬",
        "operator": "事業者不明",
        "ref": "",
        "url": "",
        "url2": ""
      }
    },
    {
      "type": "Feature",
      "geometry": {
        "type": "Point",
        "coordinates": [
          133.0353099,
          35.4942175
        ]
      },
      "properties": {
        "内容": "バス停: 東生馬",
        "name": "東生馬",
        "operator": "事業者不明",
        "ref": "",
        "url": "",
        "url2": ""
      }
    },
    {
      "type": "Feature",
      "geometry": {
        "type": "Point",
        "coordinates": [
          133.1740088,
          35.3605576
        ]
      },
      "properties": {
        "内容": "バス停: 長谷川前",
        "name": "長谷川前",
        "operator": "事業者不明",
        "ref": "",
        "url": "",
        "url2": ""
      }
    },
    {
      "type": "Feature",
      "geometry": {
        "type": "Point",
        "coordinates": [
          133.1691516,
          35.358255
        ]
      },
      "properties": {
        "内容": "バス停: 上広瀬",
        "name": "上広瀬",
        "operator": "事業者不明",
        "ref": "",
        "url": "",
        "url2": ""
      }
    },
    {
      "type": "Feature",
      "geometry": {
        "type": "Point",
        "coordinates": [
          133.173256,
          35.3568643
        ]
      },
      "properties": {
        "内容": "バス停: 広瀬中学校",
        "name": "広瀬中学校",
        "operator": "事業者不明",
        "ref": "",
        "url": "",
        "url2": ""
      }
    },
    {
      "type": "Feature",
      "geometry": {
        "type": "Point",
        "coordinates": [
          133.1640335,
          35.3565055
        ]
      },
      "properties": {
        "内容": "バス停: 川平",
        "name": "川平",
        "operator": "事業者不明",
        "ref": "",
        "url": "",
        "url2": ""
      }
    },
    {
      "type": "Feature",
      "geometry": {
        "type": "Point",
        "coordinates": [
          133.1592778,
          35.352639
        ]
      },
      "properties": {
        "内容": "バス停: 福頼橋",
        "name": "福頼橋",
        "operator": "事業者不明",
        "ref": "",
        "url": "",
        "url2": ""
      }
    },
    {
      "type": "Feature",
      "geometry": {
        "type": "Point",
        "coordinates": [
          133.1602825,
          35.3515311
        ]
      },
      "properties": {
        "内容": "バス停: 上福頼",
        "name": "上福頼",
        "operator": "事業者不明",
        "ref": "",
        "url": "",
        "url2": ""
      }
    },
    {
      "type": "Feature",
      "geometry": {
        "type": "Point",
        "coordinates": [
          133.1593879,
          35.3495669
        ]
      },
      "properties": {
        "内容": "バス停: 福頼団地",
        "name": "福頼団地",
        "operator": "事業者不明",
        "ref": "",
        "url": "",
        "url2": ""
      }
    },
    {
      "type": "Feature",
      "geometry": {
        "type": "Point",
        "coordinates": [
          133.1585899,
          35.3490063
        ]
      },
      "properties": {
        "内容": "バス停: 福頼",
        "name": "福頼",
        "operator": "事業者不明",
        "ref": "",
        "url": "",
        "url2": ""
      }
    },
    {
      "type": "Feature",
      "geometry": {
        "type": "Point",
        "coordinates": [
          133.1531073,
          35.3460676
        ]
      },
      "properties": {
        "内容": "バス停: 二の瀬前",
        "name": "二の瀬前",
        "operator": "事業者不明",
        "ref": "",
        "url": "",
        "url2": ""
      }
    },
    {
      "type": "Feature",
      "geometry": {
        "type": "Point",
        "coordinates": [
          133.1493378,
          35.3464445
        ]
      },
      "properties": {
        "内容": "バス停: 下山佐交流センター前",
        "name": "下山佐交流センター前",
        "operator": "事業者不明",
        "ref": "",
        "url": "",
        "url2": ""
      }
    },
    {
      "type": "Feature",
      "geometry": {
        "type": "Point",
        "coordinates": [
          133.1422341,
          35.3481867
        ]
      },
      "properties": {
        "内容": "バス停: 下山佐神社前",
        "name": "下山佐神社前",
        "operator": "事業者不明",
        "ref": "",
        "url": "",
        "url2": ""
      }
    },
    {
      "type": "Feature",
      "geometry": {
        "type": "Point",
        "coordinates": [
          133.135026,
          35.3433978
        ]
      },
      "properties": {
        "内容": "バス停: 奥谷尻",
        "name": "奥谷尻",
        "operator": "事業者不明",
        "ref": "",
        "url": "",
        "url2": ""
      }
    },
    {
      "type": "Feature",
      "geometry": {
        "type": "Point",
        "coordinates": [
          133.1307237,
          35.3489443
        ]
      },
      "properties": {
        "内容": "バス停: 須釜",
        "name": "須釜",
        "operator": "事業者不明",
        "ref": "",
        "url": "",
        "url2": ""
      }
    },
    {
      "type": "Feature",
      "geometry": {
        "type": "Point",
        "coordinates": [
          133.1243314,
          35.3506311
        ]
      },
      "properties": {
        "内容": "バス停: 板橋",
        "name": "板橋",
        "operator": "事業者不明",
        "ref": "",
        "url": "",
        "url2": ""
      }
    },
    {
      "type": "Feature",
      "geometry": {
        "type": "Point",
        "coordinates": [
          133.1158688,
          35.3494746
        ]
      },
      "properties": {
        "内容": "バス停: 奥谷",
        "name": "奥谷",
        "operator": "事業者不明",
        "ref": "",
        "url": "",
        "url2": ""
      }
    },
    {
      "type": "Feature",
      "geometry": {
        "type": "Point",
        "coordinates": [
          133.1297133,
          35.3365569
        ]
      },
      "properties": {
        "内容": "バス停: 大畑",
        "name": "大畑",
        "operator": "事業者不明",
        "ref": "",
        "url": "",
        "url2": ""
      }
    },
    {
      "type": "Feature",
      "geometry": {
        "type": "Point",
        "coordinates": [
          133.1221719,
          35.3359728
        ]
      },
      "properties": {
        "内容": "バス停: 滝山尻",
        "name": "滝山尻",
        "operator": "事業者不明",
        "ref": "",
        "url": "",
        "url2": ""
      }
    },
    {
      "type": "Feature",
      "geometry": {
        "type": "Point",
        "coordinates": [
          133.1190735,
          35.3318858
        ]
      },
      "properties": {
        "内容": "バス停: 下中口",
        "name": "下中口",
        "operator": "事業者不明",
        "ref": "",
        "url": "",
        "url2": ""
      }
    },
    {
      "type": "Feature",
      "geometry": {
        "type": "Point",
        "coordinates": [
          133.1149889,
          35.3292887
        ]
      },
      "properties": {
        "内容": "バス停: 上中口",
        "name": "上中口",
        "operator": "事業者不明",
        "ref": "",
        "url": "",
        "url2": ""
      }
    },
    {
      "type": "Feature",
      "geometry": {
        "type": "Point",
        "coordinates": [
          133.1121566,
          35.3258699
        ]
      },
      "properties": {
        "内容": "バス停: 上山佐神社前",
        "name": "上山佐神社前",
        "operator": "事業者不明",
        "ref": "",
        "url": "",
        "url2": ""
      }
    },
    {
      "type": "Feature",
      "geometry": {
        "type": "Point",
        "coordinates": [
          133.1073647,
          35.3247261
        ]
      },
      "properties": {
        "内容": "バス停: 森口",
        "name": "森口",
        "operator": "事業者不明",
        "ref": "",
        "url": "",
        "url2": ""
      }
    },
    {
      "type": "Feature",
      "geometry": {
        "type": "Point",
        "coordinates": [
          133.105994,
          35.3248349
        ]
      },
      "properties": {
        "内容": "バス停: 山佐局前",
        "name": "山佐局前",
        "operator": "事業者不明",
        "ref": "",
        "url": "",
        "url2": ""
      }
    },
    {
      "type": "Feature",
      "geometry": {
        "type": "Point",
        "coordinates": [
          133.103647,
          35.3233949
        ]
      },
      "properties": {
        "内容": "バス停: 高木尻",
        "name": "高木尻",
        "operator": "事業者不明",
        "ref": "",
        "url": "",
        "url2": ""
      }
    },
    {
      "type": "Feature",
      "geometry": {
        "type": "Point",
        "coordinates": [
          133.104071,
          35.318407
        ]
      },
      "properties": {
        "内容": "バス停: 高橋",
        "name": "高橋",
        "operator": "事業者不明",
        "ref": "",
        "url": "",
        "url2": ""
      }
    },
    {
      "type": "Feature",
      "geometry": {
        "type": "Point",
        "coordinates": [
          133.099209,
          35.312023
        ]
      },
      "properties": {
        "内容": "バス停: 山佐ダム",
        "name": "山佐ダム",
        "operator": "事業者不明",
        "ref": "",
        "url": "",
        "url2": ""
      }
    },
    {
      "type": "Feature",
      "geometry": {
        "type": "Point",
        "coordinates": [
          133.1685578,
          35.341372
        ]
      },
      "properties": {
        "内容": "バス停: 菅原",
        "name": "菅原",
        "operator": "事業者不明",
        "ref": "",
        "url": "",
        "url2": ""
      }
    },
    {
      "type": "Feature",
      "geometry": {
        "type": "Point",
        "coordinates": [
          133.1725863,
          35.3367246
        ]
      },
      "properties": {
        "内容": "バス停: 菅原交流センター前",
        "name": "菅原交流センター前",
        "operator": "事業者不明",
        "ref": "",
        "url": "",
        "url2": ""
      }
    },
    {
      "type": "Feature",
      "geometry": {
        "type": "Point",
        "coordinates": [
          133.1740753,
          35.3348057
        ]
      },
      "properties": {
        "内容": "バス停: 菅沢",
        "name": "菅沢",
        "operator": "事業者不明",
        "ref": "",
        "url": "",
        "url2": ""
      }
    },
    {
      "type": "Feature",
      "geometry": {
        "type": "Point",
        "coordinates": [
          133.1734489,
          35.3313177
        ]
      },
      "properties": {
        "内容": "バス停: 八方原",
        "name": "八方原",
        "operator": "事業者不明",
        "ref": "",
        "url": "",
        "url2": ""
      }
    },
    {
      "type": "Feature",
      "geometry": {
        "type": "Point",
        "coordinates": [
          133.1692667,
          35.3275827
        ]
      },
      "properties": {
        "内容": "バス停: 八島",
        "name": "八島",
        "operator": "事業者不明",
        "ref": "",
        "url": "",
        "url2": ""
      }
    },
    {
      "type": "Feature",
      "geometry": {
        "type": "Point",
        "coordinates": [
          133.1672456,
          35.3226124
        ]
      },
      "properties": {
        "内容": "バス停: 市原",
        "name": "市原",
        "operator": "事業者不明",
        "ref": "",
        "url": "",
        "url2": ""
      }
    },
    {
      "type": "Feature",
      "geometry": {
        "type": "Point",
        "coordinates": [
          133.1735515,
          35.318728
        ]
      },
      "properties": {
        "内容": "バス停: 踊原",
        "name": "踊原",
        "operator": "事業者不明",
        "ref": "",
        "url": "",
        "url2": ""
      }
    },
    {
      "type": "Feature",
      "geometry": {
        "type": "Point",
        "coordinates": [
          133.1666383,
          35.3160161
        ]
      },
      "properties": {
        "内容": "バス停: 堂渡",
        "name": "堂渡",
        "operator": "事業者不明",
        "ref": "",
        "url": "",
        "url2": ""
      }
    },
    {
      "type": "Feature",
      "geometry": {
        "type": "Point",
        "coordinates": [
          133.162197,
          35.3155659
        ]
      },
      "properties": {
        "内容": "バス停: 下布部",
        "name": "下布部",
        "operator": "事業者不明",
        "ref": "",
        "url": "",
        "url2": ""
      }
    },
    {
      "type": "Feature",
      "geometry": {
        "type": "Point",
        "coordinates": [
          133.1552457,
          35.3095307
        ]
      },
      "properties": {
        "内容": "バス停: 金原",
        "name": "金原",
        "operator": "事業者不明",
        "ref": "",
        "url": "",
        "url2": ""
      }
    },
    {
      "type": "Feature",
      "geometry": {
        "type": "Point",
        "coordinates": [
          133.1480775,
          35.3019619
        ]
      },
      "properties": {
        "内容": "バス停: 椿前",
        "name": "椿前",
        "operator": "事業者不明",
        "ref": "",
        "url": "",
        "url2": ""
      }
    },
    {
      "type": "Feature",
      "geometry": {
        "type": "Point",
        "coordinates": [
          133.1482887,
          35.3007853
        ]
      },
      "properties": {
        "内容": "バス停: 布部学校前",
        "name": "布部学校前",
        "operator": "事業者不明",
        "ref": "",
        "url": "",
        "url2": ""
      }
    },
    {
      "type": "Feature",
      "geometry": {
        "type": "Point",
        "coordinates": [
          133.1483375,
          35.2975342
        ]
      },
      "properties": {
        "内容": "バス停: 松崎前",
        "name": "松崎前",
        "operator": "事業者不明",
        "ref": "",
        "url": "",
        "url2": ""
      }
    },
    {
      "type": "Feature",
      "geometry": {
        "type": "Point",
        "coordinates": [
          133.1492056,
          35.2959299
        ]
      },
      "properties": {
        "内容": "バス停: 川原前",
        "name": "川原前",
        "operator": "事業者不明",
        "ref": "",
        "url": "",
        "url2": ""
      }
    },
    {
      "type": "Feature",
      "geometry": {
        "type": "Point",
        "coordinates": [
          133.1511323,
          35.2948456
        ]
      },
      "properties": {
        "内容": "バス停: 乙見",
        "name": "乙見",
        "operator": "事業者不明",
        "ref": "",
        "url": "",
        "url2": ""
      }
    },
    {
      "type": "Feature",
      "geometry": {
        "type": "Point",
        "coordinates": [
          133.1365296,
          35.2773176
        ]
      },
      "properties": {
        "内容": "バス停: 川路",
        "name": "川路",
        "operator": "事業者不明",
        "ref": "",
        "url": "",
        "url2": ""
      }
    },
    {
      "type": "Feature",
      "geometry": {
        "type": "Point",
        "coordinates": [
          133.1384036,
          35.2732635
        ]
      },
      "properties": {
        "内容": "バス停: 西谷尻",
        "name": "西谷尻",
        "operator": "事業者不明",
        "ref": "",
        "url": "",
        "url2": ""
      }
    },
    {
      "type": "Feature",
      "geometry": {
        "type": "Point",
        "coordinates": [
          133.1420633,
          35.2709976
        ]
      },
      "properties": {
        "内容": "バス停: 柴場瀬",
        "name": "柴場瀬",
        "operator": "事業者不明",
        "ref": "",
        "url": "",
        "url2": ""
      }
    },
    {
      "type": "Feature",
      "geometry": {
        "type": "Point",
        "coordinates": [
          133.1388874,
          35.2660226
        ]
      },
      "properties": {
        "内容": "バス停: 駒場",
        "name": "駒場",
        "operator": "事業者不明",
        "ref": "",
        "url": "",
        "url2": ""
      }
    },
    {
      "type": "Feature",
      "geometry": {
        "type": "Point",
        "coordinates": [
          133.0295092,
          35.4939437
        ]
      },
      "properties": {
        "内容": "バス停: 整肢学園前",
        "name": "整肢学園前",
        "operator": "事業者不明",
        "ref": "",
        "url": "",
        "url2": ""
      }
    },
    {
      "type": "Feature",
      "geometry": {
        "type": "Point",
        "coordinates": [
          133.0295358,
          35.4938269
        ]
      },
      "properties": {
        "内容": "バス停: 整肢学園前",
        "name": "整肢学園前",
        "operator": "事業者不明",
        "ref": "",
        "url": "",
        "url2": ""
      }
    },
    {
      "type": "Feature",
      "geometry": {
        "type": "Point",
        "coordinates": [
          133.0279754,
          35.4941601
        ]
      },
      "properties": {
        "内容": "バス停: 高専前",
        "name": "高専前",
        "operator": "事業者不明",
        "ref": "",
        "url": "",
        "url2": ""
      }
    },
    {
      "type": "Feature",
      "geometry": {
        "type": "Point",
        "coordinates": [
          133.0272342,
          35.4941369
        ]
      },
      "properties": {
        "内容": "バス停: 高専前",
        "name": "高専前",
        "operator": "事業者不明",
        "ref": "",
        "url": "",
        "url2": ""
      }
    },
    {
      "type": "Feature",
      "geometry": {
        "type": "Point",
        "coordinates": [
          133.0402449,
          35.4916712
        ]
      },
      "properties": {
        "内容": "バス停: 県営住宅前",
        "name": "県営住宅前",
        "operator": "事業者不明",
        "ref": "",
        "url": "",
        "url2": ""
      }
    },
    {
      "type": "Feature",
      "geometry": {
        "type": "Point",
        "coordinates": [
          133.0428556,
          35.4952852
        ]
      },
      "properties": {
        "内容": "バス停: はなうみ苑",
        "name": "はなうみ苑",
        "operator": "事業者不明",
        "ref": "",
        "url": "",
        "url2": ""
      }
    },
    {
      "type": "Feature",
      "geometry": {
        "type": "Point",
        "coordinates": [
          133.0448332,
          35.4942346
        ]
      },
      "properties": {
        "内容": "バス停: 法吉団地南",
        "name": "法吉団地南",
        "operator": "事業者不明",
        "ref": "",
        "url": "",
        "url2": ""
      }
    },
    {
      "type": "Feature",
      "geometry": {
        "type": "Point",
        "coordinates": [
          133.045367,
          35.4960135
        ]
      },
      "properties": {
        "内容": "バス停: 法吉団地",
        "name": "法吉団地",
        "operator": "事業者不明",
        "ref": "",
        "url": "",
        "url2": ""
      }
    },
    {
      "type": "Feature",
      "geometry": {
        "type": "Point",
        "coordinates": [
          133.0470996,
          35.495468
        ]
      },
      "properties": {
        "内容": "バス停: 法吉団地東",
        "name": "法吉団地東",
        "operator": "事業者不明",
        "ref": "",
        "url": "",
        "url2": ""
      }
    },
    {
      "type": "Feature",
      "geometry": {
        "type": "Point",
        "coordinates": [
          133.0471227,
          35.493161
        ]
      },
      "properties": {
        "内容": "バス停: すまいる苑前",
        "name": "すまいる苑前",
        "operator": "事業者不明",
        "ref": "",
        "url": "",
        "url2": ""
      }
    },
    {
      "type": "Feature",
      "geometry": {
        "type": "Point",
        "coordinates": [
          133.0488278,
          35.4931725
        ]
      },
      "properties": {
        "内容": "バス停: うぐいす台",
        "name": "うぐいす台",
        "operator": "事業者不明",
        "ref": "",
        "url": "",
        "url2": ""
      }
    },
    {
      "type": "Feature",
      "geometry": {
        "type": "Point",
        "coordinates": [
          133.0492322,
          35.49161
        ]
      },
      "properties": {
        "内容": "バス停: 法吉公会堂前",
        "name": "法吉公会堂前",
        "operator": "事業者不明",
        "ref": "",
        "url": "",
        "url2": ""
      }
    },
    {
      "type": "Feature",
      "geometry": {
        "type": "Point",
        "coordinates": [
          133.0517459,
          35.4915127
        ]
      },
      "properties": {
        "内容": "バス停: 法吉",
        "name": "法吉",
        "operator": "事業者不明",
        "ref": "",
        "url": "",
        "url2": ""
      }
    },
    {
      "type": "Feature",
      "geometry": {
        "type": "Point",
        "coordinates": [
          133.0558273,
          35.492094
        ]
      },
      "properties": {
        "内容": "バス停: 第二県営住宅前",
        "name": "第二県営住宅前",
        "operator": "事業者不明",
        "ref": "",
        "url": "",
        "url2": ""
      }
    },
    {
      "type": "Feature",
      "geometry": {
        "type": "Point",
        "coordinates": [
          133.0578182,
          35.4927456
        ]
      },
      "properties": {
        "内容": "バス停: 第二淞北台団地入口",
        "name": "第二淞北台団地入口",
        "operator": "事業者不明",
        "ref": "",
        "url": "",
        "url2": ""
      }
    },
    {
      "type": "Feature",
      "geometry": {
        "type": "Point",
        "coordinates": [
          133.0599787,
          35.4927576
        ]
      },
      "properties": {
        "内容": "バス停: 東淞北台",
        "name": "東淞北台",
        "operator": "事業者不明",
        "ref": "",
        "url": "",
        "url2": ""
      }
    },
    {
      "type": "Feature",
      "geometry": {
        "type": "Point",
        "coordinates": [
          133.0600102,
          35.5198542
        ]
      },
      "properties": {
        "内容": "バス停: 山奥公民館前",
        "name": "山奥公民館前",
        "operator": "事業者不明",
        "ref": "",
        "url": "",
        "url2": ""
      }
    },
    {
      "type": "Feature",
      "geometry": {
        "type": "Point",
        "coordinates": [
          133.0572779,
          35.5248215
        ]
      },
      "properties": {
        "内容": "バス停: 上講武入口",
        "name": "上講武入口",
        "operator": "事業者不明",
        "ref": "",
        "url": "",
        "url2": ""
      }
    },
    {
      "type": "Feature",
      "geometry": {
        "type": "Point",
        "coordinates": [
          133.0566827,
          35.5258706
        ]
      },
      "properties": {
        "内容": "バス停: 地冷",
        "name": "地冷",
        "operator": "事業者不明",
        "ref": "",
        "url": "",
        "url2": ""
      }
    },
    {
      "type": "Feature",
      "geometry": {
        "type": "Point",
        "coordinates": [
          133.0261474,
          35.5224264
        ]
      },
      "properties": {
        "内容": "バス停: 鹿島ふれあい館",
        "name": "鹿島ふれあい館",
        "operator": "事業者不明",
        "ref": "",
        "url": "",
        "url2": ""
      }
    },
    {
      "type": "Feature",
      "geometry": {
        "type": "Point",
        "coordinates": [
          132.9956415,
          35.5216647
        ]
      },
      "properties": {
        "内容": "バス停: 鹿島支所",
        "name": "鹿島支所",
        "operator": "事業者不明",
        "ref": "",
        "url": "",
        "url2": ""
      }
    },
    {
      "type": "Feature",
      "geometry": {
        "type": "Point",
        "coordinates": [
          132.9967323,
          35.5215816
        ]
      },
      "properties": {
        "内容": "バス停: 鹿島支所",
        "name": "鹿島支所",
        "operator": "事業者不明",
        "ref": "",
        "url": "",
        "url2": ""
      }
    },
    {
      "type": "Feature",
      "geometry": {
        "type": "Point",
        "coordinates": [
          132.8740957,
          35.4929474
        ]
      },
      "properties": {
        "内容": "バス停: 一畑薬師",
        "name": "一畑薬師",
        "operator": "事業者不明",
        "ref": "",
        "url": "",
        "url2": ""
      }
    },
    {
      "type": "Feature",
      "geometry": {
        "type": "Point",
        "coordinates": [
          133.0383831,
          35.4691736
        ]
      },
      "properties": {
        "内容": "バス停: 二つ池",
        "name": "二つ池",
        "operator": "事業者不明",
        "ref": "",
        "url": "",
        "url2": ""
      }
    },
    {
      "type": "Feature",
      "geometry": {
        "type": "Point",
        "coordinates": [
          132.9094155,
          35.4076114
        ]
      },
      "properties": {
        "内容": "バス停: 宍道支所",
        "name": "宍道支所",
        "operator": "事業者不明",
        "ref": "",
        "url": "",
        "url2": ""
      }
    },
    {
      "type": "Feature",
      "geometry": {
        "type": "Point",
        "coordinates": [
          132.8801382,
          35.4940486
        ]
      },
      "properties": {
        "内容": "バス停: 一畑坂下",
        "name": "一畑坂下",
        "operator": "事業者不明",
        "ref": "",
        "url": "",
        "url2": ""
      }
    },
    {
      "type": "Feature",
      "geometry": {
        "type": "Point",
        "coordinates": [
          133.0372411,
          35.471492
        ]
      },
      "properties": {
        "内容": "バス停: 国屋",
        "name": "国屋",
        "operator": "事業者不明",
        "ref": "",
        "url": "",
        "url2": ""
      }
    },
    {
      "type": "Feature",
      "geometry": {
        "type": "Point",
        "coordinates": [
          132.8273089,
          35.4370118
        ]
      },
      "properties": {
        "内容": "バス停: 平田広域交番前",
        "name": "平田広域交番前",
        "operator": "事業者不明",
        "ref": "",
        "url": "",
        "url2": ""
      }
    },
    {
      "type": "Feature",
      "geometry": {
        "type": "Point",
        "coordinates": [
          133.2255915,
          35.5497777
        ]
      },
      "properties": {
        "内容": "バス停: 自衛隊前",
        "name": "自衛隊前",
        "operator": "事業者不明",
        "ref": "",
        "url": "",
        "url2": ""
      }
    },
    {
      "type": "Feature",
      "geometry": {
        "type": "Point",
        "coordinates": [
          133.2256199,
          35.5497037
        ]
      },
      "properties": {
        "内容": "バス停: 自衛隊前",
        "name": "自衛隊前",
        "operator": "事業者不明",
        "ref": "",
        "url": "",
        "url2": ""
      }
    },
    {
      "type": "Feature",
      "geometry": {
        "type": "Point",
        "coordinates": [
          133.1355935,
          35.5177877
        ]
      },
      "properties": {
        "内容": "バス停: 道の駅本庄",
        "name": "道の駅本庄",
        "operator": "事業者不明",
        "ref": "",
        "url": "",
        "url2": ""
      }
    },
    {
      "type": "Feature",
      "geometry": {
        "type": "Point",
        "coordinates": [
          133.1357576,
          35.5178394
        ]
      },
      "properties": {
        "内容": "バス停: 道の駅本庄",
        "name": "道の駅本庄",
        "operator": "事業者不明",
        "ref": "",
        "url": "",
        "url2": ""
      }
    },
    {
      "type": "Feature",
      "geometry": {
        "type": "Point",
        "coordinates": [
          133.1841022,
          35.5330625
        ]
      },
      "properties": {
        "内容": "バス停: 支所前",
        "name": "支所前",
        "operator": "事業者不明",
        "ref": "",
        "url": "",
        "url2": ""
      }
    },
    {
      "type": "Feature",
      "geometry": {
        "type": "Point",
        "coordinates": [
          132.9563583,
          35.4772684
        ]
      },
      "properties": {
        "内容": "バス停: 秋鹿町駅",
        "name": "秋鹿町駅",
        "operator": "事業者不明",
        "ref": "",
        "url": "",
        "url2": ""
      }
    },
    {
      "type": "Feature",
      "geometry": {
        "type": "Point",
        "coordinates": [
          132.957921,
          35.4799015
        ]
      },
      "properties": {
        "内容": "バス停: 秋鹿郵便局",
        "name": "秋鹿郵便局",
        "operator": "事業者不明",
        "ref": "",
        "url": "",
        "url2": ""
      }
    },
    {
      "type": "Feature",
      "geometry": {
        "type": "Point",
        "coordinates": [
          132.9510179,
          35.4755917
        ]
      },
      "properties": {
        "内容": "バス停: つきはしクリニック前",
        "name": "つきはしクリニック前",
        "operator": "事業者不明",
        "ref": "",
        "url": "",
        "url2": ""
      }
    },
    {
      "type": "Feature",
      "geometry": {
        "type": "Point",
        "coordinates": [
          132.9494941,
          35.4761551
        ]
      },
      "properties": {
        "内容": "バス停: 秋鹿公民館",
        "name": "秋鹿公民館",
        "operator": "事業者不明",
        "ref": "",
        "url": "",
        "url2": ""
      }
    },
    {
      "type": "Feature",
      "geometry": {
        "type": "Point",
        "coordinates": [
          132.955319,
          35.476963
        ]
      },
      "properties": {
        "内容": "バス停: マーケットまえ",
        "name": "マーケットまえ",
        "operator": "事業者不明",
        "ref": "",
        "url": "",
        "url2": ""
      }
    },
    {
      "type": "Feature",
      "geometry": {
        "type": "Point",
        "coordinates": [
          132.9543758,
          35.47969
        ]
      },
      "properties": {
        "内容": "バス停: さいとう歯科",
        "name": "さいとう歯科",
        "operator": "事業者不明",
        "ref": "",
        "url": "",
        "url2": ""
      }
    },
    {
      "type": "Feature",
      "geometry": {
        "type": "Point",
        "coordinates": [
          132.9514651,
          35.4807855
        ]
      },
      "properties": {
        "内容": "バス停: あいかの里",
        "name": "あいかの里",
        "operator": "事業者不明",
        "ref": "",
        "url": "",
        "url2": ""
      }
    },
    {
      "type": "Feature",
      "geometry": {
        "type": "Point",
        "coordinates": [
          133.0260239,
          35.4732934
        ]
      },
      "properties": {
        "内容": "バス停: 浜佐田灘公民館前",
        "name": "浜佐田灘公民館前",
        "operator": "事業者不明",
        "ref": "",
        "url": "",
        "url2": ""
      }
    },
    {
      "type": "Feature",
      "geometry": {
        "type": "Point",
        "coordinates": [
          133.0280926,
          35.4734687
        ]
      },
      "properties": {
        "内容": "バス停: 円光寺前",
        "name": "円光寺前",
        "operator": "事業者不明",
        "ref": "",
        "url": "",
        "url2": ""
      }
    },
    {
      "type": "Feature",
      "geometry": {
        "type": "Point",
        "coordinates": [
          133.0314732,
          35.4738928
        ]
      },
      "properties": {
        "内容": "バス停: 妙見下",
        "name": "妙見下",
        "operator": "事業者不明",
        "ref": "",
        "url": "",
        "url2": ""
      }
    },
    {
      "type": "Feature",
      "geometry": {
        "type": "Point",
        "coordinates": [
          133.0320943,
          35.4735397
        ]
      },
      "properties": {
        "内容": "バス停: 南平台入口",
        "name": "南平台入口",
        "operator": "事業者不明",
        "ref": "",
        "url": "",
        "url2": ""
      }
    },
    {
      "type": "Feature",
      "geometry": {
        "type": "Point",
        "coordinates": [
          133.03473,
          35.4720242
        ]
      },
      "properties": {
        "内容": "バス停: 長池",
        "name": "長池",
        "operator": "事業者不明",
        "ref": "",
        "url": "",
        "url2": ""
      }
    },
    {
      "type": "Feature",
      "geometry": {
        "type": "Point",
        "coordinates": [
          133.0623714,
          35.4728081
        ]
      },
      "properties": {
        "内容": "バス停: 南田町東",
        "name": "南田町東",
        "operator": "事業者不明",
        "ref": "",
        "url": "",
        "url2": ""
      }
    },
    {
      "type": "Feature",
      "geometry": {
        "type": "Point",
        "coordinates": [
          133.0694302,
          35.4733344
        ]
      },
      "properties": {
        "内容": "バス停: 麦島",
        "name": "麦島",
        "operator": "事業者不明",
        "ref": "",
        "url": "",
        "url2": ""
      }
    },
    {
      "type": "Feature",
      "geometry": {
        "type": "Point",
        "coordinates": [
          133.0695956,
          35.473251
        ]
      },
      "properties": {
        "内容": "バス停: 麦島",
        "name": "麦島",
        "operator": "事業者不明",
        "ref": "",
        "url": "",
        "url2": ""
      }
    },
    {
      "type": "Feature",
      "geometry": {
        "type": "Point",
        "coordinates": [
          133.0757624,
          35.4745743
        ]
      },
      "properties": {
        "内容": "バス停: 楽山入口",
        "name": "楽山入口",
        "operator": "事業者不明",
        "ref": "",
        "url": "",
        "url2": ""
      }
    },
    {
      "type": "Feature",
      "geometry": {
        "type": "Point",
        "coordinates": [
          133.0751706,
          35.4745743
        ]
      },
      "properties": {
        "内容": "バス停: 楽山入口",
        "name": "楽山入口",
        "operator": "事業者不明",
        "ref": "",
        "url": "",
        "url2": ""
      }
    },
    {
      "type": "Feature",
      "geometry": {
        "type": "Point",
        "coordinates": [
          133.0735261,
          35.4744314
        ]
      },
      "properties": {
        "内容": "バス停: 百足橋",
        "name": "百足橋",
        "operator": "事業者不明",
        "ref": "",
        "url": "",
        "url2": ""
      }
    },
    {
      "type": "Feature",
      "geometry": {
        "type": "Point",
        "coordinates": [
          133.0732804,
          35.4743563
        ]
      },
      "properties": {
        "内容": "バス停: 百足橋",
        "name": "百足橋",
        "operator": "事業者不明",
        "ref": "",
        "url": "",
        "url2": ""
      }
    },
    {
      "type": "Feature",
      "geometry": {
        "type": "Point",
        "coordinates": [
          133.0783617,
          35.4842402
        ]
      },
      "properties": {
        "内容": "バス停: 東高校",
        "name": "東高校",
        "operator": "事業者不明",
        "ref": "",
        "url": "",
        "url2": ""
      }
    },
    {
      "type": "Feature",
      "geometry": {
        "type": "Point",
        "coordinates": [
          133.0796473,
          35.4740226
        ]
      },
      "properties": {
        "内容": "バス停: 市成",
        "name": "市成",
        "operator": "事業者不明",
        "ref": "",
        "url": "",
        "url2": ""
      }
    },
    {
      "type": "Feature",
      "geometry": {
        "type": "Point",
        "coordinates": [
          133.0798737,
          35.4739388
        ]
      },
      "properties": {
        "内容": "バス停: 市成",
        "name": "市成",
        "operator": "事業者不明",
        "ref": "",
        "url": "",
        "url2": ""
      }
    },
    {
      "type": "Feature",
      "geometry": {
        "type": "Point",
        "coordinates": [
          133.0828505,
          35.471608
        ]
      },
      "properties": {
        "内容": "バス停: 小平",
        "name": "小平",
        "operator": "事業者不明",
        "ref": "",
        "url": "",
        "url2": ""
      }
    },
    {
      "type": "Feature",
      "geometry": {
        "type": "Point",
        "coordinates": [
          133.083003,
          35.4712289
        ]
      },
      "properties": {
        "内容": "バス停: 小平",
        "name": "小平",
        "operator": "事業者不明",
        "ref": "",
        "url": "",
        "url2": ""
      }
    },
    {
      "type": "Feature",
      "geometry": {
        "type": "Point",
        "coordinates": [
          133.085433,
          35.4696887
        ]
      },
      "properties": {
        "内容": "バス停: 太陽団地入口",
        "name": "太陽団地入口",
        "operator": "事業者不明",
        "ref": "",
        "url": "",
        "url2": ""
      }
    },
    {
      "type": "Feature",
      "geometry": {
        "type": "Point",
        "coordinates": [
          133.0856784,
          35.4696167
        ]
      },
      "properties": {
        "内容": "バス停: 太陽団地入口",
        "name": "太陽団地入口",
        "operator": "事業者不明",
        "ref": "",
        "url": "",
        "url2": ""
      }
    },
    {
      "type": "Feature",
      "geometry": {
        "type": "Point",
        "coordinates": [
          133.0875478,
          35.4699736
        ]
      },
      "properties": {
        "内容": "バス停: 郷戸",
        "name": "郷戸",
        "operator": "事業者不明",
        "ref": "",
        "url": "",
        "url2": ""
      }
    },
    {
      "type": "Feature",
      "geometry": {
        "type": "Point",
        "coordinates": [
          133.0892029,
          35.4701273
        ]
      },
      "properties": {
        "内容": "バス停: 女子高校前",
        "name": "女子高校前",
        "operator": "事業者不明",
        "ref": "",
        "url": "",
        "url2": ""
      }
    },
    {
      "type": "Feature",
      "geometry": {
        "type": "Point",
        "coordinates": [
          133.0889493,
          35.4699479
        ]
      },
      "properties": {
        "内容": "バス停: 女子高校前",
        "name": "女子高校前",
        "operator": "事業者不明",
        "ref": "",
        "url": "",
        "url2": ""
      }
    },
    {
      "type": "Feature",
      "geometry": {
        "type": "Point",
        "coordinates": [
          133.0706238,
          35.4849003
        ]
      },
      "properties": {
        "内容": "バス停: 川津",
        "name": "川津",
        "operator": "事業者不明",
        "ref": "",
        "url": "",
        "url2": ""
      }
    },
    {
      "type": "Feature",
      "geometry": {
        "type": "Point",
        "coordinates": [
          133.0713804,
          35.4852005
        ]
      },
      "properties": {
        "内容": "バス停: 西川津",
        "name": "西川津",
        "operator": "事業者不明",
        "ref": "",
        "url": "",
        "url2": ""
      }
    },
    {
      "type": "Feature",
      "geometry": {
        "type": "Point",
        "coordinates": [
          133.0714009,
          35.4846845
        ]
      },
      "properties": {
        "内容": "バス停: 橋本橋",
        "name": "橋本橋",
        "operator": "事業者不明",
        "ref": "",
        "url": "",
        "url2": ""
      }
    },
    {
      "type": "Feature",
      "geometry": {
        "type": "Point",
        "coordinates": [
          133.0789167,
          35.4815198
        ]
      },
      "properties": {
        "内容": "バス停: 国際交流会館前",
        "name": "国際交流会館前",
        "operator": "事業者不明",
        "ref": "",
        "url": "",
        "url2": ""
      }
    },
    {
      "type": "Feature",
      "geometry": {
        "type": "Point",
        "coordinates": [
          133.0783283,
          35.4815285
        ]
      },
      "properties": {
        "内容": "バス停: 国際交流会館前",
        "name": "国際交流会館前",
        "operator": "事業者不明",
        "ref": "",
        "url": "",
        "url2": ""
      }
    },
    {
      "type": "Feature",
      "geometry": {
        "type": "Point",
        "coordinates": [
          133.073819,
          35.4821198
        ]
      },
      "properties": {
        "内容": "バス停: 橋本",
        "name": "橋本",
        "operator": "事業者不明",
        "ref": "",
        "url": "",
        "url2": ""
      }
    },
    {
      "type": "Feature",
      "geometry": {
        "type": "Point",
        "coordinates": [
          133.071262,
          35.4808663
        ]
      },
      "properties": {
        "内容": "バス停: 楽山橋",
        "name": "楽山橋",
        "operator": "事業者不明",
        "ref": "",
        "url": "",
        "url2": ""
      }
    },
    {
      "type": "Feature",
      "geometry": {
        "type": "Point",
        "coordinates": [
          133.071363,
          35.4807155
        ]
      },
      "properties": {
        "内容": "バス停: 楽山橋",
        "name": "楽山橋",
        "operator": "事業者不明",
        "ref": "",
        "url": "",
        "url2": ""
      }
    },
    {
      "type": "Feature",
      "geometry": {
        "type": "Point",
        "coordinates": [
          133.0757228,
          35.4813231
        ]
      },
      "properties": {
        "内容": "バス停: 楽山公園入口",
        "name": "楽山公園入口",
        "operator": "事業者不明",
        "ref": "",
        "url": "",
        "url2": ""
      }
    },
    {
      "type": "Feature",
      "geometry": {
        "type": "Point",
        "coordinates": [
          133.0816549,
          35.484045
        ]
      },
      "properties": {
        "内容": "バス停: ニュー学園台入口",
        "name": "ニュー学園台入口",
        "operator": "事業者不明",
        "ref": "",
        "url": "",
        "url2": ""
      }
    },
    {
      "type": "Feature",
      "geometry": {
        "type": "Point",
        "coordinates": [
          133.0817126,
          35.4851308
        ]
      },
      "properties": {
        "内容": "バス停: ニュー学園台入口",
        "name": "ニュー学園台入口",
        "operator": "事業者不明",
        "ref": "",
        "url": "",
        "url2": ""
      }
    },
    {
      "type": "Feature",
      "geometry": {
        "type": "Point",
        "coordinates": [
          133.0855348,
          35.4799036
        ]
      },
      "properties": {
        "内容": "バス停: 養護学校前",
        "name": "養護学校前",
        "operator": "事業者不明",
        "ref": "",
        "url": "",
        "url2": ""
      }
    },
    {
      "type": "Feature",
      "geometry": {
        "type": "Point",
        "coordinates": [
          133.0854359,
          35.4798756
        ]
      },
      "properties": {
        "内容": "バス停: 養護学校前",
        "name": "養護学校前",
        "operator": "事業者不明",
        "ref": "",
        "url": "",
        "url2": ""
      }
    },
    {
      "type": "Feature",
      "geometry": {
        "type": "Point",
        "coordinates": [
          133.0748131,
          35.4891429
        ]
      },
      "properties": {
        "内容": "バス停: 大内谷",
        "name": "大内谷",
        "operator": "事業者不明",
        "ref": "",
        "url": "",
        "url2": ""
      }
    },
    {
      "type": "Feature",
      "geometry": {
        "type": "Point",
        "coordinates": [
          133.0763748,
          35.4929916
        ]
      },
      "properties": {
        "内容": "バス停: 東川津",
        "name": "東川津",
        "operator": "事業者不明",
        "ref": "",
        "url": "",
        "url2": ""
      }
    },
    {
      "type": "Feature",
      "geometry": {
        "type": "Point",
        "coordinates": [
          133.0763448,
          35.4931183
        ]
      },
      "properties": {
        "内容": "バス停: 東川津",
        "name": "東川津",
        "operator": "事業者不明",
        "ref": "",
        "url": "",
        "url2": ""
      }
    },
    {
      "type": "Feature",
      "geometry": {
        "type": "Point",
        "coordinates": [
          133.080944,
          35.4970879
        ]
      },
      "properties": {
        "内容": "バス停: 持田",
        "name": "持田",
        "operator": "事業者不明",
        "ref": "",
        "url": "",
        "url2": ""
      }
    },
    {
      "type": "Feature",
      "geometry": {
        "type": "Point",
        "coordinates": [
          133.0826493,
          35.4981881
        ]
      },
      "properties": {
        "内容": "バス停: 嵩山入口",
        "name": "嵩山入口",
        "operator": "事業者不明",
        "ref": "",
        "url": "",
        "url2": ""
      }
    },
    {
      "type": "Feature",
      "geometry": {
        "type": "Point",
        "coordinates": [
          133.0817386,
          35.506434
        ]
      },
      "properties": {
        "内容": "バス停: 東持田農道入口",
        "name": "東持田農道入口",
        "operator": "事業者不明",
        "ref": "",
        "url": "",
        "url2": ""
      }
    },
    {
      "type": "Feature",
      "geometry": {
        "type": "Point",
        "coordinates": [
          133.0804292,
          35.4982536
        ]
      },
      "properties": {
        "内容": "バス停: 持田公民館",
        "name": "持田公民館",
        "operator": "事業者不明",
        "ref": "",
        "url": "",
        "url2": ""
      }
    },
    {
      "type": "Feature",
      "geometry": {
        "type": "Point",
        "coordinates": [
          133.0757206,
          35.5155496
        ]
      },
      "properties": {
        "内容": "バス停: 納蔵集会所",
        "name": "納蔵集会所",
        "operator": "事業者不明",
        "ref": "",
        "url": "",
        "url2": ""
      }
    },
    {
      "type": "Feature",
      "geometry": {
        "type": "Point",
        "coordinates": [
          133.0776796,
          35.5185891
        ]
      },
      "properties": {
        "内容": "バス停: 観音堂前",
        "name": "観音堂前",
        "operator": "事業者不明",
        "ref": "",
        "url": "",
        "url2": ""
      }
    },
    {
      "type": "Feature",
      "geometry": {
        "type": "Point",
        "coordinates": [
          133.0849398,
          35.499518
        ]
      },
      "properties": {
        "内容": "バス停: 北山団地入口",
        "name": "北山団地入口",
        "operator": "事業者不明",
        "ref": "",
        "url": "",
        "url2": ""
      }
    },
    {
      "type": "Feature",
      "geometry": {
        "type": "Point",
        "coordinates": [
          133.0847831,
          35.4995232
        ]
      },
      "properties": {
        "内容": "バス停: 北山団地入口",
        "name": "北山団地入口",
        "operator": "事業者不明",
        "ref": "",
        "url": "",
        "url2": ""
      }
    },
    {
      "type": "Feature",
      "geometry": {
        "type": "Point",
        "coordinates": [
          133.0835535,
          35.502206
        ]
      },
      "properties": {
        "内容": "バス停: 平成ニュータウン南",
        "name": "平成ニュータウン南",
        "operator": "事業者不明",
        "ref": "",
        "url": "",
        "url2": ""
      }
    },
    {
      "type": "Feature",
      "geometry": {
        "type": "Point",
        "coordinates": [
          133.0832864,
          35.5025251
        ]
      },
      "properties": {
        "内容": "バス停: 平成ニュータウン南",
        "name": "平成ニュータウン南",
        "operator": "事業者不明",
        "ref": "",
        "url": "",
        "url2": ""
      }
    },
    {
      "type": "Feature",
      "geometry": {
        "type": "Point",
        "coordinates": [
          133.0841234,
          35.5044908
        ]
      },
      "properties": {
        "内容": "バス停: 平成ニュータウン東",
        "name": "平成ニュータウン東",
        "operator": "事業者不明",
        "ref": "",
        "url": "",
        "url2": ""
      }
    },
    {
      "type": "Feature",
      "geometry": {
        "type": "Point",
        "coordinates": [
          133.0835897,
          35.5046221
        ]
      },
      "properties": {
        "内容": "バス停: 平成ニュータウン西",
        "name": "平成ニュータウン西",
        "operator": "事業者不明",
        "ref": "",
        "url": "",
        "url2": ""
      }
    },
    {
      "type": "Feature",
      "geometry": {
        "type": "Point",
        "coordinates": [
          133.0841988,
          35.5059573
        ]
      },
      "properties": {
        "内容": "バス停: 平成ニュータウン北",
        "name": "平成ニュータウン北",
        "operator": "事業者不明",
        "ref": "",
        "url": "",
        "url2": ""
      }
    },
    {
      "type": "Feature",
      "geometry": {
        "type": "Point",
        "coordinates": [
          133.0887761,
          35.4799805
        ]
      },
      "properties": {
        "内容": "バス停: 四季ヶ丘入口",
        "name": "四季ヶ丘入口",
        "operator": "事業者不明",
        "ref": "",
        "url": "",
        "url2": ""
      }
    },
    {
      "type": "Feature",
      "geometry": {
        "type": "Point",
        "coordinates": [
          133.0892256,
          35.4820614
        ]
      },
      "properties": {
        "内容": "バス停: 四季ヶ丘南",
        "name": "四季ヶ丘南",
        "operator": "事業者不明",
        "ref": "",
        "url": "",
        "url2": ""
      }
    },
    {
      "type": "Feature",
      "geometry": {
        "type": "Point",
        "coordinates": [
          133.0884306,
          35.4825902
        ]
      },
      "properties": {
        "内容": "バス停: 四季ヶ丘西",
        "name": "四季ヶ丘西",
        "operator": "事業者不明",
        "ref": "",
        "url": "",
        "url2": ""
      }
    },
    {
      "type": "Feature",
      "geometry": {
        "type": "Point",
        "coordinates": [
          133.0895694,
          35.4835295
        ]
      },
      "properties": {
        "内容": "バス停: 四季ヶ丘北",
        "name": "四季ヶ丘北",
        "operator": "事業者不明",
        "ref": "",
        "url": "",
        "url2": ""
      }
    },
    {
      "type": "Feature",
      "geometry": {
        "type": "Point",
        "coordinates": [
          133.0910198,
          35.482612
        ]
      },
      "properties": {
        "内容": "バス停: 四季ヶ丘東",
        "name": "四季ヶ丘東",
        "operator": "事業者不明",
        "ref": "",
        "url": "",
        "url2": ""
      }
    },
    {
      "type": "Feature",
      "geometry": {
        "type": "Point",
        "coordinates": [
          133.0839323,
          35.4888869
        ]
      },
      "properties": {
        "内容": "バス停: 祖子分",
        "name": "祖子分",
        "operator": "事業者不明",
        "ref": "",
        "url": "",
        "url2": ""
      }
    },
    {
      "type": "Feature",
      "geometry": {
        "type": "Point",
        "coordinates": [
          133.0836842,
          35.4889991
        ]
      },
      "properties": {
        "内容": "バス停: 祖子分",
        "name": "祖子分",
        "operator": "事業者不明",
        "ref": "",
        "url": "",
        "url2": ""
      }
    },
    {
      "type": "Feature",
      "geometry": {
        "type": "Point",
        "coordinates": [
          133.0900248,
          35.4930598
        ]
      },
      "properties": {
        "内容": "バス停: あじさい団地",
        "name": "あじさい団地",
        "operator": "事業者不明",
        "ref": "",
        "url": "",
        "url2": ""
      }
    },
    {
      "type": "Feature",
      "geometry": {
        "type": "Point",
        "coordinates": [
          133.089054,
          35.4928868
        ]
      },
      "properties": {
        "内容": "バス停: あじさい団地入口",
        "name": "あじさい団地入口",
        "operator": "事業者不明",
        "ref": "",
        "url": "",
        "url2": ""
      }
    },
    {
      "type": "Feature",
      "geometry": {
        "type": "Point",
        "coordinates": [
          133.0887765,
          35.4929668
        ]
      },
      "properties": {
        "内容": "バス停: あじさい団地入口",
        "name": "あじさい団地入口",
        "operator": "事業者不明",
        "ref": "",
        "url": "",
        "url2": ""
      }
    },
    {
      "type": "Feature",
      "geometry": {
        "type": "Point",
        "coordinates": [
          133.0951064,
          35.4836254
        ]
      },
      "properties": {
        "内容": "バス停: 上組公民館前",
        "name": "上組公民館前",
        "operator": "事業者不明",
        "ref": "",
        "url": "",
        "url2": ""
      }
    },
    {
      "type": "Feature",
      "geometry": {
        "type": "Point",
        "coordinates": [
          133.0947747,
          35.4885898
        ]
      },
      "properties": {
        "内容": "バス停: 中組公民館前",
        "name": "中組公民館前",
        "operator": "事業者不明",
        "ref": "",
        "url": "",
        "url2": ""
      }
    },
    {
      "type": "Feature",
      "geometry": {
        "type": "Point",
        "coordinates": [
          133.0942152,
          35.4910121
        ]
      },
      "properties": {
        "内容": "バス停: 下組公民館前",
        "name": "下組公民館前",
        "operator": "事業者不明",
        "ref": "",
        "url": "",
        "url2": ""
      }
    },
    {
      "type": "Feature",
      "geometry": {
        "type": "Point",
        "coordinates": [
          132.8103958,
          35.4356615
        ]
      },
      "properties": {
        "内容": "バス停: 平田本陣記念館入口",
        "name": "平田本陣記念館入口",
        "operator": "事業者不明",
        "ref": "",
        "url": "",
        "url2": ""
      }
    },
    {
      "type": "Feature",
      "geometry": {
        "type": "Point",
        "coordinates": [
          133.0031072,
          35.4770128
        ]
      },
      "properties": {
        "内容": "バス停: エコロふるえ",
        "name": "エコロふるえ",
        "operator": "事業者不明",
        "ref": "",
        "url": "",
        "url2": ""
      }
    },
    {
      "type": "Feature",
      "geometry": {
        "type": "Point",
        "coordinates": [
          132.9988979,
          35.4783832
        ]
      },
      "properties": {
        "内容": "バス停: 古江公民館",
        "name": "古江公民館",
        "operator": "事業者不明",
        "ref": "",
        "url": "",
        "url2": ""
      }
    },
    {
      "type": "Feature",
      "geometry": {
        "type": "Point",
        "coordinates": [
          132.998814,
          35.4794843
        ]
      },
      "properties": {
        "内容": "バス停: 星野医院前",
        "name": "星野医院前",
        "operator": "事業者不明",
        "ref": "",
        "url": "",
        "url2": ""
      }
    },
    {
      "type": "Feature",
      "geometry": {
        "type": "Point",
        "coordinates": [
          133.1031041,
          35.4628127
        ]
      },
      "properties": {
        "内容": "バス停: 朝酌郵便局前",
        "name": "朝酌郵便局前",
        "operator": "事業者不明",
        "ref": "",
        "url": "",
        "url2": ""
      }
    },
    {
      "type": "Feature",
      "geometry": {
        "type": "Point",
        "coordinates": [
          132.985737,
          35.487797
        ]
      },
      "properties": {
        "内容": "バス停: グランドゴルフ場",
        "name": "グランドゴルフ場",
        "operator": "事業者不明",
        "ref": "",
        "url": "",
        "url2": ""
      }
    },
    {
      "type": "Feature",
      "geometry": {
        "type": "Point",
        "coordinates": [
          132.9814882,
          35.4897916
        ]
      },
      "properties": {
        "内容": "バス停: ターゲットバードゴルフ場",
        "name": "ターゲットバードゴルフ場",
        "operator": "事業者不明",
        "ref": "",
        "url": "",
        "url2": ""
      }
    },
    {
      "type": "Feature",
      "geometry": {
        "type": "Point",
        "coordinates": [
          133.0968386,
          35.465285
        ]
      },
      "properties": {
        "内容": "バス停: 手貝",
        "name": "手貝",
        "operator": "事業者不明",
        "ref": "",
        "url": "",
        "url2": ""
      }
    },
    {
      "type": "Feature",
      "geometry": {
        "type": "Point",
        "coordinates": [
          133.0994434,
          35.465286
        ]
      },
      "properties": {
        "内容": "バス停: 新山入口",
        "name": "新山入口",
        "operator": "事業者不明",
        "ref": "",
        "url": "",
        "url2": ""
      }
    },
    {
      "type": "Feature",
      "geometry": {
        "type": "Point",
        "coordinates": [
          133.1016695,
          35.464777
        ]
      },
      "properties": {
        "内容": "バス停: 朝酌公民館前",
        "name": "朝酌公民館前",
        "operator": "事業者不明",
        "ref": "",
        "url": "",
        "url2": ""
      }
    },
    {
      "type": "Feature",
      "geometry": {
        "type": "Point",
        "coordinates": [
          133.0005127,
          35.4780716
        ]
      },
      "properties": {
        "内容": "バス停: 古江",
        "name": "古江",
        "operator": "事業者不明",
        "ref": "",
        "url": "",
        "url2": ""
      }
    },
    {
      "type": "Feature",
      "geometry": {
        "type": "Point",
        "coordinates": [
          132.9953941,
          35.4813865
        ]
      },
      "properties": {
        "内容": "バス停: 大塚坂下",
        "name": "大塚坂下",
        "operator": "事業者不明",
        "ref": "",
        "url": "",
        "url2": ""
      }
    },
    {
      "type": "Feature",
      "geometry": {
        "type": "Point",
        "coordinates": [
          133.0921494,
          35.4672683
        ]
      },
      "properties": {
        "内容": "バス停: 西尾団地入口",
        "name": "西尾団地入口",
        "operator": "事業者不明",
        "ref": "",
        "url": "",
        "url2": ""
      }
    },
    {
      "type": "Feature",
      "geometry": {
        "type": "Point",
        "coordinates": [
          133.1031167,
          35.4536115
        ]
      },
      "properties": {
        "内容": "バス停: 矢田渡し場",
        "name": "矢田渡し場",
        "operator": "事業者不明",
        "ref": "",
        "url": "",
        "url2": ""
      }
    },
    {
      "type": "Feature",
      "geometry": {
        "type": "Point",
        "coordinates": [
          133.1073113,
          35.4509244
        ]
      },
      "properties": {
        "内容": "バス停: 矢田朝酌",
        "name": "矢田朝酌",
        "operator": "事業者不明",
        "ref": "",
        "url": "",
        "url2": ""
      }
    },
    {
      "type": "Feature",
      "geometry": {
        "type": "Point",
        "coordinates": [
          132.8236462,
          35.4325046
        ]
      },
      "properties": {
        "内容": "バス停: 雲州平田駅 (平田生活バス)",
        "name": "雲州平田駅",
        "operator": "平田生活バス",
        "ref": "",
        "url": "",
        "url2": ""
      }
    },
    {
      "type": "Feature",
      "geometry": {
        "type": "Point",
        "coordinates": [
          133.0576692,
          35.5648207
        ]
      },
      "properties": {
        "内容": "バス停: マリンプラザ前",
        "name": "マリンプラザ前",
        "operator": "事業者不明",
        "ref": "",
        "url": "",
        "url2": ""
      }
    },
    {
      "type": "Feature",
      "geometry": {
        "type": "Point",
        "coordinates": [
          133.1383025,
          35.4702876
        ]
      },
      "properties": {
        "内容": "バス停: 大海崎",
        "name": "大海崎",
        "operator": "事業者不明",
        "ref": "",
        "url": "",
        "url2": ""
      }
    },
    {
      "type": "Feature",
      "geometry": {
        "type": "Point",
        "coordinates": [
          133.1146307,
          35.4513548
        ]
      },
      "properties": {
        "内容": "バス停: 福富町",
        "name": "福富町",
        "operator": "事業者不明",
        "ref": "",
        "url": "",
        "url2": ""
      }
    },
    {
      "type": "Feature",
      "geometry": {
        "type": "Point",
        "coordinates": [
          133.1162546,
          35.4523229
        ]
      },
      "properties": {
        "内容": "バス停: 東福富",
        "name": "東福富",
        "operator": "事業者不明",
        "ref": "",
        "url": "",
        "url2": ""
      }
    },
    {
      "type": "Feature",
      "geometry": {
        "type": "Point",
        "coordinates": [
          133.1205771,
          35.4592679
        ]
      },
      "properties": {
        "内容": "バス停: 岩汐",
        "name": "岩汐",
        "operator": "事業者不明",
        "ref": "",
        "url": "",
        "url2": ""
      }
    },
    {
      "type": "Feature",
      "geometry": {
        "type": "Point",
        "coordinates": [
          133.1236533,
          35.462223
        ]
      },
      "properties": {
        "内容": "バス停: 大井",
        "name": "大井",
        "operator": "事業者不明",
        "ref": "",
        "url": "",
        "url2": ""
      }
    },
    {
      "type": "Feature",
      "geometry": {
        "type": "Point",
        "coordinates": [
          133.124068,
          35.4647279
        ]
      },
      "properties": {
        "内容": "バス停: 大井神社前",
        "name": "大井神社前",
        "operator": "事業者不明",
        "ref": "",
        "url": "",
        "url2": ""
      }
    },
    {
      "type": "Feature",
      "geometry": {
        "type": "Point",
        "coordinates": [
          133.1436219,
          35.4781353
        ]
      },
      "properties": {
        "内容": "バス停: 大海崎橋",
        "name": "大海崎橋",
        "operator": "事業者不明",
        "ref": "",
        "url": "",
        "url2": ""
      }
    },
    {
      "type": "Feature",
      "geometry": {
        "type": "Point",
        "coordinates": [
          133.1433545,
          35.4785254
        ]
      },
      "properties": {
        "内容": "バス停: 大海崎橋",
        "name": "大海崎橋",
        "operator": "事業者不明",
        "ref": "",
        "url": "",
        "url2": ""
      }
    },
    {
      "type": "Feature",
      "geometry": {
        "type": "Point",
        "coordinates": [
          133.1062678,
          35.4646886
        ]
      },
      "properties": {
        "内容": "バス停: 上組",
        "name": "上組",
        "operator": "事業者不明",
        "ref": "",
        "url": "",
        "url2": ""
      }
    },
    {
      "type": "Feature",
      "geometry": {
        "type": "Point",
        "coordinates": [
          133.1111441,
          35.4766184
        ]
      },
      "properties": {
        "内容": "バス停: 一の原",
        "name": "一の原",
        "operator": "事業者不明",
        "ref": "",
        "url": "",
        "url2": ""
      }
    },
    {
      "type": "Feature",
      "geometry": {
        "type": "Point",
        "coordinates": [
          133.1180904,
          35.4848
        ]
      },
      "properties": {
        "内容": "バス停: 嵩",
        "name": "嵩",
        "operator": "事業者不明",
        "ref": "",
        "url": "",
        "url2": ""
      }
    },
    {
      "type": "Feature",
      "geometry": {
        "type": "Point",
        "coordinates": [
          133.1312265,
          35.4868597
        ]
      },
      "properties": {
        "内容": "バス停: 上宇部尾町",
        "name": "上宇部尾町",
        "operator": "事業者不明",
        "ref": "",
        "url": "",
        "url2": ""
      }
    },
    {
      "type": "Feature",
      "geometry": {
        "type": "Point",
        "coordinates": [
          133.1318133,
          35.4865681
        ]
      },
      "properties": {
        "内容": "バス停: 上宇部尾集会所",
        "name": "上宇部尾集会所",
        "operator": "事業者不明",
        "ref": "",
        "url": "",
        "url2": ""
      }
    },
    {
      "type": "Feature",
      "geometry": {
        "type": "Point",
        "coordinates": [
          133.1320933,
          35.4885725
        ]
      },
      "properties": {
        "内容": "バス停: 有田商店前",
        "name": "有田商店前",
        "operator": "事業者不明",
        "ref": "",
        "url": "",
        "url2": ""
      }
    },
    {
      "type": "Feature",
      "geometry": {
        "type": "Point",
        "coordinates": [
          133.1648128,
          35.4896744
        ]
      },
      "properties": {
        "内容": "バス停: 田島",
        "name": "田島",
        "operator": "事業者不明",
        "ref": "",
        "url": "",
        "url2": ""
      }
    },
    {
      "type": "Feature",
      "geometry": {
        "type": "Point",
        "coordinates": [
          133.1637937,
          35.4911457
        ]
      },
      "properties": {
        "内容": "バス停: 川井入口",
        "name": "川井入口",
        "operator": "事業者不明",
        "ref": "",
        "url": "",
        "url2": ""
      }
    },
    {
      "type": "Feature",
      "geometry": {
        "type": "Point",
        "coordinates": [
          133.1601051,
          35.4934749
        ]
      },
      "properties": {
        "内容": "バス停: 入江",
        "name": "入江",
        "operator": "事業者不明",
        "ref": "",
        "url": "",
        "url2": ""
      }
    },
    {
      "type": "Feature",
      "geometry": {
        "type": "Point",
        "coordinates": [
          133.160385,
          35.4959319
        ]
      },
      "properties": {
        "内容": "バス停: 畑尻",
        "name": "畑尻",
        "operator": "事業者不明",
        "ref": "",
        "url": "",
        "url2": ""
      }
    },
    {
      "type": "Feature",
      "geometry": {
        "type": "Point",
        "coordinates": [
          133.1632337,
          35.4945401
        ]
      },
      "properties": {
        "内容": "バス停: 東入江",
        "name": "東入江",
        "operator": "事業者不明",
        "ref": "",
        "url": "",
        "url2": ""
      }
    },
    {
      "type": "Feature",
      "geometry": {
        "type": "Point",
        "coordinates": [
          133.1725519,
          35.4945715
        ]
      },
      "properties": {
        "内容": "バス停: 八束支所前",
        "name": "八束支所前",
        "operator": "事業者不明",
        "ref": "",
        "url": "",
        "url2": ""
      }
    },
    {
      "type": "Feature",
      "geometry": {
        "type": "Point",
        "coordinates": [
          133.172691,
          35.4943548
        ]
      },
      "properties": {
        "内容": "バス停: 八束支所・中村元記念館前",
        "name": "八束支所・中村元記念館前",
        "operator": "事業者不明",
        "ref": "",
        "url": "",
        "url2": ""
      }
    },
    {
      "type": "Feature",
      "geometry": {
        "type": "Point",
        "coordinates": [
          133.1728137,
          35.495552
        ]
      },
      "properties": {
        "内容": "バス停: 八束体育館前",
        "name": "八束体育館前",
        "operator": "事業者不明",
        "ref": "",
        "url": "",
        "url2": ""
      }
    },
    {
      "type": "Feature",
      "geometry": {
        "type": "Point",
        "coordinates": [
          133.1762377,
          35.4943912
        ]
      },
      "properties": {
        "内容": "バス停: 八束町・由志園入口",
        "name": "八束町・由志園入口",
        "operator": "事業者不明",
        "ref": "",
        "url": "",
        "url2": ""
      }
    },
    {
      "type": "Feature",
      "geometry": {
        "type": "Point",
        "coordinates": [
          133.1782804,
          35.4870553
        ]
      },
      "properties": {
        "内容": "バス停: 波入",
        "name": "波入",
        "operator": "事業者不明",
        "ref": "",
        "url": "",
        "url2": ""
      }
    },
    {
      "type": "Feature",
      "geometry": {
        "type": "Point",
        "coordinates": [
          133.1866615,
          35.4933745
        ]
      },
      "properties": {
        "内容": "バス停: 遅江",
        "name": "遅江",
        "operator": "事業者不明",
        "ref": "",
        "url": "",
        "url2": ""
      }
    },
    {
      "type": "Feature",
      "geometry": {
        "type": "Point",
        "coordinates": [
          133.1695899,
          35.5026581
        ]
      },
      "properties": {
        "内容": "バス停: 二子",
        "name": "二子",
        "operator": "事業者不明",
        "ref": "",
        "url": "",
        "url2": ""
      }
    },
    {
      "type": "Feature",
      "geometry": {
        "type": "Point",
        "coordinates": [
          133.1750462,
          35.5022
        ]
      },
      "properties": {
        "内容": "バス停: 寺津",
        "name": "寺津",
        "operator": "事業者不明",
        "ref": "",
        "url": "",
        "url2": ""
      }
    },
    {
      "type": "Feature",
      "geometry": {
        "type": "Point",
        "coordinates": [
          133.1796551,
          35.50353
        ]
      },
      "properties": {
        "内容": "バス停: 亀尻",
        "name": "亀尻",
        "operator": "事業者不明",
        "ref": "",
        "url": "",
        "url2": ""
      }
    },
    {
      "type": "Feature",
      "geometry": {
        "type": "Point",
        "coordinates": [
          133.187142,
          35.5027098
        ]
      },
      "properties": {
        "内容": "バス停: 馬渡",
        "name": "馬渡",
        "operator": "事業者不明",
        "ref": "",
        "url": "",
        "url2": ""
      }
    },
    {
      "type": "Feature",
      "geometry": {
        "type": "Point",
        "coordinates": [
          133.1947347,
          35.5119828
        ]
      },
      "properties": {
        "内容": "バス停: 江島",
        "name": "江島",
        "operator": "事業者不明",
        "ref": "",
        "url": "",
        "url2": ""
      }
    },
    {
      "type": "Feature",
      "geometry": {
        "type": "Point",
        "coordinates": [
          133.0751634,
          35.4931181
        ]
      },
      "properties": {
        "内容": "バス停: 嵩見団地入口",
        "name": "嵩見団地入口",
        "operator": "事業者不明",
        "ref": "",
        "url": "",
        "url2": ""
      }
    },
    {
      "type": "Feature",
      "geometry": {
        "type": "Point",
        "coordinates": [
          133.0750615,
          35.4934492
        ]
      },
      "properties": {
        "内容": "バス停: 嵩見団地入口",
        "name": "嵩見団地入口",
        "operator": "事業者不明",
        "ref": "",
        "url": "",
        "url2": ""
      }
    },
    {
      "type": "Feature",
      "geometry": {
        "type": "Point",
        "coordinates": [
          133.0735996,
          35.4958463
        ]
      },
      "properties": {
        "内容": "バス停: 竹崎団地入口",
        "name": "竹崎団地入口",
        "operator": "事業者不明",
        "ref": "",
        "url": "",
        "url2": ""
      }
    },
    {
      "type": "Feature",
      "geometry": {
        "type": "Point",
        "coordinates": [
          133.0686831,
          35.5052918
        ]
      },
      "properties": {
        "内容": "バス停: 日吉",
        "name": "日吉",
        "operator": "事業者不明",
        "ref": "",
        "url": "",
        "url2": ""
      }
    },
    {
      "type": "Feature",
      "geometry": {
        "type": "Point",
        "coordinates": [
          133.0684722,
          35.5052931
        ]
      },
      "properties": {
        "内容": "バス停: 西持田",
        "name": "西持田",
        "operator": "事業者不明",
        "ref": "",
        "url": "",
        "url2": ""
      }
    },
    {
      "type": "Feature",
      "geometry": {
        "type": "Point",
        "coordinates": [
          133.0634256,
          35.5078571
        ]
      },
      "properties": {
        "内容": "バス停: 小倉",
        "name": "小倉",
        "operator": "事業者不明",
        "ref": "",
        "url": "",
        "url2": ""
      }
    },
    {
      "type": "Feature",
      "geometry": {
        "type": "Point",
        "coordinates": [
          133.0633552,
          35.5078064
        ]
      },
      "properties": {
        "内容": "バス停: 小倉",
        "name": "小倉",
        "operator": "事業者不明",
        "ref": "",
        "url": "",
        "url2": ""
      }
    },
    {
      "type": "Feature",
      "geometry": {
        "type": "Point",
        "coordinates": [
          133.0491061,
          35.5285216
        ]
      },
      "properties": {
        "内容": "バス停: 谷奥",
        "name": "谷奥",
        "operator": "事業者不明",
        "ref": "",
        "url": "",
        "url2": ""
      }
    },
    {
      "type": "Feature",
      "geometry": {
        "type": "Point",
        "coordinates": [
          133.0439284,
          35.5271676
        ]
      },
      "properties": {
        "内容": "バス停: 清水",
        "name": "清水",
        "operator": "事業者不明",
        "ref": "",
        "url": "",
        "url2": ""
      }
    },
    {
      "type": "Feature",
      "geometry": {
        "type": "Point",
        "coordinates": [
          133.0438556,
          35.5270129
        ]
      },
      "properties": {
        "内容": "バス停: 清水",
        "name": "清水",
        "operator": "事業者不明",
        "ref": "",
        "url": "",
        "url2": ""
      }
    },
    {
      "type": "Feature",
      "geometry": {
        "type": "Point",
        "coordinates": [
          133.07141,
          35.4998724
        ]
      },
      "properties": {
        "内容": "バス停: 和田",
        "name": "和田",
        "operator": "事業者不明",
        "ref": "",
        "url": "",
        "url2": ""
      }
    },
    {
      "type": "Feature",
      "geometry": {
        "type": "Point",
        "coordinates": [
          133.0715006,
          35.4998918
        ]
      },
      "properties": {
        "内容": "バス停: 和田",
        "name": "和田",
        "operator": "事業者不明",
        "ref": "",
        "url": "",
        "url2": ""
      }
    },
    {
      "type": "Feature",
      "geometry": {
        "type": "Point",
        "coordinates": [
          133.0288708,
          35.5000096
        ]
      },
      "properties": {
        "内容": "バス停: 西の谷入口",
        "name": "西の谷入口",
        "operator": "事業者不明",
        "ref": "",
        "url": "",
        "url2": ""
      }
    },
    {
      "type": "Feature",
      "geometry": {
        "type": "Point",
        "coordinates": [
          133.0287388,
          35.4999511
        ]
      },
      "properties": {
        "内容": "バス停: 西の谷入口",
        "name": "西の谷入口",
        "operator": "事業者不明",
        "ref": "",
        "url": "",
        "url2": ""
      }
    },
    {
      "type": "Feature",
      "geometry": {
        "type": "Point",
        "coordinates": [
          133.0268238,
          35.5018215
        ]
      },
      "properties": {
        "内容": "バス停: 西生馬",
        "name": "西生馬",
        "operator": "事業者不明",
        "ref": "",
        "url": "",
        "url2": ""
      }
    },
    {
      "type": "Feature",
      "geometry": {
        "type": "Point",
        "coordinates": [
          133.0246427,
          35.5078732
        ]
      },
      "properties": {
        "内容": "バス停: 山路",
        "name": "山路",
        "operator": "事業者不明",
        "ref": "",
        "url": "",
        "url2": ""
      }
    },
    {
      "type": "Feature",
      "geometry": {
        "type": "Point",
        "coordinates": [
          133.0348136,
          35.4963564
        ]
      },
      "properties": {
        "内容": "バス停: 生馬が丘南",
        "name": "生馬が丘南",
        "operator": "事業者不明",
        "ref": "",
        "url": "",
        "url2": ""
      }
    },
    {
      "type": "Feature",
      "geometry": {
        "type": "Point",
        "coordinates": [
          133.0321111,
          35.498232
        ]
      },
      "properties": {
        "内容": "バス停: 生馬が丘西",
        "name": "生馬が丘西",
        "operator": "事業者不明",
        "ref": "",
        "url": "",
        "url2": ""
      }
    },
    {
      "type": "Feature",
      "geometry": {
        "type": "Point",
        "coordinates": [
          133.0342504,
          35.4980259
        ]
      },
      "properties": {
        "内容": "バス停: 生馬が丘",
        "name": "生馬が丘",
        "operator": "事業者不明",
        "ref": "",
        "url": "",
        "url2": ""
      }
    },
    {
      "type": "Feature",
      "geometry": {
        "type": "Point",
        "coordinates": [
          133.0228659,
          35.5173804
        ]
      },
      "properties": {
        "内容": "バス停: 南講武",
        "name": "南講武",
        "operator": "事業者不明",
        "ref": "",
        "url": "",
        "url2": ""
      }
    },
    {
      "type": "Feature",
      "geometry": {
        "type": "Point",
        "coordinates": [
          133.0281165,
          35.5189963
        ]
      },
      "properties": {
        "内容": "バス停: 小谷",
        "name": "小谷",
        "operator": "事業者不明",
        "ref": "",
        "url": "",
        "url2": ""
      }
    },
    {
      "type": "Feature",
      "geometry": {
        "type": "Point",
        "coordinates": [
          133.028297,
          35.5189838
        ]
      },
      "properties": {
        "内容": "バス停: 小谷",
        "name": "小谷",
        "operator": "事業者不明",
        "ref": "",
        "url": "",
        "url2": ""
      }
    },
    {
      "type": "Feature",
      "geometry": {
        "type": "Point",
        "coordinates": [
          133.0231628,
          35.521861
        ]
      },
      "properties": {
        "内容": "バス停: 善花",
        "name": "善花",
        "operator": "事業者不明",
        "ref": "",
        "url": "",
        "url2": ""
      }
    },
    {
      "type": "Feature",
      "geometry": {
        "type": "Point",
        "coordinates": [
          133.0238799,
          35.5211142
        ]
      },
      "properties": {
        "内容": "バス停: 善花ファミリーマート",
        "name": "善花ファミリーマート",
        "operator": "事業者不明",
        "ref": "",
        "url": "",
        "url2": ""
      }
    },
    {
      "type": "Feature",
      "geometry": {
        "type": "Point",
        "coordinates": [
          133.0335123,
          35.5220633
        ]
      },
      "properties": {
        "内容": "バス停: 多久神社",
        "name": "多久神社",
        "operator": "事業者不明",
        "ref": "",
        "url": "",
        "url2": ""
      }
    },
    {
      "type": "Feature",
      "geometry": {
        "type": "Point",
        "coordinates": [
          133.0384195,
          35.5244802
        ]
      },
      "properties": {
        "内容": "バス停: 立花",
        "name": "立花",
        "operator": "事業者不明",
        "ref": "",
        "url": "",
        "url2": ""
      }
    },
    {
      "type": "Feature",
      "geometry": {
        "type": "Point",
        "coordinates": [
          133.0409179,
          35.5252852
        ]
      },
      "properties": {
        "内容": "バス停: 上講武中央",
        "name": "上講武中央",
        "operator": "事業者不明",
        "ref": "",
        "url": "",
        "url2": ""
      }
    },
    {
      "type": "Feature",
      "geometry": {
        "type": "Point",
        "coordinates": [
          133.0185228,
          35.5124238
        ]
      },
      "properties": {
        "内容": "バス停: 才の谷団地入口",
        "name": "才の谷団地入口",
        "operator": "事業者不明",
        "ref": "",
        "url": "",
        "url2": ""
      }
    },
    {
      "type": "Feature",
      "geometry": {
        "type": "Point",
        "coordinates": [
          133.0154805,
          35.5128075
        ]
      },
      "properties": {
        "内容": "バス停: 才の谷入口",
        "name": "才の谷入口",
        "operator": "事業者不明",
        "ref": "",
        "url": "",
        "url2": ""
      }
    },
    {
      "type": "Feature",
      "geometry": {
        "type": "Point",
        "coordinates": [
          133.0150676,
          35.5140076
        ]
      },
      "properties": {
        "内容": "バス停: 才谷",
        "name": "才谷",
        "operator": "事業者不明",
        "ref": "",
        "url": "",
        "url2": ""
      }
    },
    {
      "type": "Feature",
      "geometry": {
        "type": "Point",
        "coordinates": [
          133.0187224,
          35.5152855
        ]
      },
      "properties": {
        "内容": "バス停: 君崎",
        "name": "君崎",
        "operator": "事業者不明",
        "ref": "",
        "url": "",
        "url2": ""
      }
    },
    {
      "type": "Feature",
      "geometry": {
        "type": "Point",
        "coordinates": [
          133.0236287,
          35.5253064
        ]
      },
      "properties": {
        "内容": "バス停: 西谷",
        "name": "西谷",
        "operator": "事業者不明",
        "ref": "",
        "url": "",
        "url2": ""
      }
    },
    {
      "type": "Feature",
      "geometry": {
        "type": "Point",
        "coordinates": [
          133.0252826,
          35.5262804
        ]
      },
      "properties": {
        "内容": "バス停: 北講武",
        "name": "北講武",
        "operator": "事業者不明",
        "ref": "",
        "url": "",
        "url2": ""
      }
    },
    {
      "type": "Feature",
      "geometry": {
        "type": "Point",
        "coordinates": [
          133.0243421,
          35.5242988
        ]
      },
      "properties": {
        "内容": "バス停: 鹿島ふれあい館入口",
        "name": "鹿島ふれあい館入口",
        "operator": "事業者不明",
        "ref": "",
        "url": "",
        "url2": ""
      }
    },
    {
      "type": "Feature",
      "geometry": {
        "type": "Point",
        "coordinates": [
          132.9953503,
          35.5008602
        ]
      },
      "properties": {
        "内容": "バス停: 牛切作業所",
        "name": "牛切作業所",
        "operator": "事業者不明",
        "ref": "",
        "url": "",
        "url2": ""
      }
    },
    {
      "type": "Feature",
      "geometry": {
        "type": "Point",
        "coordinates": [
          133.0063382,
          35.5111005
        ]
      },
      "properties": {
        "内容": "バス停: 中電宮内社宅前",
        "name": "中電宮内社宅前",
        "operator": "事業者不明",
        "ref": "",
        "url": "",
        "url2": ""
      }
    },
    {
      "type": "Feature",
      "geometry": {
        "type": "Point",
        "coordinates": [
          132.9916053,
          35.5049711
        ]
      },
      "properties": {
        "内容": "バス停: 成相寺門前",
        "name": "成相寺門前",
        "operator": "事業者不明",
        "ref": "",
        "url": "",
        "url2": ""
      }
    },
    {
      "type": "Feature",
      "geometry": {
        "type": "Point",
        "coordinates": [
          132.9899651,
          35.4951222
        ]
      },
      "properties": {
        "内容": "バス停: 荘公民館",
        "name": "荘公民館",
        "operator": "事業者不明",
        "ref": "",
        "url": "",
        "url2": ""
      }
    },
    {
      "type": "Feature",
      "geometry": {
        "type": "Point",
        "coordinates": [
          133.0081606,
          35.5100264
        ]
      },
      "properties": {
        "内容": "バス停: 佐太神社",
        "name": "佐太神社",
        "operator": "事業者不明",
        "ref": "",
        "url": "",
        "url2": ""
      }
    },
    {
      "type": "Feature",
      "geometry": {
        "type": "Point",
        "coordinates": [
          133.0090614,
          35.5098732
        ]
      },
      "properties": {
        "内容": "バス停: 佐太神社前",
        "name": "佐太神社前",
        "operator": "事業者不明",
        "ref": "",
        "url": "",
        "url2": ""
      }
    },
    {
      "type": "Feature",
      "geometry": {
        "type": "Point",
        "coordinates": [
          133.0089434,
          35.5090549
        ]
      },
      "properties": {
        "内容": "バス停: 佐太神社前",
        "name": "佐太神社前",
        "operator": "事業者不明",
        "ref": "",
        "url": "",
        "url2": ""
      }
    },
    {
      "type": "Feature",
      "geometry": {
        "type": "Point",
        "coordinates": [
          133.010531,
          35.5116565
        ]
      },
      "properties": {
        "内容": "バス停: 新土手入口",
        "name": "新土手入口",
        "operator": "事業者不明",
        "ref": "",
        "url": "",
        "url2": ""
      }
    },
    {
      "type": "Feature",
      "geometry": {
        "type": "Point",
        "coordinates": [
          133.0143933,
          35.5153861
        ]
      },
      "properties": {
        "内容": "バス停: 七日市",
        "name": "七日市",
        "operator": "事業者不明",
        "ref": "",
        "url": "",
        "url2": ""
      }
    },
    {
      "type": "Feature",
      "geometry": {
        "type": "Point",
        "coordinates": [
          133.014334,
          35.5155849
        ]
      },
      "properties": {
        "内容": "バス停: 七日市",
        "name": "七日市",
        "operator": "事業者不明",
        "ref": "",
        "url": "",
        "url2": ""
      }
    },
    {
      "type": "Feature",
      "geometry": {
        "type": "Point",
        "coordinates": [
          133.0112815,
          35.5064969
        ]
      },
      "properties": {
        "内容": "バス停: 天路前",
        "name": "天路前",
        "operator": "事業者不明",
        "ref": "",
        "url": "",
        "url2": ""
      }
    },
    {
      "type": "Feature",
      "geometry": {
        "type": "Point",
        "coordinates": [
          133.0115633,
          35.5061771
        ]
      },
      "properties": {
        "内容": "バス停: 天路前",
        "name": "天路前",
        "operator": "事業者不明",
        "ref": "",
        "url": "",
        "url2": ""
      }
    },
    {
      "type": "Feature",
      "geometry": {
        "type": "Point",
        "coordinates": [
          133.0150435,
          35.5007774
        ]
      },
      "properties": {
        "内容": "バス停: 上佐陀",
        "name": "上佐陀",
        "operator": "事業者不明",
        "ref": "",
        "url": "",
        "url2": ""
      }
    },
    {
      "type": "Feature",
      "geometry": {
        "type": "Point",
        "coordinates": [
          133.0148457,
          35.5007681
        ]
      },
      "properties": {
        "内容": "バス停: 上佐陀",
        "name": "上佐陀",
        "operator": "事業者不明",
        "ref": "",
        "url": "",
        "url2": ""
      }
    },
    {
      "type": "Feature",
      "geometry": {
        "type": "Point",
        "coordinates": [
          133.0189408,
          35.49625
        ]
      },
      "properties": {
        "内容": "バス停: 下佐陀",
        "name": "下佐陀",
        "operator": "事業者不明",
        "ref": "",
        "url": "",
        "url2": ""
      }
    },
    {
      "type": "Feature",
      "geometry": {
        "type": "Point",
        "coordinates": [
          133.0192662,
          35.4961025
        ]
      },
      "properties": {
        "内容": "バス停: 下佐陀",
        "name": "下佐陀",
        "operator": "事業者不明",
        "ref": "",
        "url": "",
        "url2": ""
      }
    },
    {
      "type": "Feature",
      "geometry": {
        "type": "Point",
        "coordinates": [
          133.0238654,
          35.4945872
        ]
      },
      "properties": {
        "内容": "バス停: 下佐陀下",
        "name": "下佐陀下",
        "operator": "事業者不明",
        "ref": "",
        "url": "",
        "url2": ""
      }
    },
    {
      "type": "Feature",
      "geometry": {
        "type": "Point",
        "coordinates": [
          133.0242569,
          35.4946208
        ]
      },
      "properties": {
        "内容": "バス停: 下佐陀下",
        "name": "下佐陀下",
        "operator": "事業者不明",
        "ref": "",
        "url": "",
        "url2": ""
      }
    },
    {
      "type": "Feature",
      "geometry": {
        "type": "Point",
        "coordinates": [
          133.0637618,
          35.4825152
        ]
      },
      "properties": {
        "内容": "バス停: 菅田庵入口",
        "name": "菅田庵入口",
        "operator": "事業者不明",
        "ref": "",
        "url": "",
        "url2": ""
      }
    },
    {
      "type": "Feature",
      "geometry": {
        "type": "Point",
        "coordinates": [
          133.0108865,
          35.491645
        ]
      },
      "properties": {
        "内容": "バス停: 中古志入口",
        "name": "中古志入口",
        "operator": "事業者不明",
        "ref": "",
        "url": "",
        "url2": ""
      }
    },
    {
      "type": "Feature",
      "geometry": {
        "type": "Point",
        "coordinates": [
          133.0118783,
          35.4940054
        ]
      },
      "properties": {
        "内容": "バス停: 小畑入口",
        "name": "小畑入口",
        "operator": "事業者不明",
        "ref": "",
        "url": "",
        "url2": ""
      }
    },
    {
      "type": "Feature",
      "geometry": {
        "type": "Point",
        "coordinates": [
          133.0064957,
          35.4842528
        ]
      },
      "properties": {
        "内容": "バス停: 下組集会所",
        "name": "下組集会所",
        "operator": "事業者不明",
        "ref": "",
        "url": "",
        "url2": ""
      }
    },
    {
      "type": "Feature",
      "geometry": {
        "type": "Point",
        "coordinates": [
          133.0095598,
          35.4844771
        ]
      },
      "properties": {
        "内容": "バス停: 下東入口",
        "name": "下東入口",
        "operator": "事業者不明",
        "ref": "",
        "url": "",
        "url2": ""
      }
    },
    {
      "type": "Feature",
      "geometry": {
        "type": "Point",
        "coordinates": [
          133.0101274,
          35.4971388
        ]
      },
      "properties": {
        "内容": "バス停: 峰垣入口",
        "name": "峰垣入口",
        "operator": "事業者不明",
        "ref": "",
        "url": "",
        "url2": ""
      }
    },
    {
      "type": "Feature",
      "geometry": {
        "type": "Point",
        "coordinates": [
          133.0079695,
          35.5029938
        ]
      },
      "properties": {
        "内容": "バス停: 野間",
        "name": "野間",
        "operator": "事業者不明",
        "ref": "",
        "url": "",
        "url2": ""
      }
    },
    {
      "type": "Feature",
      "geometry": {
        "type": "Point",
        "coordinates": [
          133.0128203,
          35.4860965
        ]
      },
      "properties": {
        "内容": "バス停: 下古志公民館",
        "name": "下古志公民館",
        "operator": "事業者不明",
        "ref": "",
        "url": "",
        "url2": ""
      }
    },
    {
      "type": "Feature",
      "geometry": {
        "type": "Point",
        "coordinates": [
          132.9337496,
          35.5160759
        ]
      },
      "properties": {
        "内容": "バス停: 芦尾",
        "name": "芦尾",
        "operator": "事業者不明",
        "ref": "",
        "url": "",
        "url2": ""
      }
    },
    {
      "type": "Feature",
      "geometry": {
        "type": "Point",
        "coordinates": [
          132.940698,
          35.5137046
        ]
      },
      "properties": {
        "内容": "バス停: 六坊",
        "name": "六坊",
        "operator": "事業者不明",
        "ref": "",
        "url": "",
        "url2": ""
      }
    },
    {
      "type": "Feature",
      "geometry": {
        "type": "Point",
        "coordinates": [
          132.9768449,
          35.5216064
        ]
      },
      "properties": {
        "内容": "バス停: 古浦海水浴場",
        "name": "古浦海水浴場",
        "operator": "事業者不明",
        "ref": "",
        "url": "",
        "url2": ""
      }
    },
    {
      "type": "Feature",
      "geometry": {
        "type": "Point",
        "coordinates": [
          132.9763398,
          35.5219506
        ]
      },
      "properties": {
        "内容": "バス停: 古浦",
        "name": "古浦",
        "operator": "事業者不明",
        "ref": "",
        "url": "",
        "url2": ""
      }
    },
    {
      "type": "Feature",
      "geometry": {
        "type": "Point",
        "coordinates": [
          132.9768401,
          35.5249483
        ]
      },
      "properties": {
        "内容": "バス停: 古浦漁業会前",
        "name": "古浦漁業会前",
        "operator": "事業者不明",
        "ref": "",
        "url": "",
        "url2": ""
      }
    },
    {
      "type": "Feature",
      "geometry": {
        "type": "Point",
        "coordinates": [
          132.9215001,
          35.5158903
        ]
      },
      "properties": {
        "内容": "バス停: 魚瀬",
        "name": "魚瀬",
        "operator": "事業者不明",
        "ref": "",
        "url": "",
        "url2": ""
      }
    },
    {
      "type": "Feature",
      "geometry": {
        "type": "Point",
        "coordinates": [
          132.9189997,
          35.5140966
        ]
      },
      "properties": {
        "内容": "バス停: 魚瀬入口",
        "name": "魚瀬入口",
        "operator": "事業者不明",
        "ref": "",
        "url": "",
        "url2": ""
      }
    },
    {
      "type": "Feature",
      "geometry": {
        "type": "Point",
        "coordinates": [
          132.9207301,
          35.5126894
        ]
      },
      "properties": {
        "内容": "バス停: 黒松",
        "name": "黒松",
        "operator": "事業者不明",
        "ref": "",
        "url": "",
        "url2": ""
      }
    },
    {
      "type": "Feature",
      "geometry": {
        "type": "Point",
        "coordinates": [
          132.8646677,
          35.4466285
        ]
      },
      "properties": {
        "内容": "バス停: 湖遊館",
        "name": "湖遊館",
        "operator": "事業者不明",
        "ref": "",
        "url": "",
        "url2": ""
      }
    },
    {
      "type": "Feature",
      "geometry": {
        "type": "Point",
        "coordinates": [
          132.861762,
          35.4521355
        ]
      },
      "properties": {
        "内容": "バス停: 湖遊館新駅",
        "name": "湖遊館新駅",
        "operator": "事業者不明",
        "ref": "",
        "url": "",
        "url2": ""
      }
    },
    {
      "type": "Feature",
      "geometry": {
        "type": "Point",
        "coordinates": [
          132.8824478,
          35.4647214
        ]
      },
      "properties": {
        "内容": "バス停: 一畑口駅",
        "name": "一畑口駅",
        "operator": "事業者不明",
        "ref": "",
        "url": "",
        "url2": ""
      }
    },
    {
      "type": "Feature",
      "geometry": {
        "type": "Point",
        "coordinates": [
          132.8680992,
          35.4564415
        ]
      },
      "properties": {
        "内容": "バス停: 園駅",
        "name": "園駅",
        "operator": "事業者不明",
        "ref": "",
        "url": "",
        "url2": ""
      }
    },
    {
      "type": "Feature",
      "geometry": {
        "type": "Point",
        "coordinates": [
          133.0479926,
          35.4792371
        ]
      },
      "properties": {
        "内容": "バス停: 塩見縄手入口",
        "name": "塩見縄手入口",
        "operator": "事業者不明",
        "ref": "",
        "url": "",
        "url2": ""
      }
    },
    {
      "type": "Feature",
      "geometry": {
        "type": "Point",
        "coordinates": [
          133.048017,
          35.4793615
        ]
      },
      "properties": {
        "内容": "バス停: 塩見縄手入口",
        "name": "塩見縄手入口",
        "operator": "事業者不明",
        "ref": "",
        "url": "",
        "url2": ""
      }
    },
    {
      "type": "Feature",
      "geometry": {
        "type": "Point",
        "coordinates": [
          133.0468969,
          35.4794834
        ]
      },
      "properties": {
        "内容": "バス停: 堀川遊覧船乗場",
        "name": "堀川遊覧船乗場",
        "operator": "事業者不明",
        "ref": "",
        "url": "",
        "url2": ""
      }
    },
    {
      "type": "Feature",
      "geometry": {
        "type": "Point",
        "coordinates": [
          133.0462445,
          35.4794266
        ]
      },
      "properties": {
        "内容": "バス停: 堀川遊覧船乗場",
        "name": "堀川遊覧船乗場",
        "operator": "事業者不明",
        "ref": "",
        "url": "",
        "url2": ""
      }
    },
    {
      "type": "Feature",
      "geometry": {
        "type": "Point",
        "coordinates": [
          133.0449825,
          35.4807205
        ]
      },
      "properties": {
        "内容": "バス停: 松江営業所",
        "name": "松江営業所",
        "operator": "事業者不明",
        "ref": "",
        "url": "",
        "url2": ""
      }
    },
    {
      "type": "Feature",
      "geometry": {
        "type": "Point",
        "coordinates": [
          133.3087346,
          35.562583
        ]
      },
      "properties": {
        "内容": "バス停: 美保関",
        "name": "美保関",
        "operator": "事業者不明",
        "ref": "",
        "url": "",
        "url2": ""
      }
    },
    {
      "type": "Feature",
      "geometry": {
        "type": "Point",
        "coordinates": [
          133.3080783,
          35.5611516
        ]
      },
      "properties": {
        "内容": "バス停: 美保神社入口",
        "name": "美保神社入口",
        "operator": "事業者不明",
        "ref": "",
        "url": "",
        "url2": ""
      }
    },
    {
      "type": "Feature",
      "geometry": {
        "type": "Point",
        "coordinates": [
          133.3065531,
          35.5601176
        ]
      },
      "properties": {
        "内容": "バス停: 五本松公園入口",
        "name": "五本松公園入口",
        "operator": "事業者不明",
        "ref": "",
        "url": "",
        "url2": ""
      }
    },
    {
      "type": "Feature",
      "geometry": {
        "type": "Point",
        "coordinates": [
          133.3030283,
          35.5580744
        ]
      },
      "properties": {
        "内容": "バス停: 四谷",
        "name": "四谷",
        "operator": "事業者不明",
        "ref": "",
        "url": "",
        "url2": ""
      }
    },
    {
      "type": "Feature",
      "geometry": {
        "type": "Point",
        "coordinates": [
          133.2984123,
          35.5586933
        ]
      },
      "properties": {
        "内容": "バス停: 海崎",
        "name": "海崎",
        "operator": "事業者不明",
        "ref": "",
        "url": "",
        "url2": ""
      }
    },
    {
      "type": "Feature",
      "geometry": {
        "type": "Point",
        "coordinates": [
          133.3044207,
          35.5682174
        ]
      },
      "properties": {
        "内容": "バス停: 才浦",
        "name": "才浦",
        "operator": "事業者不明",
        "ref": "",
        "url": "",
        "url2": ""
      }
    },
    {
      "type": "Feature",
      "geometry": {
        "type": "Point",
        "coordinates": [
          133.297902,
          35.5705626
        ]
      },
      "properties": {
        "内容": "バス停: 軽尾",
        "name": "軽尾",
        "operator": "事業者不明",
        "ref": "",
        "url": "",
        "url2": ""
      }
    },
    {
      "type": "Feature",
      "geometry": {
        "type": "Point",
        "coordinates": [
          133.2934517,
          35.5593693
        ]
      },
      "properties": {
        "内容": "バス停: もく井",
        "name": "もく井",
        "operator": "事業者不明",
        "ref": "",
        "url": "",
        "url2": ""
      }
    },
    {
      "type": "Feature",
      "geometry": {
        "type": "Point",
        "coordinates": [
          133.2861309,
          35.5577493
        ]
      },
      "properties": {
        "内容": "バス停: 風ヶ浦",
        "name": "風ヶ浦",
        "operator": "事業者不明",
        "ref": "",
        "url": "",
        "url2": ""
      }
    },
    {
      "type": "Feature",
      "geometry": {
        "type": "Point",
        "coordinates": [
          133.2802151,
          35.5717937
        ]
      },
      "properties": {
        "内容": "バス停: 雲津",
        "name": "雲津",
        "operator": "事業者不明",
        "ref": "",
        "url": "",
        "url2": ""
      }
    },
    {
      "type": "Feature",
      "geometry": {
        "type": "Point",
        "coordinates": [
          133.2659058,
          35.5723572
        ]
      },
      "properties": {
        "内容": "バス停: 諸喰",
        "name": "諸喰",
        "operator": "事業者不明",
        "ref": "",
        "url": "",
        "url2": ""
      }
    },
    {
      "type": "Feature",
      "geometry": {
        "type": "Point",
        "coordinates": [
          133.2508616,
          35.5700283
        ]
      },
      "properties": {
        "内容": "バス停: 法田",
        "name": "法田",
        "operator": "事業者不明",
        "ref": "",
        "url": "",
        "url2": ""
      }
    },
    {
      "type": "Feature",
      "geometry": {
        "type": "Point",
        "coordinates": [
          133.2815019,
          35.557675
        ]
      },
      "properties": {
        "内容": "バス停: 長浜",
        "name": "長浜",
        "operator": "事業者不明",
        "ref": "",
        "url": "",
        "url2": ""
      }
    },
    {
      "type": "Feature",
      "geometry": {
        "type": "Point",
        "coordinates": [
          133.2773099,
          35.5562168
        ]
      },
      "properties": {
        "内容": "バス停: 男鹿",
        "name": "男鹿",
        "operator": "事業者不明",
        "ref": "",
        "url": "",
        "url2": ""
      }
    },
    {
      "type": "Feature",
      "geometry": {
        "type": "Point",
        "coordinates": [
          132.9595606,
          35.4853883
        ]
      },
      "properties": {
        "内容": "バス停: 井神",
        "name": "井神",
        "operator": "事業者不明",
        "ref": "",
        "url": "",
        "url2": ""
      }
    },
    {
      "type": "Feature",
      "geometry": {
        "type": "Point",
        "coordinates": [
          132.9588534,
          35.4896952
        ]
      },
      "properties": {
        "内容": "バス停: 農道入口",
        "name": "農道入口",
        "operator": "事業者不明",
        "ref": "",
        "url": "",
        "url2": ""
      }
    },
    {
      "type": "Feature",
      "geometry": {
        "type": "Point",
        "coordinates": [
          132.9759672,
          35.4887302
        ]
      },
      "properties": {
        "内容": "バス停: 東長江公民館",
        "name": "東長江公民館",
        "operator": "事業者不明",
        "ref": "",
        "url": "",
        "url2": ""
      }
    },
    {
      "type": "Feature",
      "geometry": {
        "type": "Point",
        "coordinates": [
          132.9518325,
          35.4880157
        ]
      },
      "properties": {
        "内容": "バス停: ふれあい農園",
        "name": "ふれあい農園",
        "operator": "事業者不明",
        "ref": "",
        "url": "",
        "url2": ""
      }
    },
    {
      "type": "Feature",
      "geometry": {
        "type": "Point",
        "coordinates": [
          132.9530212,
          35.4893518
        ]
      },
      "properties": {
        "内容": "バス停: 高祖寺下",
        "name": "高祖寺下",
        "operator": "事業者不明",
        "ref": "",
        "url": "",
        "url2": ""
      }
    },
    {
      "type": "Feature",
      "geometry": {
        "type": "Point",
        "coordinates": [
          132.9681566,
          35.4888673
        ]
      },
      "properties": {
        "内容": "バス停: 西長江公民館",
        "name": "西長江公民館",
        "operator": "事業者不明",
        "ref": "",
        "url": "",
        "url2": ""
      }
    },
    {
      "type": "Feature",
      "geometry": {
        "type": "Point",
        "coordinates": [
          132.9700493,
          35.4900735
        ]
      },
      "properties": {
        "内容": "バス停: なんば商店前",
        "name": "なんば商店前",
        "operator": "事業者不明",
        "ref": "",
        "url": "",
        "url2": ""
      }
    },
    {
      "type": "Feature",
      "geometry": {
        "type": "Point",
        "coordinates": [
          132.973656,
          35.4894619
        ]
      },
      "properties": {
        "内容": "バス停: 長江小学校",
        "name": "長江小学校",
        "operator": "事業者不明",
        "ref": "",
        "url": "",
        "url2": ""
      }
    },
    {
      "type": "Feature",
      "geometry": {
        "type": "Point",
        "coordinates": [
          132.9771091,
          35.4936237
        ]
      },
      "properties": {
        "内容": "バス停: 三叉路",
        "name": "三叉路",
        "operator": "事業者不明",
        "ref": "",
        "url": "",
        "url2": ""
      }
    },
    {
      "type": "Feature",
      "geometry": {
        "type": "Point",
        "coordinates": [
          132.9683463,
          35.4965224
        ]
      },
      "properties": {
        "内容": "バス停: 上組公民館",
        "name": "上組公民館",
        "operator": "事業者不明",
        "ref": "",
        "url": "",
        "url2": ""
      }
    },
    {
      "type": "Feature",
      "geometry": {
        "type": "Point",
        "coordinates": [
          132.9680704,
          35.5012115
        ]
      },
      "properties": {
        "内容": "バス停: 畑谷入口",
        "name": "畑谷入口",
        "operator": "事業者不明",
        "ref": "",
        "url": "",
        "url2": ""
      }
    },
    {
      "type": "Feature",
      "geometry": {
        "type": "Point",
        "coordinates": [
          132.9744491,
          35.5276467
        ]
      },
      "properties": {
        "内容": "バス停: 恵曇漁業会前",
        "name": "恵曇漁業会前",
        "operator": "事業者不明",
        "ref": "",
        "url": "",
        "url2": ""
      }
    },
    {
      "type": "Feature",
      "geometry": {
        "type": "Point",
        "coordinates": [
          132.9727932,
          35.5276852
        ]
      },
      "properties": {
        "内容": "バス停: 福野市場",
        "name": "福野市場",
        "operator": "事業者不明",
        "ref": "",
        "url": "",
        "url2": ""
      }
    },
    {
      "type": "Feature",
      "geometry": {
        "type": "Point",
        "coordinates": [
          132.9727499,
          35.5284007
        ]
      },
      "properties": {
        "内容": "バス停: 福野",
        "name": "福野",
        "operator": "事業者不明",
        "ref": "",
        "url": "",
        "url2": ""
      }
    },
    {
      "type": "Feature",
      "geometry": {
        "type": "Point",
        "coordinates": [
          132.9795766,
          35.5192443
        ]
      },
      "properties": {
        "内容": "バス停: 廻谷",
        "name": "廻谷",
        "operator": "事業者不明",
        "ref": "",
        "url": "",
        "url2": ""
      }
    },
    {
      "type": "Feature",
      "geometry": {
        "type": "Point",
        "coordinates": [
          132.9846666,
          35.5199397
        ]
      },
      "properties": {
        "内容": "バス停: 根連木",
        "name": "根連木",
        "operator": "事業者不明",
        "ref": "",
        "url": "",
        "url2": ""
      }
    },
    {
      "type": "Feature",
      "geometry": {
        "type": "Point",
        "coordinates": [
          132.971485,
          35.5380348
        ]
      },
      "properties": {
        "内容": "バス停: 手結",
        "name": "手結",
        "operator": "事業者不明",
        "ref": "",
        "url": "",
        "url2": ""
      }
    },
    {
      "type": "Feature",
      "geometry": {
        "type": "Point",
        "coordinates": [
          132.9753239,
          35.5401514
        ]
      },
      "properties": {
        "内容": "バス停: 倉内",
        "name": "倉内",
        "operator": "事業者不明",
        "ref": "",
        "url": "",
        "url2": ""
      }
    },
    {
      "type": "Feature",
      "geometry": {
        "type": "Point",
        "coordinates": [
          132.9830329,
          35.5426073
        ]
      },
      "properties": {
        "内容": "バス停: 片句中央",
        "name": "片句中央",
        "operator": "事業者不明",
        "ref": "",
        "url": "",
        "url2": ""
      }
    },
    {
      "type": "Feature",
      "geometry": {
        "type": "Point",
        "coordinates": [
          132.9872412,
          35.527601
        ]
      },
      "properties": {
        "内容": "バス停: 鹿島町総合体育館",
        "name": "鹿島町総合体育館",
        "operator": "事業者不明",
        "ref": "",
        "url": "",
        "url2": ""
      }
    },
    {
      "type": "Feature",
      "geometry": {
        "type": "Point",
        "coordinates": [
          132.9846022,
          35.5233646
        ]
      },
      "properties": {
        "内容": "バス停: 武代",
        "name": "武代",
        "operator": "事業者不明",
        "ref": "",
        "url": "",
        "url2": ""
      }
    },
    {
      "type": "Feature",
      "geometry": {
        "type": "Point",
        "coordinates": [
          132.9942452,
          35.5255474
        ]
      },
      "properties": {
        "内容": "バス停: 深田",
        "name": "深田",
        "operator": "事業者不明",
        "ref": "",
        "url": "",
        "url2": ""
      }
    },
    {
      "type": "Feature",
      "geometry": {
        "type": "Point",
        "coordinates": [
          132.9981899,
          35.5200918
        ]
      },
      "properties": {
        "内容": "バス停: 佐太小学校前",
        "name": "佐太小学校前",
        "operator": "事業者不明",
        "ref": "",
        "url": "",
        "url2": ""
      }
    },
    {
      "type": "Feature",
      "geometry": {
        "type": "Point",
        "coordinates": [
          132.9769754,
          35.5266488
        ]
      },
      "properties": {
        "内容": "バス停: 児童公園前",
        "name": "児童公園前",
        "operator": "事業者不明",
        "ref": "",
        "url": "",
        "url2": ""
      }
    },
    {
      "type": "Feature",
      "geometry": {
        "type": "Point",
        "coordinates": [
          132.9741899,
          35.5330205
        ]
      },
      "properties": {
        "内容": "バス停: 恵曇小学校前",
        "name": "恵曇小学校前",
        "operator": "事業者不明",
        "ref": "",
        "url": "",
        "url2": ""
      }
    },
    {
      "type": "Feature",
      "geometry": {
        "type": "Point",
        "coordinates": [
          132.9989751,
          35.5213255
        ]
      },
      "properties": {
        "内容": "バス停: 本郷",
        "name": "本郷",
        "operator": "事業者不明",
        "ref": "",
        "url": "",
        "url2": ""
      }
    },
    {
      "type": "Feature",
      "geometry": {
        "type": "Point",
        "coordinates": [
          133.0064789,
          35.526116
        ]
      },
      "properties": {
        "内容": "バス停: 鹿島病院",
        "name": "鹿島病院",
        "operator": "事業者不明",
        "ref": "",
        "url": "",
        "url2": ""
      }
    },
    {
      "type": "Feature",
      "geometry": {
        "type": "Point",
        "coordinates": [
          133.0043529,
          35.5203326
        ]
      },
      "properties": {
        "内容": "バス停: 原子力発電所入口",
        "name": "原子力発電所入口",
        "operator": "事業者不明",
        "ref": "",
        "url": "",
        "url2": ""
      }
    },
    {
      "type": "Feature",
      "geometry": {
        "type": "Point",
        "coordinates": [
          133.0047688,
          35.5200771
        ]
      },
      "properties": {
        "内容": "バス停: 原子力発電所入口",
        "name": "原子力発電所入口",
        "operator": "事業者不明",
        "ref": "",
        "url": "",
        "url2": ""
      }
    },
    {
      "type": "Feature",
      "geometry": {
        "type": "Point",
        "coordinates": [
          133.0098093,
          35.5197827
        ]
      },
      "properties": {
        "内容": "バス停: 中学校北口",
        "name": "中学校北口",
        "operator": "事業者不明",
        "ref": "",
        "url": "",
        "url2": ""
      }
    },
    {
      "type": "Feature",
      "geometry": {
        "type": "Point",
        "coordinates": [
          133.0153823,
          35.5197454
        ]
      },
      "properties": {
        "内容": "バス停: 二本橋",
        "name": "二本橋",
        "operator": "事業者不明",
        "ref": "",
        "url": "",
        "url2": ""
      }
    },
    {
      "type": "Feature",
      "geometry": {
        "type": "Point",
        "coordinates": [
          133.0151071,
          35.5195192
        ]
      },
      "properties": {
        "内容": "バス停: 二本橋",
        "name": "二本橋",
        "operator": "事業者不明",
        "ref": "",
        "url": "",
        "url2": ""
      }
    },
    {
      "type": "Feature",
      "geometry": {
        "type": "Point",
        "coordinates": [
          133.0087232,
          35.5171474
        ]
      },
      "properties": {
        "内容": "バス停: 鹿島中学校前",
        "name": "鹿島中学校前",
        "operator": "事業者不明",
        "ref": "",
        "url": "",
        "url2": ""
      }
    },
    {
      "type": "Feature",
      "geometry": {
        "type": "Point",
        "coordinates": [
          133.0090171,
          35.5169457
        ]
      },
      "properties": {
        "内容": "バス停: 鹿島中学校前",
        "name": "鹿島中学校前",
        "operator": "事業者不明",
        "ref": "",
        "url": "",
        "url2": ""
      }
    },
    {
      "type": "Feature",
      "geometry": {
        "type": "Point",
        "coordinates": [
          133.0059042,
          35.5173983
        ]
      },
      "properties": {
        "内容": "バス停: 仲田",
        "name": "仲田",
        "operator": "事業者不明",
        "ref": "",
        "url": "",
        "url2": ""
      }
    },
    {
      "type": "Feature",
      "geometry": {
        "type": "Point",
        "coordinates": [
          133.3018088,
          35.5577922
        ]
      },
      "properties": {
        "内容": "バス停: 東小学校前",
        "name": "東小学校前",
        "operator": "事業者不明",
        "ref": "",
        "url": "",
        "url2": ""
      }
    },
    {
      "type": "Feature",
      "geometry": {
        "type": "Point",
        "coordinates": [
          133.0288936,
          35.5342449
        ]
      },
      "properties": {
        "内容": "バス停: 御津越土",
        "name": "御津越土",
        "operator": "事業者不明",
        "ref": "",
        "url": "",
        "url2": ""
      }
    },
    {
      "type": "Feature",
      "geometry": {
        "type": "Point",
        "coordinates": [
          133.0279961,
          35.5359662
        ]
      },
      "properties": {
        "内容": "バス停: 御津",
        "name": "御津",
        "operator": "事業者不明",
        "ref": "",
        "url": "",
        "url2": ""
      }
    },
    {
      "type": "Feature",
      "geometry": {
        "type": "Point",
        "coordinates": [
          133.0393086,
          35.5555459
        ]
      },
      "properties": {
        "内容": "バス停: 楡木",
        "name": "楡木",
        "operator": "事業者不明",
        "ref": "",
        "url": "",
        "url2": ""
      }
    },
    {
      "type": "Feature",
      "geometry": {
        "type": "Point",
        "coordinates": [
          133.0404827,
          35.5543462
        ]
      },
      "properties": {
        "内容": "バス停: 大芦出張所前",
        "name": "大芦出張所前",
        "operator": "事業者不明",
        "ref": "",
        "url": "",
        "url2": ""
      }
    },
    {
      "type": "Feature",
      "geometry": {
        "type": "Point",
        "coordinates": [
          133.0427002,
          35.553713
        ]
      },
      "properties": {
        "内容": "バス停: 大芦浜",
        "name": "大芦浜",
        "operator": "事業者不明",
        "ref": "",
        "url": "",
        "url2": ""
      }
    },
    {
      "type": "Feature",
      "geometry": {
        "type": "Point",
        "coordinates": [
          133.0444631,
          35.5534728
        ]
      },
      "properties": {
        "内容": "バス停: 大崎神社前",
        "name": "大崎神社前",
        "operator": "事業者不明",
        "ref": "",
        "url": "",
        "url2": ""
      }
    },
    {
      "type": "Feature",
      "geometry": {
        "type": "Point",
        "coordinates": [
          133.0458015,
          35.5536622
        ]
      },
      "properties": {
        "内容": "バス停: 小貝",
        "name": "小貝",
        "operator": "事業者不明",
        "ref": "",
        "url": "",
        "url2": ""
      }
    },
    {
      "type": "Feature",
      "geometry": {
        "type": "Point",
        "coordinates": [
          133.0480146,
          35.5539113
        ]
      },
      "properties": {
        "内容": "バス停: マリン保育所前",
        "name": "マリン保育所前",
        "operator": "事業者不明",
        "ref": "",
        "url": "",
        "url2": ""
      }
    },
    {
      "type": "Feature",
      "geometry": {
        "type": "Point",
        "coordinates": [
          133.0496607,
          35.5542996
        ]
      },
      "properties": {
        "内容": "バス停: マリンゲートしまね前",
        "name": "マリンゲートしまね前",
        "operator": "事業者不明",
        "ref": "",
        "url": "",
        "url2": ""
      }
    },
    {
      "type": "Feature",
      "geometry": {
        "type": "Point",
        "coordinates": [
          133.0515578,
          35.5547656
        ]
      },
      "properties": {
        "内容": "バス停: 北垣",
        "name": "北垣",
        "operator": "事業者不明",
        "ref": "",
        "url": "",
        "url2": ""
      }
    },
    {
      "type": "Feature",
      "geometry": {
        "type": "Point",
        "coordinates": [
          133.0593416,
          35.5493361
        ]
      },
      "properties": {
        "内容": "バス停: 垣の内",
        "name": "垣の内",
        "operator": "事業者不明",
        "ref": "",
        "url": "",
        "url2": ""
      }
    },
    {
      "type": "Feature",
      "geometry": {
        "type": "Point",
        "coordinates": [
          133.0406941,
          35.5515456
        ]
      },
      "properties": {
        "内容": "バス停: 海鳥",
        "name": "海鳥",
        "operator": "事業者不明",
        "ref": "",
        "url": "",
        "url2": ""
      }
    },
    {
      "type": "Feature",
      "geometry": {
        "type": "Point",
        "coordinates": [
          133.0422659,
          35.5497809
        ]
      },
      "properties": {
        "内容": "バス停: 海鳥上",
        "name": "海鳥上",
        "operator": "事業者不明",
        "ref": "",
        "url": "",
        "url2": ""
      }
    },
    {
      "type": "Feature",
      "geometry": {
        "type": "Point",
        "coordinates": [
          133.0548529,
          35.5464014
        ]
      },
      "properties": {
        "内容": "バス停: 山陰家庭学園前",
        "name": "山陰家庭学園前",
        "operator": "事業者不明",
        "ref": "",
        "url": "",
        "url2": ""
      }
    },
    {
      "type": "Feature",
      "geometry": {
        "type": "Point",
        "coordinates": [
          133.0580844,
          35.543859
        ]
      },
      "properties": {
        "内容": "バス停: 大芦別所",
        "name": "大芦別所",
        "operator": "事業者不明",
        "ref": "",
        "url": "",
        "url2": ""
      }
    },
    {
      "type": "Feature",
      "geometry": {
        "type": "Point",
        "coordinates": [
          133.0616885,
          35.5442914
        ]
      },
      "properties": {
        "内容": "バス停: 家庭学院入口",
        "name": "家庭学院入口",
        "operator": "事業者不明",
        "ref": "",
        "url": "",
        "url2": ""
      }
    },
    {
      "type": "Feature",
      "geometry": {
        "type": "Point",
        "coordinates": [
          133.061681,
          35.5441893
        ]
      },
      "properties": {
        "内容": "バス停: 家庭学院入口",
        "name": "家庭学院入口",
        "operator": "事業者不明",
        "ref": "",
        "url": "",
        "url2": ""
      }
    },
    {
      "type": "Feature",
      "geometry": {
        "type": "Point",
        "coordinates": [
          133.0612,
          35.5443246
        ]
      },
      "properties": {
        "内容": "バス停: 大芦別所入口",
        "name": "大芦別所入口",
        "operator": "事業者不明",
        "ref": "",
        "url": "",
        "url2": ""
      }
    },
    {
      "type": "Feature",
      "geometry": {
        "type": "Point",
        "coordinates": [
          133.0545572,
          35.561612
        ]
      },
      "properties": {
        "内容": "バス停: 西の浜",
        "name": "西の浜",
        "operator": "事業者不明",
        "ref": "",
        "url": "",
        "url2": ""
      }
    },
    {
      "type": "Feature",
      "geometry": {
        "type": "Point",
        "coordinates": [
          133.0558623,
          35.5643353
        ]
      },
      "properties": {
        "内容": "バス停: JF加賀出張所前",
        "name": "JF加賀出張所前",
        "operator": "事業者不明",
        "ref": "",
        "url": "",
        "url2": ""
      }
    },
    {
      "type": "Feature",
      "geometry": {
        "type": "Point",
        "coordinates": [
          133.0580573,
          35.5632774
        ]
      },
      "properties": {
        "内容": "バス停: 新津集会所",
        "name": "新津集会所",
        "operator": "事業者不明",
        "ref": "",
        "url": "",
        "url2": ""
      }
    },
    {
      "type": "Feature",
      "geometry": {
        "type": "Point",
        "coordinates": [
          133.060925,
          35.5640501
        ]
      },
      "properties": {
        "内容": "バス停: JA島根前",
        "name": "JA島根前",
        "operator": "事業者不明",
        "ref": "",
        "url": "",
        "url2": ""
      }
    },
    {
      "type": "Feature",
      "geometry": {
        "type": "Point",
        "coordinates": [
          133.0625185,
          35.5639409
        ]
      },
      "properties": {
        "内容": "バス停: 松江市島根支所前",
        "name": "松江市島根支所前",
        "operator": "事業者不明",
        "ref": "",
        "url": "",
        "url2": ""
      }
    },
    {
      "type": "Feature",
      "geometry": {
        "type": "Point",
        "coordinates": [
          133.0659876,
          35.564122
        ]
      },
      "properties": {
        "内容": "バス停: 島根中学校前",
        "name": "島根中学校前",
        "operator": "事業者不明",
        "ref": "",
        "url": "",
        "url2": ""
      }
    },
    {
      "type": "Feature",
      "geometry": {
        "type": "Point",
        "coordinates": [
          133.0678122,
          35.5638668
        ]
      },
      "properties": {
        "内容": "バス停: 島根小学校前",
        "name": "島根小学校前",
        "operator": "事業者不明",
        "ref": "",
        "url": "",
        "url2": ""
      }
    },
    {
      "type": "Feature",
      "geometry": {
        "type": "Point",
        "coordinates": [
          133.0705007,
          35.561835
        ]
      },
      "properties": {
        "内容": "バス停: 加賀別所入口",
        "name": "加賀別所入口",
        "operator": "事業者不明",
        "ref": "",
        "url": "",
        "url2": ""
      }
    },
    {
      "type": "Feature",
      "geometry": {
        "type": "Point",
        "coordinates": [
          133.0720095,
          35.5702431
        ]
      },
      "properties": {
        "内容": "バス停: 佐波",
        "name": "佐波",
        "operator": "事業者不明",
        "ref": "",
        "url": "",
        "url2": ""
      }
    },
    {
      "type": "Feature",
      "geometry": {
        "type": "Point",
        "coordinates": [
          133.0760773,
          35.5553987
        ]
      },
      "properties": {
        "内容": "バス停: 加賀別所下",
        "name": "加賀別所下",
        "operator": "事業者不明",
        "ref": "",
        "url": "",
        "url2": ""
      }
    },
    {
      "type": "Feature",
      "geometry": {
        "type": "Point",
        "coordinates": [
          133.0796124,
          35.5540815
        ]
      },
      "properties": {
        "内容": "バス停: 加賀別所集会所前",
        "name": "加賀別所集会所前",
        "operator": "事業者不明",
        "ref": "",
        "url": "",
        "url2": ""
      }
    },
    {
      "type": "Feature",
      "geometry": {
        "type": "Point",
        "coordinates": [
          133.0828055,
          35.5523451
        ]
      },
      "properties": {
        "内容": "バス停: 加賀別所",
        "name": "加賀別所",
        "operator": "事業者不明",
        "ref": "",
        "url": "",
        "url2": ""
      }
    },
    {
      "type": "Feature",
      "geometry": {
        "type": "Point",
        "coordinates": [
          133.0988845,
          35.5810286
        ]
      },
      "properties": {
        "内容": "バス停: 代官家橋",
        "name": "代官家橋",
        "operator": "事業者不明",
        "ref": "",
        "url": "",
        "url2": ""
      }
    },
    {
      "type": "Feature",
      "geometry": {
        "type": "Point",
        "coordinates": [
          133.0977289,
          35.5835348
        ]
      },
      "properties": {
        "内容": "バス停: 野波海浜公園",
        "name": "野波海浜公園",
        "operator": "事業者不明",
        "ref": "",
        "url": "",
        "url2": ""
      }
    },
    {
      "type": "Feature",
      "geometry": {
        "type": "Point",
        "coordinates": [
          133.0963969,
          35.5773844
        ]
      },
      "properties": {
        "内容": "バス停: 釜屋橋",
        "name": "釜屋橋",
        "operator": "事業者不明",
        "ref": "",
        "url": "",
        "url2": ""
      }
    },
    {
      "type": "Feature",
      "geometry": {
        "type": "Point",
        "coordinates": [
          133.0986473,
          35.5792496
        ]
      },
      "properties": {
        "内容": "バス停: 野波",
        "name": "野波",
        "operator": "事業者不明",
        "ref": "",
        "url": "",
        "url2": ""
      }
    },
    {
      "type": "Feature",
      "geometry": {
        "type": "Point",
        "coordinates": [
          133.1000418,
          35.5861283
        ]
      },
      "properties": {
        "内容": "バス停: 花水樹",
        "name": "花水樹",
        "operator": "事業者不明",
        "ref": "",
        "url": "",
        "url2": ""
      }
    },
    {
      "type": "Feature",
      "geometry": {
        "type": "Point",
        "coordinates": [
          133.0990342,
          35.5885878
        ]
      },
      "properties": {
        "内容": "バス停: 小波",
        "name": "小波",
        "operator": "事業者不明",
        "ref": "",
        "url": "",
        "url2": ""
      }
    },
    {
      "type": "Feature",
      "geometry": {
        "type": "Point",
        "coordinates": [
          133.0961467,
          35.596165
        ]
      },
      "properties": {
        "内容": "バス停: 多古入口",
        "name": "多古入口",
        "operator": "事業者不明",
        "ref": "",
        "url": "",
        "url2": ""
      }
    },
    {
      "type": "Feature",
      "geometry": {
        "type": "Point",
        "coordinates": [
          133.0939486,
          35.5975122
        ]
      },
      "properties": {
        "内容": "バス停: 多古",
        "name": "多古",
        "operator": "事業者不明",
        "ref": "",
        "url": "",
        "url2": ""
      }
    },
    {
      "type": "Feature",
      "geometry": {
        "type": "Point",
        "coordinates": [
          133.0935599,
          35.6022105
        ]
      },
      "properties": {
        "内容": "バス停: 沖泊",
        "name": "沖泊",
        "operator": "事業者不明",
        "ref": "",
        "url": "",
        "url2": ""
      }
    },
    {
      "type": "Feature",
      "geometry": {
        "type": "Point",
        "coordinates": [
          133.1117253,
          35.5905593
        ]
      },
      "properties": {
        "内容": "バス停: 瀬崎",
        "name": "瀬崎",
        "operator": "事業者不明",
        "ref": "",
        "url": "",
        "url2": ""
      }
    },
    {
      "type": "Feature",
      "geometry": {
        "type": "Point",
        "coordinates": [
          133.1164549,
          35.584741
        ]
      },
      "properties": {
        "内容": "バス停: 雨谷入口",
        "name": "雨谷入口",
        "operator": "事業者不明",
        "ref": "",
        "url": "",
        "url2": ""
      }
    },
    {
      "type": "Feature",
      "geometry": {
        "type": "Point",
        "coordinates": [
          133.1167853,
          35.5842803
        ]
      },
      "properties": {
        "内容": "バス停: 野井",
        "name": "野井",
        "operator": "事業者不明",
        "ref": "",
        "url": "",
        "url2": ""
      }
    },
    {
      "type": "Feature",
      "geometry": {
        "type": "Point",
        "coordinates": [
          133.1185814,
          35.5818901
        ]
      },
      "properties": {
        "内容": "バス停: JF野井出張所前",
        "name": "JF野井出張所前",
        "operator": "事業者不明",
        "ref": "",
        "url": "",
        "url2": ""
      }
    },
    {
      "type": "Feature",
      "geometry": {
        "type": "Point",
        "coordinates": [
          133.126272,
          35.576698
        ]
      },
      "properties": {
        "内容": "バス停: 笠浦入口",
        "name": "笠浦入口",
        "operator": "事業者不明",
        "ref": "",
        "url": "",
        "url2": ""
      }
    },
    {
      "type": "Feature",
      "geometry": {
        "type": "Point",
        "coordinates": [
          133.1378433,
          35.5649591
        ]
      },
      "properties": {
        "内容": "バス停: 千酌西入口",
        "name": "千酌西入口",
        "operator": "事業者不明",
        "ref": "",
        "url": "",
        "url2": ""
      }
    },
    {
      "type": "Feature",
      "geometry": {
        "type": "Point",
        "coordinates": [
          133.1388811,
          35.5626078
        ]
      },
      "properties": {
        "内容": "バス停: 新千酌橋",
        "name": "新千酌橋",
        "operator": "事業者不明",
        "ref": "",
        "url": "",
        "url2": ""
      }
    },
    {
      "type": "Feature",
      "geometry": {
        "type": "Point",
        "coordinates": [
          133.1401236,
          35.5611821
        ]
      },
      "properties": {
        "内容": "バス停: 千酌東入口",
        "name": "千酌東入口",
        "operator": "事業者不明",
        "ref": "",
        "url": "",
        "url2": ""
      }
    },
    {
      "type": "Feature",
      "geometry": {
        "type": "Point",
        "coordinates": [
          133.1295826,
          35.5769673
        ]
      },
      "properties": {
        "内容": "バス停: 笠浦漁業会前",
        "name": "笠浦漁業会前",
        "operator": "事業者不明",
        "ref": "",
        "url": "",
        "url2": ""
      }
    },
    {
      "type": "Feature",
      "geometry": {
        "type": "Point",
        "coordinates": [
          133.1304654,
          35.5755259
        ]
      },
      "properties": {
        "内容": "バス停: 笠浦",
        "name": "笠浦",
        "operator": "事業者不明",
        "ref": "",
        "url": "",
        "url2": ""
      }
    },
    {
      "type": "Feature",
      "geometry": {
        "type": "Point",
        "coordinates": [
          133.0519618,
          35.4724744
        ]
      },
      "properties": {
        "内容": "バス停: 国宝松江城大手前",
        "name": "国宝松江城大手前",
        "operator": "事業者不明",
        "ref": "",
        "url": "",
        "url2": ""
      }
    },
    {
      "type": "Feature",
      "geometry": {
        "type": "Point",
        "coordinates": [
          133.1545048,
          35.5590836
        ]
      },
      "properties": {
        "内容": "バス停: 北浦",
        "name": "北浦",
        "operator": "事業者不明",
        "ref": "",
        "url": "",
        "url2": ""
      }
    },
    {
      "type": "Feature",
      "geometry": {
        "type": "Point",
        "coordinates": [
          133.1596493,
          35.5564232
        ]
      },
      "properties": {
        "内容": "バス停: 稲積",
        "name": "稲積",
        "operator": "事業者不明",
        "ref": "",
        "url": "",
        "url2": ""
      }
    },
    {
      "type": "Feature",
      "geometry": {
        "type": "Point",
        "coordinates": [
          133.1592258,
          35.5621647
        ]
      },
      "properties": {
        "内容": "バス停: 稲積センター前",
        "name": "稲積センター前",
        "operator": "事業者不明",
        "ref": "",
        "url": "",
        "url2": ""
      }
    },
    {
      "type": "Feature",
      "geometry": {
        "type": "Point",
        "coordinates": [
          133.1650505,
          35.5505419
        ]
      },
      "properties": {
        "内容": "バス停: 中山",
        "name": "中山",
        "operator": "事業者不明",
        "ref": "",
        "url": "",
        "url2": ""
      }
    },
    {
      "type": "Feature",
      "geometry": {
        "type": "Point",
        "coordinates": [
          133.1651757,
          35.5504827
        ]
      },
      "properties": {
        "内容": "バス停: 中山",
        "name": "中山",
        "operator": "事業者不明",
        "ref": "",
        "url": "",
        "url2": ""
      }
    },
    {
      "type": "Feature",
      "geometry": {
        "type": "Point",
        "coordinates": [
          133.1733133,
          35.5610849
        ]
      },
      "properties": {
        "内容": "バス停: 菅浦神社前",
        "name": "菅浦神社前",
        "operator": "事業者不明",
        "ref": "",
        "url": "",
        "url2": ""
      }
    },
    {
      "type": "Feature",
      "geometry": {
        "type": "Point",
        "coordinates": [
          133.1765206,
          35.5585415
        ]
      },
      "properties": {
        "内容": "バス停: 菅浦",
        "name": "菅浦",
        "operator": "事業者不明",
        "ref": "",
        "url": "",
        "url2": ""
      }
    },
    {
      "type": "Feature",
      "geometry": {
        "type": "Point",
        "coordinates": [
          133.1827509,
          35.5599472
        ]
      },
      "properties": {
        "内容": "バス停: 香梅の里",
        "name": "香梅の里",
        "operator": "事業者不明",
        "ref": "",
        "url": "",
        "url2": ""
      }
    },
    {
      "type": "Feature",
      "geometry": {
        "type": "Point",
        "coordinates": [
          133.1846151,
          35.5608895
        ]
      },
      "properties": {
        "内容": "バス停: 片江西",
        "name": "片江西",
        "operator": "事業者不明",
        "ref": "",
        "url": "",
        "url2": ""
      }
    },
    {
      "type": "Feature",
      "geometry": {
        "type": "Point",
        "coordinates": [
          133.1875329,
          35.5616324
        ]
      },
      "properties": {
        "内容": "バス停: 片江入口",
        "name": "片江入口",
        "operator": "事業者不明",
        "ref": "",
        "url": "",
        "url2": ""
      }
    },
    {
      "type": "Feature",
      "geometry": {
        "type": "Point",
        "coordinates": [
          133.1894432,
          35.5614415
        ]
      },
      "properties": {
        "内容": "バス停: 片江中央",
        "name": "片江中央",
        "operator": "事業者不明",
        "ref": "",
        "url": "",
        "url2": ""
      }
    },
    {
      "type": "Feature",
      "geometry": {
        "type": "Point",
        "coordinates": [
          133.1913862,
          35.5620349
        ]
      },
      "properties": {
        "内容": "バス停: 片江伊塚谷",
        "name": "片江伊塚谷",
        "operator": "事業者不明",
        "ref": "",
        "url": "",
        "url2": ""
      }
    },
    {
      "type": "Feature",
      "geometry": {
        "type": "Point",
        "coordinates": [
          133.1934162,
          35.5632821
        ]
      },
      "properties": {
        "内容": "バス停: 片江東",
        "name": "片江東",
        "operator": "事業者不明",
        "ref": "",
        "url": "",
        "url2": ""
      }
    },
    {
      "type": "Feature",
      "geometry": {
        "type": "Point",
        "coordinates": [
          133.2043224,
          35.5658902
        ]
      },
      "properties": {
        "内容": "バス停: 笹子",
        "name": "笹子",
        "operator": "事業者不明",
        "ref": "",
        "url": "",
        "url2": ""
      }
    },
    {
      "type": "Feature",
      "geometry": {
        "type": "Point",
        "coordinates": [
          133.2169653,
          35.5686005
        ]
      },
      "properties": {
        "内容": "バス停: 惣津",
        "name": "惣津",
        "operator": "事業者不明",
        "ref": "",
        "url": "",
        "url2": ""
      }
    },
    {
      "type": "Feature",
      "geometry": {
        "type": "Point",
        "coordinates": [
          133.2215807,
          35.5692609
        ]
      },
      "properties": {
        "内容": "バス停: 農協前",
        "name": "農協前",
        "operator": "事業者不明",
        "ref": "",
        "url": "",
        "url2": ""
      }
    },
    {
      "type": "Feature",
      "geometry": {
        "type": "Point",
        "coordinates": [
          133.2229879,
          35.5699844
        ]
      },
      "properties": {
        "内容": "バス停: 七類",
        "name": "七類",
        "operator": "事業者不明",
        "ref": "",
        "url": "",
        "url2": ""
      }
    },
    {
      "type": "Feature",
      "geometry": {
        "type": "Point",
        "coordinates": [
          133.2242073,
          35.569933
        ]
      },
      "properties": {
        "内容": "バス停: 七類港入口",
        "name": "七類港入口",
        "operator": "事業者不明",
        "ref": "",
        "url": "",
        "url2": ""
      }
    },
    {
      "type": "Feature",
      "geometry": {
        "type": "Point",
        "coordinates": [
          133.2297015,
          35.5711163
        ]
      },
      "properties": {
        "内容": "バス停: メテオプラザ",
        "name": "メテオプラザ",
        "operator": "事業者不明",
        "ref": "",
        "url": "",
        "url2": ""
      }
    },
    {
      "type": "Feature",
      "geometry": {
        "type": "Point",
        "coordinates": [
          133.2299505,
          35.5711413
        ]
      },
      "properties": {
        "内容": "バス停: 七類港",
        "name": "七類港",
        "operator": "事業者不明",
        "ref": "",
        "url": "",
        "url2": ""
      }
    },
    {
      "type": "Feature",
      "geometry": {
        "type": "Point",
        "coordinates": [
          133.0647528,
          35.4803744
        ]
      },
      "properties": {
        "内容": "バス停: レインボープラザ前",
        "name": "レインボープラザ前",
        "operator": "事業者不明",
        "ref": "",
        "url": "",
        "url2": ""
      }
    },
    {
      "type": "Feature",
      "geometry": {
        "type": "Point",
        "coordinates": [
          132.8855904,
          35.415042
        ]
      },
      "properties": {
        "内容": "バス停: 出雲空港",
        "name": "出雲空港",
        "operator": "事業者不明",
        "ref": "",
        "url": "",
        "url2": ""
      }
    },
    {
      "type": "Feature",
      "geometry": {
        "type": "Point",
        "coordinates": [
          133.0880568,
          35.501601
        ]
      },
      "properties": {
        "内容": "バス停: 中尾",
        "name": "中尾",
        "operator": "事業者不明",
        "ref": "",
        "url": "",
        "url2": ""
      }
    },
    {
      "type": "Feature",
      "geometry": {
        "type": "Point",
        "coordinates": [
          133.0880029,
          35.5014867
        ]
      },
      "properties": {
        "内容": "バス停: 中尾",
        "name": "中尾",
        "operator": "事業者不明",
        "ref": "",
        "url": "",
        "url2": ""
      }
    },
    {
      "type": "Feature",
      "geometry": {
        "type": "Point",
        "coordinates": [
          133.0930243,
          35.5048988
        ]
      },
      "properties": {
        "内容": "バス停: 川原",
        "name": "川原",
        "operator": "事業者不明",
        "ref": "",
        "url": "",
        "url2": ""
      }
    },
    {
      "type": "Feature",
      "geometry": {
        "type": "Point",
        "coordinates": [
          133.0934619,
          35.504897
        ]
      },
      "properties": {
        "内容": "バス停: 川原",
        "name": "川原",
        "operator": "事業者不明",
        "ref": "",
        "url": "",
        "url2": ""
      }
    },
    {
      "type": "Feature",
      "geometry": {
        "type": "Point",
        "coordinates": [
          133.0961129,
          35.5063917
        ]
      },
      "properties": {
        "内容": "バス停: 坂本",
        "name": "坂本",
        "operator": "事業者不明",
        "ref": "",
        "url": "",
        "url2": ""
      }
    },
    {
      "type": "Feature",
      "geometry": {
        "type": "Point",
        "coordinates": [
          133.0963543,
          35.5062921
        ]
      },
      "properties": {
        "内容": "バス停: 坂本",
        "name": "坂本",
        "operator": "事業者不明",
        "ref": "",
        "url": "",
        "url2": ""
      }
    },
    {
      "type": "Feature",
      "geometry": {
        "type": "Point",
        "coordinates": [
          133.1067857,
          35.5093591
        ]
      },
      "properties": {
        "内容": "バス停: 旭の森",
        "name": "旭の森",
        "operator": "事業者不明",
        "ref": "",
        "url": "",
        "url2": ""
      }
    },
    {
      "type": "Feature",
      "geometry": {
        "type": "Point",
        "coordinates": [
          133.1069959,
          35.5092945
        ]
      },
      "properties": {
        "内容": "バス停: 旭の森",
        "name": "旭の森",
        "operator": "事業者不明",
        "ref": "",
        "url": "",
        "url2": ""
      }
    },
    {
      "type": "Feature",
      "geometry": {
        "type": "Point",
        "coordinates": [
          133.113096,
          35.5097927
        ]
      },
      "properties": {
        "内容": "バス停: 山崎入口",
        "name": "山崎入口",
        "operator": "事業者不明",
        "ref": "",
        "url": "",
        "url2": ""
      }
    },
    {
      "type": "Feature",
      "geometry": {
        "type": "Point",
        "coordinates": [
          133.113492,
          35.5098257
        ]
      },
      "properties": {
        "内容": "バス停: 山崎入口",
        "name": "山崎入口",
        "operator": "事業者不明",
        "ref": "",
        "url": "",
        "url2": ""
      }
    },
    {
      "type": "Feature",
      "geometry": {
        "type": "Point",
        "coordinates": [
          133.1033945,
          35.5161647
        ]
      },
      "properties": {
        "内容": "バス停: 福原入口",
        "name": "福原入口",
        "operator": "事業者不明",
        "ref": "",
        "url": "",
        "url2": ""
      }
    },
    {
      "type": "Feature",
      "geometry": {
        "type": "Point",
        "coordinates": [
          133.1122884,
          35.5154471
        ]
      },
      "properties": {
        "内容": "バス停: 山崎入口",
        "name": "山崎入口",
        "operator": "事業者不明",
        "ref": "",
        "url": "",
        "url2": ""
      }
    },
    {
      "type": "Feature",
      "geometry": {
        "type": "Point",
        "coordinates": [
          133.102111,
          35.5091436
        ]
      },
      "properties": {
        "内容": "バス停: 福原",
        "name": "福原",
        "operator": "事業者不明",
        "ref": "",
        "url": "",
        "url2": ""
      }
    },
    {
      "type": "Feature",
      "geometry": {
        "type": "Point",
        "coordinates": [
          133.1016121,
          35.5091717
        ]
      },
      "properties": {
        "内容": "バス停: 福原",
        "name": "福原",
        "operator": "事業者不明",
        "ref": "",
        "url": "",
        "url2": ""
      }
    },
    {
      "type": "Feature",
      "geometry": {
        "type": "Point",
        "coordinates": [
          133.0949042,
          35.5132248
        ]
      },
      "properties": {
        "内容": "バス停: 坂本中公民館",
        "name": "坂本中公民館",
        "operator": "事業者不明",
        "ref": "",
        "url": "",
        "url2": ""
      }
    },
    {
      "type": "Feature",
      "geometry": {
        "type": "Point",
        "coordinates": [
          133.0924112,
          35.5193546
        ]
      },
      "properties": {
        "内容": "バス停: 坂本上",
        "name": "坂本上",
        "operator": "事業者不明",
        "ref": "",
        "url": "",
        "url2": ""
      }
    },
    {
      "type": "Feature",
      "geometry": {
        "type": "Point",
        "coordinates": [
          133.1275892,
          35.5192252
        ]
      },
      "properties": {
        "内容": "バス停: 邑生町農道入口",
        "name": "邑生町農道入口",
        "operator": "事業者不明",
        "ref": "",
        "url": "",
        "url2": ""
      }
    },
    {
      "type": "Feature",
      "geometry": {
        "type": "Point",
        "coordinates": [
          133.1309178,
          35.5305411
        ]
      },
      "properties": {
        "内容": "バス停: 枕木",
        "name": "枕木",
        "operator": "事業者不明",
        "ref": "",
        "url": "",
        "url2": ""
      }
    },
    {
      "type": "Feature",
      "geometry": {
        "type": "Point",
        "coordinates": [
          133.1292132,
          35.5279009
        ]
      },
      "properties": {
        "内容": "バス停: 集会所",
        "name": "集会所",
        "operator": "事業者不明",
        "ref": "",
        "url": "",
        "url2": ""
      }
    },
    {
      "type": "Feature",
      "geometry": {
        "type": "Point",
        "coordinates": [
          133.116346,
          35.5192808
        ]
      },
      "properties": {
        "内容": "バス停: 川上神社前",
        "name": "川上神社前",
        "operator": "事業者不明",
        "ref": "",
        "url": "",
        "url2": ""
      }
    },
    {
      "type": "Feature",
      "geometry": {
        "type": "Point",
        "coordinates": [
          133.1575952,
          35.5389371
        ]
      },
      "properties": {
        "内容": "バス停: 手角",
        "name": "手角",
        "operator": "事業者不明",
        "ref": "",
        "url": "",
        "url2": ""
      }
    },
    {
      "type": "Feature",
      "geometry": {
        "type": "Point",
        "coordinates": [
          133.1575853,
          35.5388157
        ]
      },
      "properties": {
        "内容": "バス停: 手角",
        "name": "手角",
        "operator": "事業者不明",
        "ref": "",
        "url": "",
        "url2": ""
      }
    },
    {
      "type": "Feature",
      "geometry": {
        "type": "Point",
        "coordinates": [
          133.161574,
          35.5383195
        ]
      },
      "properties": {
        "内容": "バス停: 万原入口",
        "name": "万原入口",
        "operator": "事業者不明",
        "ref": "",
        "url": "",
        "url2": ""
      }
    },
    {
      "type": "Feature",
      "geometry": {
        "type": "Point",
        "coordinates": [
          133.1618672,
          35.5382711
        ]
      },
      "properties": {
        "内容": "バス停: 万原入口",
        "name": "万原入口",
        "operator": "事業者不明",
        "ref": "",
        "url": "",
        "url2": ""
      }
    },
    {
      "type": "Feature",
      "geometry": {
        "type": "Point",
        "coordinates": [
          133.1152028,
          35.517526
        ]
      },
      "properties": {
        "内容": "バス停: 川部集会所",
        "name": "川部集会所",
        "operator": "事業者不明",
        "ref": "",
        "url": "",
        "url2": ""
      }
    },
    {
      "type": "Feature",
      "geometry": {
        "type": "Point",
        "coordinates": [
          133.1246849,
          35.5107164
        ]
      },
      "properties": {
        "内容": "バス停: 本庄郵便局",
        "name": "本庄郵便局",
        "operator": "事業者不明",
        "ref": "",
        "url": "",
        "url2": ""
      }
    },
    {
      "type": "Feature",
      "geometry": {
        "type": "Point",
        "coordinates": [
          133.1337365,
          35.5158667
        ]
      },
      "properties": {
        "内容": "バス停: 本庄中学校入口",
        "name": "本庄中学校入口",
        "operator": "事業者不明",
        "ref": "",
        "url": "",
        "url2": ""
      }
    },
    {
      "type": "Feature",
      "geometry": {
        "type": "Point",
        "coordinates": [
          133.1415238,
          35.5207313
        ]
      },
      "properties": {
        "内容": "バス停: 野原",
        "name": "野原",
        "operator": "事業者不明",
        "ref": "",
        "url": "",
        "url2": ""
      }
    },
    {
      "type": "Feature",
      "geometry": {
        "type": "Point",
        "coordinates": [
          133.1411304,
          35.5206454
        ]
      },
      "properties": {
        "内容": "バス停: 野原",
        "name": "野原",
        "operator": "事業者不明",
        "ref": "",
        "url": "",
        "url2": ""
      }
    },
    {
      "type": "Feature",
      "geometry": {
        "type": "Point",
        "coordinates": [
          133.1502393,
          35.5289479
        ]
      },
      "properties": {
        "内容": "バス停: 長海",
        "name": "長海",
        "operator": "事業者不明",
        "ref": "",
        "url": "",
        "url2": ""
      }
    },
    {
      "type": "Feature",
      "geometry": {
        "type": "Point",
        "coordinates": [
          133.150176,
          35.5291644
        ]
      },
      "properties": {
        "内容": "バス停: 長海",
        "name": "長海",
        "operator": "事業者不明",
        "ref": "",
        "url": "",
        "url2": ""
      }
    },
    {
      "type": "Feature",
      "geometry": {
        "type": "Point",
        "coordinates": [
          133.1161061,
          35.5101733
        ]
      },
      "properties": {
        "内容": "バス停: 川部入口",
        "name": "川部入口",
        "operator": "事業者不明",
        "ref": "",
        "url": "",
        "url2": ""
      }
    },
    {
      "type": "Feature",
      "geometry": {
        "type": "Point",
        "coordinates": [
          133.116509,
          35.5100996
        ]
      },
      "properties": {
        "内容": "バス停: 川部入口",
        "name": "川部入口",
        "operator": "事業者不明",
        "ref": "",
        "url": "",
        "url2": ""
      }
    },
    {
      "type": "Feature",
      "geometry": {
        "type": "Point",
        "coordinates": [
          133.1189263,
          35.5101904
        ]
      },
      "properties": {
        "内容": "バス停: 原",
        "name": "原",
        "operator": "事業者不明",
        "ref": "",
        "url": "",
        "url2": ""
      }
    },
    {
      "type": "Feature",
      "geometry": {
        "type": "Point",
        "coordinates": [
          133.1190102,
          35.5102745
        ]
      },
      "properties": {
        "内容": "バス停: 原",
        "name": "原",
        "operator": "事業者不明",
        "ref": "",
        "url": "",
        "url2": ""
      }
    },
    {
      "type": "Feature",
      "geometry": {
        "type": "Point",
        "coordinates": [
          133.1241938,
          35.5104954
        ]
      },
      "properties": {
        "内容": "バス停: 本庄郵便局前",
        "name": "本庄郵便局前",
        "operator": "事業者不明",
        "ref": "",
        "url": "",
        "url2": ""
      }
    },
    {
      "type": "Feature",
      "geometry": {
        "type": "Point",
        "coordinates": [
          133.1248024,
          35.5106116
        ]
      },
      "properties": {
        "内容": "バス停: 本庄郵便局前",
        "name": "本庄郵便局前",
        "operator": "事業者不明",
        "ref": "",
        "url": "",
        "url2": ""
      }
    },
    {
      "type": "Feature",
      "geometry": {
        "type": "Point",
        "coordinates": [
          133.1211609,
          35.514963
        ]
      },
      "properties": {
        "内容": "バス停: 木並集会所",
        "name": "木並集会所",
        "operator": "事業者不明",
        "ref": "",
        "url": "",
        "url2": ""
      }
    },
    {
      "type": "Feature",
      "geometry": {
        "type": "Point",
        "coordinates": [
          133.1279397,
          35.5065005
        ]
      },
      "properties": {
        "内容": "バス停: 新庄集会所入口",
        "name": "新庄集会所入口",
        "operator": "事業者不明",
        "ref": "",
        "url": "",
        "url2": ""
      }
    },
    {
      "type": "Feature",
      "geometry": {
        "type": "Point",
        "coordinates": [
          133.1286747,
          35.5109794
        ]
      },
      "properties": {
        "内容": "バス停: 新庄入口",
        "name": "新庄入口",
        "operator": "事業者不明",
        "ref": "",
        "url": "",
        "url2": ""
      }
    },
    {
      "type": "Feature",
      "geometry": {
        "type": "Point",
        "coordinates": [
          133.1284878,
          35.5112926
        ]
      },
      "properties": {
        "内容": "バス停: 本庄公民館",
        "name": "本庄公民館",
        "operator": "事業者不明",
        "ref": "",
        "url": "",
        "url2": ""
      }
    },
    {
      "type": "Feature",
      "geometry": {
        "type": "Point",
        "coordinates": [
          133.1326164,
          35.4983141
        ]
      },
      "properties": {
        "内容": "バス停: 回春苑",
        "name": "回春苑",
        "operator": "事業者不明",
        "ref": "",
        "url": "",
        "url2": ""
      }
    },
    {
      "type": "Feature",
      "geometry": {
        "type": "Point",
        "coordinates": [
          133.1339381,
          35.4990046
        ]
      },
      "properties": {
        "内容": "バス停: 回生館",
        "name": "回生館",
        "operator": "事業者不明",
        "ref": "",
        "url": "",
        "url2": ""
      }
    },
    {
      "type": "Feature",
      "geometry": {
        "type": "Point",
        "coordinates": [
          133.129481,
          35.5117405
        ]
      },
      "properties": {
        "内容": "バス停: 本庄",
        "name": "本庄",
        "operator": "事業者不明",
        "ref": "",
        "url": "",
        "url2": ""
      }
    },
    {
      "type": "Feature",
      "geometry": {
        "type": "Point",
        "coordinates": [
          133.130277,
          35.5136507
        ]
      },
      "properties": {
        "内容": "バス停: 枕木山入口",
        "name": "枕木山入口",
        "operator": "事業者不明",
        "ref": "",
        "url": "",
        "url2": ""
      }
    },
    {
      "type": "Feature",
      "geometry": {
        "type": "Point",
        "coordinates": [
          133.1303445,
          35.5138001
        ]
      },
      "properties": {
        "内容": "バス停: 枕木山入口",
        "name": "枕木山入口",
        "operator": "事業者不明",
        "ref": "",
        "url": "",
        "url2": ""
      }
    },
    {
      "type": "Feature",
      "geometry": {
        "type": "Point",
        "coordinates": [
          133.163641,
          35.5378892
        ]
      },
      "properties": {
        "内容": "バス停: 万原",
        "name": "万原",
        "operator": "事業者不明",
        "ref": "",
        "url": "",
        "url2": ""
      }
    },
    {
      "type": "Feature",
      "geometry": {
        "type": "Point",
        "coordinates": [
          133.1637563,
          35.5379016
        ]
      },
      "properties": {
        "内容": "バス停: 万原",
        "name": "万原",
        "operator": "事業者不明",
        "ref": "",
        "url": "",
        "url2": ""
      }
    },
    {
      "type": "Feature",
      "geometry": {
        "type": "Point",
        "coordinates": [
          133.1644932,
          35.5349567
        ]
      },
      "properties": {
        "内容": "バス停: 美保関(万原)バスターミナル",
        "name": "美保関(万原)バスターミナル",
        "operator": "事業者不明",
        "ref": "",
        "url": "",
        "url2": ""
      }
    },
    {
      "type": "Feature",
      "geometry": {
        "type": "Point",
        "coordinates": [
          132.9182322,
          35.474358
        ]
      },
      "properties": {
        "内容": "バス停: 五つ街道",
        "name": "五つ街道",
        "operator": "事業者不明",
        "ref": "",
        "url": "",
        "url2": ""
      }
    },
    {
      "type": "Feature",
      "geometry": {
        "type": "Point",
        "coordinates": [
          132.9187238,
          35.466581
        ]
      },
      "properties": {
        "内容": "バス停: 津ノ森駅",
        "name": "津ノ森駅",
        "operator": "事業者不明",
        "ref": "",
        "url": "",
        "url2": ""
      }
    },
    {
      "type": "Feature",
      "geometry": {
        "type": "Point",
        "coordinates": [
          133.1779322,
          35.5378393
        ]
      },
      "properties": {
        "内容": "バス停: 下宇部尾入口",
        "name": "下宇部尾入口",
        "operator": "事業者不明",
        "ref": "",
        "url": "",
        "url2": ""
      }
    },
    {
      "type": "Feature",
      "geometry": {
        "type": "Point",
        "coordinates": [
          133.1778716,
          35.5379281
        ]
      },
      "properties": {
        "内容": "バス停: 下宇部尾入口",
        "name": "下宇部尾入口",
        "operator": "事業者不明",
        "ref": "",
        "url": "",
        "url2": ""
      }
    },
    {
      "type": "Feature",
      "geometry": {
        "type": "Point",
        "coordinates": [
          133.1804323,
          35.5381062
        ]
      },
      "properties": {
        "内容": "バス停: 下宇部尾",
        "name": "下宇部尾",
        "operator": "事業者不明",
        "ref": "",
        "url": "",
        "url2": ""
      }
    },
    {
      "type": "Feature",
      "geometry": {
        "type": "Point",
        "coordinates": [
          133.1805568,
          35.5380146
        ]
      },
      "properties": {
        "内容": "バス停: 下宇部尾",
        "name": "下宇部尾",
        "operator": "事業者不明",
        "ref": "",
        "url": "",
        "url2": ""
      }
    },
    {
      "type": "Feature",
      "geometry": {
        "type": "Point",
        "coordinates": [
          133.2042283,
          35.5408295
        ]
      },
      "properties": {
        "内容": "バス停: 森山入口",
        "name": "森山入口",
        "operator": "事業者不明",
        "ref": "",
        "url": "",
        "url2": ""
      }
    },
    {
      "type": "Feature",
      "geometry": {
        "type": "Point",
        "coordinates": [
          133.2042334,
          35.540886
        ]
      },
      "properties": {
        "内容": "バス停: 森山入口",
        "name": "森山入口",
        "operator": "事業者不明",
        "ref": "",
        "url": "",
        "url2": ""
      }
    },
    {
      "type": "Feature",
      "geometry": {
        "type": "Point",
        "coordinates": [
          133.2065631,
          35.5415661
        ]
      },
      "properties": {
        "内容": "バス停: 森山公民館前",
        "name": "森山公民館前",
        "operator": "事業者不明",
        "ref": "",
        "url": "",
        "url2": ""
      }
    },
    {
      "type": "Feature",
      "geometry": {
        "type": "Point",
        "coordinates": [
          133.2066231,
          35.5414951
        ]
      },
      "properties": {
        "内容": "バス停: 森山公民館前",
        "name": "森山公民館前",
        "operator": "事業者不明",
        "ref": "",
        "url": "",
        "url2": ""
      }
    },
    {
      "type": "Feature",
      "geometry": {
        "type": "Point",
        "coordinates": [
          133.2090868,
          35.5427665
        ]
      },
      "properties": {
        "内容": "バス停: 森山郵便局前",
        "name": "森山郵便局前",
        "operator": "事業者不明",
        "ref": "",
        "url": "",
        "url2": ""
      }
    },
    {
      "type": "Feature",
      "geometry": {
        "type": "Point",
        "coordinates": [
          133.2091042,
          35.5428406
        ]
      },
      "properties": {
        "内容": "バス停: 森山郵便局前",
        "name": "森山郵便局前",
        "operator": "事業者不明",
        "ref": "",
        "url": "",
        "url2": ""
      }
    },
    {
      "type": "Feature",
      "geometry": {
        "type": "Point",
        "coordinates": [
          133.2110392,
          35.5446108
        ]
      },
      "properties": {
        "内容": "バス停: 森山東口",
        "name": "森山東口",
        "operator": "事業者不明",
        "ref": "",
        "url": "",
        "url2": ""
      }
    },
    {
      "type": "Feature",
      "geometry": {
        "type": "Point",
        "coordinates": [
          133.2110045,
          35.5446577
        ]
      },
      "properties": {
        "内容": "バス停: 森山東口",
        "name": "森山東口",
        "operator": "事業者不明",
        "ref": "",
        "url": "",
        "url2": ""
      }
    },
    {
      "type": "Feature",
      "geometry": {
        "type": "Point",
        "coordinates": [
          133.217696,
          35.5487975
        ]
      },
      "properties": {
        "内容": "バス停: 小中村",
        "name": "小中村",
        "operator": "事業者不明",
        "ref": "",
        "url": "",
        "url2": ""
      }
    },
    {
      "type": "Feature",
      "geometry": {
        "type": "Point",
        "coordinates": [
          133.2289549,
          35.551177
        ]
      },
      "properties": {
        "内容": "バス停: 宇井",
        "name": "宇井",
        "operator": "事業者不明",
        "ref": "",
        "url": "",
        "url2": ""
      }
    },
    {
      "type": "Feature",
      "geometry": {
        "type": "Point",
        "coordinates": [
          133.2292598,
          35.5508166
        ]
      },
      "properties": {
        "内容": "バス停: 宇井渡船場",
        "name": "宇井渡船場",
        "operator": "事業者不明",
        "ref": "",
        "url": "",
        "url2": ""
      }
    },
    {
      "type": "Feature",
      "geometry": {
        "type": "Point",
        "coordinates": [
          133.2349712,
          35.551325
        ]
      },
      "properties": {
        "内容": "バス停: 長島",
        "name": "長島",
        "operator": "事業者不明",
        "ref": "",
        "url": "",
        "url2": ""
      }
    },
    {
      "type": "Feature",
      "geometry": {
        "type": "Point",
        "coordinates": [
          133.2391058,
          35.5504492
        ]
      },
      "properties": {
        "内容": "バス停: 森山造船所前",
        "name": "森山造船所前",
        "operator": "事業者不明",
        "ref": "",
        "url": "",
        "url2": ""
      }
    },
    {
      "type": "Feature",
      "geometry": {
        "type": "Point",
        "coordinates": [
          133.2415055,
          35.5504742
        ]
      },
      "properties": {
        "内容": "バス停: 日向浦",
        "name": "日向浦",
        "operator": "事業者不明",
        "ref": "",
        "url": "",
        "url2": ""
      }
    },
    {
      "type": "Feature",
      "geometry": {
        "type": "Point",
        "coordinates": [
          133.251283,
          35.5526832
        ]
      },
      "properties": {
        "内容": "バス停: 福浦",
        "name": "福浦",
        "operator": "事業者不明",
        "ref": "",
        "url": "",
        "url2": ""
      }
    },
    {
      "type": "Feature",
      "geometry": {
        "type": "Point",
        "coordinates": [
          133.2570324,
          35.5537387
        ]
      },
      "properties": {
        "内容": "バス停: 福浦東",
        "name": "福浦東",
        "operator": "事業者不明",
        "ref": "",
        "url": "",
        "url2": ""
      }
    },
    {
      "type": "Feature",
      "geometry": {
        "type": "Point",
        "coordinates": [
          133.2573177,
          35.5538485
        ]
      },
      "properties": {
        "内容": "バス停: 福浦東",
        "name": "福浦東",
        "operator": "事業者不明",
        "ref": "",
        "url": "",
        "url2": ""
      }
    },
    {
      "type": "Feature",
      "geometry": {
        "type": "Point",
        "coordinates": [
          133.2610775,
          35.5540748
        ]
      },
      "properties": {
        "内容": "バス停: 宮の谷",
        "name": "宮の谷",
        "operator": "事業者不明",
        "ref": "",
        "url": "",
        "url2": ""
      }
    },
    {
      "type": "Feature",
      "geometry": {
        "type": "Point",
        "coordinates": [
          132.920379,
          35.4794408
        ]
      },
      "properties": {
        "内容": "バス停: 権現畷",
        "name": "権現畷",
        "operator": "事業者不明",
        "ref": "",
        "url": "",
        "url2": ""
      }
    },
    {
      "type": "Feature",
      "geometry": {
        "type": "Point",
        "coordinates": [
          132.9160233,
          35.4781983
        ]
      },
      "properties": {
        "内容": "バス停: 松ノ前",
        "name": "松ノ前",
        "operator": "事業者不明",
        "ref": "",
        "url": "",
        "url2": ""
      }
    },
    {
      "type": "Feature",
      "geometry": {
        "type": "Point",
        "coordinates": [
          133.0638731,
          35.4705696
        ]
      },
      "properties": {
        "内容": "バス停: くにびき駐車場前",
        "name": "くにびき駐車場前",
        "operator": "事業者不明",
        "ref": "",
        "url": "",
        "url2": ""
      }
    },
    {
      "type": "Feature",
      "geometry": {
        "type": "Point",
        "coordinates": [
          133.0571442,
          35.470157
        ]
      },
      "properties": {
        "内容": "バス停: 栄橋",
        "name": "栄橋",
        "operator": "事業者不明",
        "ref": "",
        "url": "",
        "url2": ""
      }
    },
    {
      "type": "Feature",
      "geometry": {
        "type": "Point",
        "coordinates": [
          133.0409302,
          35.4696091
        ]
      },
      "properties": {
        "内容": "バス停: 清光院下",
        "name": "清光院下",
        "operator": "事業者不明",
        "ref": "",
        "url": "",
        "url2": ""
      }
    },
    {
      "type": "Feature",
      "geometry": {
        "type": "Point",
        "coordinates": [
          133.0528802,
          35.4735849
        ]
      },
      "properties": {
        "内容": "バス停: 大手前堀川遊覧船乗場・歴史館前",
        "name": "大手前堀川遊覧船乗場・歴史館前",
        "operator": "事業者不明",
        "ref": "",
        "url": "",
        "url2": ""
      }
    },
    {
      "type": "Feature",
      "geometry": {
        "type": "Point",
        "coordinates": [
          133.0455459,
          35.465759
        ]
      },
      "properties": {
        "内容": "バス停: 千鳥南公園",
        "name": "千鳥南公園",
        "operator": "事業者不明",
        "ref": "",
        "url": "",
        "url2": ""
      }
    },
    {
      "type": "Feature",
      "geometry": {
        "type": "Point",
        "coordinates": [
          133.0454313,
          35.4655826
        ]
      },
      "properties": {
        "内容": "バス停: 千鳥南公園",
        "name": "千鳥南公園",
        "operator": "事業者不明",
        "ref": "",
        "url": "",
        "url2": ""
      }
    },
    {
      "type": "Feature",
      "geometry": {
        "type": "Point",
        "coordinates": [
          133.0518036,
          35.469114
        ]
      },
      "properties": {
        "内容": "バス停: 須衛都久神社前",
        "name": "須衛都久神社前",
        "operator": "事業者不明",
        "ref": "",
        "url": "",
        "url2": ""
      }
    },
    {
      "type": "Feature",
      "geometry": {
        "type": "Point",
        "coordinates": [
          133.0539043,
          35.4657834
        ]
      },
      "properties": {
        "内容": "バス停: 魚町",
        "name": "魚町",
        "operator": "事業者不明",
        "ref": "",
        "url": "",
        "url2": ""
      }
    },
    {
      "type": "Feature",
      "geometry": {
        "type": "Point",
        "coordinates": [
          133.0613865,
          35.4668901
        ]
      },
      "properties": {
        "内容": "バス停: 宍道湖遊覧船乗場",
        "name": "宍道湖遊覧船乗場",
        "operator": "事業者不明",
        "ref": "",
        "url": "",
        "url2": ""
      }
    },
    {
      "type": "Feature",
      "geometry": {
        "type": "Point",
        "coordinates": [
          133.0498152,
          35.4556008
        ]
      },
      "properties": {
        "内容": "バス停: 夕日公園",
        "name": "夕日公園",
        "operator": "事業者不明",
        "ref": "",
        "url": "",
        "url2": ""
      }
    },
    {
      "type": "Feature",
      "geometry": {
        "type": "Point",
        "coordinates": [
          133.0498287,
          35.4561936
        ]
      },
      "properties": {
        "内容": "バス停: 嫁ヶ島",
        "name": "嫁ヶ島",
        "operator": "事業者不明",
        "ref": "",
        "url": "",
        "url2": ""
      }
    },
    {
      "type": "Feature",
      "geometry": {
        "type": "Point",
        "coordinates": [
          133.0474447,
          35.4509327
        ]
      },
      "properties": {
        "内容": "バス停: 嫁ヶ島西",
        "name": "嫁ヶ島西",
        "operator": "事業者不明",
        "ref": "",
        "url": "",
        "url2": ""
      }
    },
    {
      "type": "Feature",
      "geometry": {
        "type": "Point",
        "coordinates": [
          133.0473544,
          35.4467295
        ]
      },
      "properties": {
        "内容": "バス停: 西嫁島二丁目",
        "name": "西嫁島二丁目",
        "operator": "事業者不明",
        "ref": "",
        "url": "",
        "url2": ""
      }
    },
    {
      "type": "Feature",
      "geometry": {
        "type": "Point",
        "coordinates": [
          132.946129,
          35.5064804
        ]
      },
      "properties": {
        "内容": "バス停: 中島小学校",
        "name": "中島小学校",
        "operator": "事業者不明",
        "ref": "",
        "url": "",
        "url2": ""
      }
    },
    {
      "type": "Feature",
      "geometry": {
        "type": "Point",
        "coordinates": [
          132.9584274,
          35.503559
        ]
      },
      "properties": {
        "内容": "バス停: 相谷",
        "name": "相谷",
        "operator": "事業者不明",
        "ref": "",
        "url": "",
        "url2": ""
      }
    },
    {
      "type": "Feature",
      "geometry": {
        "type": "Point",
        "coordinates": [
          132.9505379,
          35.4985762
        ]
      },
      "properties": {
        "内容": "バス停: 吉岡酒店前",
        "name": "吉岡酒店前",
        "operator": "事業者不明",
        "ref": "",
        "url": "",
        "url2": ""
      }
    },
    {
      "type": "Feature",
      "geometry": {
        "type": "Point",
        "coordinates": [
          132.9452862,
          35.4885304
        ]
      },
      "properties": {
        "内容": "バス停: 多太神社",
        "name": "多太神社",
        "operator": "事業者不明",
        "ref": "",
        "url": "",
        "url2": ""
      }
    },
    {
      "type": "Feature",
      "geometry": {
        "type": "Point",
        "coordinates": [
          132.9450361,
          35.4852721
        ]
      },
      "properties": {
        "内容": "バス停: 東林寺前",
        "name": "東林寺前",
        "operator": "事業者不明",
        "ref": "",
        "url": "",
        "url2": ""
      }
    },
    {
      "type": "Feature",
      "geometry": {
        "type": "Point",
        "coordinates": [
          132.9393703,
          35.4855777
        ]
      },
      "properties": {
        "内容": "バス停: 森清神社",
        "name": "森清神社",
        "operator": "事業者不明",
        "ref": "",
        "url": "",
        "url2": ""
      }
    },
    {
      "type": "Feature",
      "geometry": {
        "type": "Point",
        "coordinates": [
          132.9349891,
          35.4780674
        ]
      },
      "properties": {
        "内容": "バス停: 大垣",
        "name": "大垣",
        "operator": "事業者不明",
        "ref": "",
        "url": "",
        "url2": ""
      }
    },
    {
      "type": "Feature",
      "geometry": {
        "type": "Point",
        "coordinates": [
          132.9435503,
          35.5023499
        ]
      },
      "properties": {
        "内容": "バス停: 大倉",
        "name": "大倉",
        "operator": "事業者不明",
        "ref": "",
        "url": "",
        "url2": ""
      }
    },
    {
      "type": "Feature",
      "geometry": {
        "type": "Point",
        "coordinates": [
          132.9415919,
          35.498983
        ]
      },
      "properties": {
        "内容": "バス停: 出草",
        "name": "出草",
        "operator": "事業者不明",
        "ref": "",
        "url": "",
        "url2": ""
      }
    },
    {
      "type": "Feature",
      "geometry": {
        "type": "Point",
        "coordinates": [
          132.9392558,
          35.5000981
        ]
      },
      "properties": {
        "内容": "バス停: 清水",
        "name": "清水",
        "operator": "事業者不明",
        "ref": "",
        "url": "",
        "url2": ""
      }
    },
    {
      "type": "Feature",
      "geometry": {
        "type": "Point",
        "coordinates": [
          132.9422462,
          35.495281
        ]
      },
      "properties": {
        "内容": "バス停: 上岡総合センター",
        "name": "上岡総合センター",
        "operator": "事業者不明",
        "ref": "",
        "url": "",
        "url2": ""
      }
    },
    {
      "type": "Feature",
      "geometry": {
        "type": "Point",
        "coordinates": [
          132.927175,
          35.4815095
        ]
      },
      "properties": {
        "内容": "バス停: 上寄公民館",
        "name": "上寄公民館",
        "operator": "事業者不明",
        "ref": "",
        "url": "",
        "url2": ""
      }
    },
    {
      "type": "Feature",
      "geometry": {
        "type": "Point",
        "coordinates": [
          132.929949,
          35.4953059
        ]
      },
      "properties": {
        "内容": "バス停: 太郎丸",
        "name": "太郎丸",
        "operator": "事業者不明",
        "ref": "",
        "url": "",
        "url2": ""
      }
    },
    {
      "type": "Feature",
      "geometry": {
        "type": "Point",
        "coordinates": [
          132.9302898,
          35.4976187
        ]
      },
      "properties": {
        "内容": "バス停: 東村三叉路",
        "name": "東村三叉路",
        "operator": "事業者不明",
        "ref": "",
        "url": "",
        "url2": ""
      }
    },
    {
      "type": "Feature",
      "geometry": {
        "type": "Point",
        "coordinates": [
          132.9264114,
          35.4922369
        ]
      },
      "properties": {
        "内容": "バス停: 小枝",
        "name": "小枝",
        "operator": "事業者不明",
        "ref": "",
        "url": "",
        "url2": ""
      }
    },
    {
      "type": "Feature",
      "geometry": {
        "type": "Point",
        "coordinates": [
          132.9225646,
          35.4924627
        ]
      },
      "properties": {
        "内容": "バス停: 五反田",
        "name": "五反田",
        "operator": "事業者不明",
        "ref": "",
        "url": "",
        "url2": ""
      }
    },
    {
      "type": "Feature",
      "geometry": {
        "type": "Point",
        "coordinates": [
          132.922317,
          35.4953477
        ]
      },
      "properties": {
        "内容": "バス停: 折坂",
        "name": "折坂",
        "operator": "事業者不明",
        "ref": "",
        "url": "",
        "url2": ""
      }
    },
    {
      "type": "Feature",
      "geometry": {
        "type": "Point",
        "coordinates": [
          132.9207825,
          35.496839
        ]
      },
      "properties": {
        "内容": "バス停: 羽出場入口",
        "name": "羽出場入口",
        "operator": "事業者不明",
        "ref": "",
        "url": "",
        "url2": ""
      }
    },
    {
      "type": "Feature",
      "geometry": {
        "type": "Point",
        "coordinates": [
          132.9239257,
          35.4991536
        ]
      },
      "properties": {
        "内容": "バス停: 中川",
        "name": "中川",
        "operator": "事業者不明",
        "ref": "",
        "url": "",
        "url2": ""
      }
    },
    {
      "type": "Feature",
      "geometry": {
        "type": "Point",
        "coordinates": [
          132.919355,
          35.5003724
        ]
      },
      "properties": {
        "内容": "バス停: 旧西の村公民館前",
        "name": "旧西の村公民館前",
        "operator": "事業者不明",
        "ref": "",
        "url": "",
        "url2": ""
      }
    },
    {
      "type": "Feature",
      "geometry": {
        "type": "Point",
        "coordinates": [
          132.9218209,
          35.5049196
        ]
      },
      "properties": {
        "内容": "バス停: さばり",
        "name": "さばり",
        "operator": "事業者不明",
        "ref": "",
        "url": "",
        "url2": ""
      }
    },
    {
      "type": "Feature",
      "geometry": {
        "type": "Point",
        "coordinates": [
          132.9220732,
          35.5069642
        ]
      },
      "properties": {
        "内容": "バス停: 才の神峠",
        "name": "才の神峠",
        "operator": "事業者不明",
        "ref": "",
        "url": "",
        "url2": ""
      }
    },
    {
      "type": "Feature",
      "geometry": {
        "type": "Point",
        "coordinates": [
          132.9210381,
          35.4892447
        ]
      },
      "properties": {
        "内容": "バス停: 大野郵便局",
        "name": "大野郵便局",
        "operator": "事業者不明",
        "ref": "",
        "url": "",
        "url2": ""
      }
    },
    {
      "type": "Feature",
      "geometry": {
        "type": "Point",
        "coordinates": [
          132.9216972,
          35.4898282
        ]
      },
      "properties": {
        "内容": "バス停: 農協前",
        "name": "農協前",
        "operator": "事業者不明",
        "ref": "",
        "url": "",
        "url2": ""
      }
    },
    {
      "type": "Feature",
      "geometry": {
        "type": "Point",
        "coordinates": [
          132.9125423,
          35.4842542
        ]
      },
      "properties": {
        "内容": "バス停: 殿山入口",
        "name": "殿山入口",
        "operator": "事業者不明",
        "ref": "",
        "url": "",
        "url2": ""
      }
    },
    {
      "type": "Feature",
      "geometry": {
        "type": "Point",
        "coordinates": [
          132.9114412,
          35.4869222
        ]
      },
      "properties": {
        "内容": "バス停: 殿山集会所",
        "name": "殿山集会所",
        "operator": "事業者不明",
        "ref": "",
        "url": "",
        "url2": ""
      }
    },
    {
      "type": "Feature",
      "geometry": {
        "type": "Point",
        "coordinates": [
          132.9152156,
          35.4911817
        ]
      },
      "properties": {
        "内容": "バス停: 元石",
        "name": "元石",
        "operator": "事業者不明",
        "ref": "",
        "url": "",
        "url2": ""
      }
    },
    {
      "type": "Feature",
      "geometry": {
        "type": "Point",
        "coordinates": [
          132.9132435,
          35.4938706
        ]
      },
      "properties": {
        "内容": "バス停: 石バネ三叉路",
        "name": "石バネ三叉路",
        "operator": "事業者不明",
        "ref": "",
        "url": "",
        "url2": ""
      }
    },
    {
      "type": "Feature",
      "geometry": {
        "type": "Point",
        "coordinates": [
          132.909312,
          35.4955138
        ]
      },
      "properties": {
        "内容": "バス停: 西ノ添",
        "name": "西ノ添",
        "operator": "事業者不明",
        "ref": "",
        "url": "",
        "url2": ""
      }
    },
    {
      "type": "Feature",
      "geometry": {
        "type": "Point",
        "coordinates": [
          132.9077858,
          35.5028587
        ]
      },
      "properties": {
        "内容": "バス停: 細原集会所",
        "name": "細原集会所",
        "operator": "事業者不明",
        "ref": "",
        "url": "",
        "url2": ""
      }
    },
    {
      "type": "Feature",
      "geometry": {
        "type": "Point",
        "coordinates": [
          132.7445129,
          35.4626196
        ]
      },
      "properties": {
        "内容": "バス停: 十六島車庫",
        "name": "十六島車庫",
        "operator": "事業者不明",
        "ref": "",
        "url": "",
        "url2": ""
      }
    },
    {
      "type": "Feature",
      "geometry": {
        "type": "Point",
        "coordinates": [
          133.0479681,
          35.4391695
        ]
      },
      "properties": {
        "内容": "バス停: 福富橋",
        "name": "福富橋",
        "operator": "事業者不明",
        "ref": "",
        "url": "",
        "url2": ""
      }
    },
    {
      "type": "Feature",
      "geometry": {
        "type": "Point",
        "coordinates": [
          133.0489514,
          35.4377938
        ]
      },
      "properties": {
        "内容": "バス停: みしまや田和山店",
        "name": "みしまや田和山店",
        "operator": "事業者不明",
        "ref": "",
        "url": "",
        "url2": ""
      }
    },
    {
      "type": "Feature",
      "geometry": {
        "type": "Point",
        "coordinates": [
          133.0489687,
          35.435471
        ]
      },
      "properties": {
        "内容": "バス停: 勝負",
        "name": "勝負",
        "operator": "事業者不明",
        "ref": "",
        "url": "",
        "url2": ""
      }
    },
    {
      "type": "Feature",
      "geometry": {
        "type": "Point",
        "coordinates": [
          133.0497541,
          35.4334283
        ]
      },
      "properties": {
        "内容": "バス停: 乃白北",
        "name": "乃白北",
        "operator": "事業者不明",
        "ref": "",
        "url": "",
        "url2": ""
      }
    },
    {
      "type": "Feature",
      "geometry": {
        "type": "Point",
        "coordinates": [
          133.0498854,
          35.433487
        ]
      },
      "properties": {
        "内容": "バス停: 乃白北",
        "name": "乃白北",
        "operator": "事業者不明",
        "ref": "",
        "url": "",
        "url2": ""
      }
    },
    {
      "type": "Feature",
      "geometry": {
        "type": "Point",
        "coordinates": [
          133.048947,
          35.4349219
        ]
      },
      "properties": {
        "内容": "バス停: 勝負",
        "name": "勝負",
        "operator": "事業者不明",
        "ref": "",
        "url": "",
        "url2": ""
      }
    },
    {
      "type": "Feature",
      "geometry": {
        "type": "Point",
        "coordinates": [
          133.0508509,
          35.4316655
        ]
      },
      "properties": {
        "内容": "バス停: 乃白",
        "name": "乃白",
        "operator": "事業者不明",
        "ref": "",
        "url": "",
        "url2": ""
      }
    },
    {
      "type": "Feature",
      "geometry": {
        "type": "Point",
        "coordinates": [
          133.050976,
          35.4316866
        ]
      },
      "properties": {
        "内容": "バス停: 乃白",
        "name": "乃白",
        "operator": "事業者不明",
        "ref": "",
        "url": "",
        "url2": ""
      }
    },
    {
      "type": "Feature",
      "geometry": {
        "type": "Point",
        "coordinates": [
          133.0507183,
          35.4289244
        ]
      },
      "properties": {
        "内容": "バス停: 紙屋口",
        "name": "紙屋口",
        "operator": "事業者不明",
        "ref": "",
        "url": "",
        "url2": ""
      }
    },
    {
      "type": "Feature",
      "geometry": {
        "type": "Point",
        "coordinates": [
          133.0483953,
          35.4231447
        ]
      },
      "properties": {
        "内容": "バス停: 水源池",
        "name": "水源池",
        "operator": "事業者不明",
        "ref": "",
        "url": "",
        "url2": ""
      }
    },
    {
      "type": "Feature",
      "geometry": {
        "type": "Point",
        "coordinates": [
          133.0719953,
          35.4319376
        ]
      },
      "properties": {
        "内容": "バス停: 生協リハビリテーション病院",
        "name": "生協リハビリテーション病院",
        "operator": "事業者不明",
        "ref": "",
        "url": "",
        "url2": ""
      }
    },
    {
      "type": "Feature",
      "geometry": {
        "type": "Point",
        "coordinates": [
          133.0958204,
          35.4162835
        ]
      },
      "properties": {
        "内容": "バス停: 日吉サニーハイツ",
        "name": "日吉サニーハイツ",
        "operator": "事業者不明",
        "ref": "",
        "url": "",
        "url2": ""
      }
    },
    {
      "type": "Feature",
      "geometry": {
        "type": "Point",
        "coordinates": [
          133.0961315,
          35.4154019
        ]
      },
      "properties": {
        "内容": "バス停: 日吉サニーハイツ",
        "name": "日吉サニーハイツ",
        "operator": "事業者不明",
        "ref": "",
        "url": "",
        "url2": ""
      }
    },
    {
      "type": "Feature",
      "geometry": {
        "type": "Point",
        "coordinates": [
          133.0921433,
          35.4251007
        ]
      },
      "properties": {
        "内容": "バス停: 有",
        "name": "有",
        "operator": "事業者不明",
        "ref": "",
        "url": "",
        "url2": ""
      }
    },
    {
      "type": "Feature",
      "geometry": {
        "type": "Point",
        "coordinates": [
          133.0940979,
          35.4197395
        ]
      },
      "properties": {
        "内容": "バス停: 西日吉団地前",
        "name": "西日吉団地前",
        "operator": "事業者不明",
        "ref": "",
        "url": "",
        "url2": ""
      }
    },
    {
      "type": "Feature",
      "geometry": {
        "type": "Point",
        "coordinates": [
          133.095612,
          35.4183964
        ]
      },
      "properties": {
        "内容": "バス停: 神納橋",
        "name": "神納橋",
        "operator": "事業者不明",
        "ref": "",
        "url": "",
        "url2": ""
      }
    },
    {
      "type": "Feature",
      "geometry": {
        "type": "Point",
        "coordinates": [
          133.0955294,
          35.4181254
        ]
      },
      "properties": {
        "内容": "バス停: 神納橋",
        "name": "神納橋",
        "operator": "事業者不明",
        "ref": "",
        "url": "",
        "url2": ""
      }
    },
    {
      "type": "Feature",
      "geometry": {
        "type": "Point",
        "coordinates": [
          133.0961034,
          35.4144113
        ]
      },
      "properties": {
        "内容": "バス停: 要害橋",
        "name": "要害橋",
        "operator": "事業者不明",
        "ref": "",
        "url": "",
        "url2": ""
      }
    },
    {
      "type": "Feature",
      "geometry": {
        "type": "Point",
        "coordinates": [
          133.0969808,
          35.4125046
        ]
      },
      "properties": {
        "内容": "バス停: 八雲バスターミナル",
        "name": "八雲バスターミナル",
        "operator": "事業者不明",
        "ref": "",
        "url": "",
        "url2": ""
      }
    },
    {
      "type": "Feature",
      "geometry": {
        "type": "Point",
        "coordinates": [
          133.0892467,
          35.4051467
        ]
      },
      "properties": {
        "内容": "バス停: 八雲小学校",
        "name": "八雲小学校",
        "operator": "事業者不明",
        "ref": "",
        "url": "",
        "url2": ""
      }
    },
    {
      "type": "Feature",
      "geometry": {
        "type": "Point",
        "coordinates": [
          133.0892177,
          35.404747
        ]
      },
      "properties": {
        "内容": "バス停: 八雲小学校",
        "name": "八雲小学校",
        "operator": "事業者不明",
        "ref": "",
        "url": "",
        "url2": ""
      }
    },
    {
      "type": "Feature",
      "geometry": {
        "type": "Point",
        "coordinates": [
          133.0905383,
          35.4057655
        ]
      },
      "properties": {
        "内容": "バス停: 八雲支所",
        "name": "八雲支所",
        "operator": "事業者不明",
        "ref": "",
        "url": "",
        "url2": ""
      }
    },
    {
      "type": "Feature",
      "geometry": {
        "type": "Point",
        "coordinates": [
          133.0446726,
          35.4413697
        ]
      },
      "properties": {
        "内容": "バス停: 福富団地入口",
        "name": "福富団地入口",
        "operator": "事業者不明",
        "ref": "",
        "url": "",
        "url2": ""
      }
    },
    {
      "type": "Feature",
      "geometry": {
        "type": "Point",
        "coordinates": [
          133.0439409,
          35.4408819
        ]
      },
      "properties": {
        "内容": "バス停: 福富団地入口",
        "name": "福富団地入口",
        "operator": "事業者不明",
        "ref": "",
        "url": "",
        "url2": ""
      }
    },
    {
      "type": "Feature",
      "geometry": {
        "type": "Point",
        "coordinates": [
          133.0417667,
          35.4373003
        ]
      },
      "properties": {
        "内容": "バス停: 養護学校乃木校舎前",
        "name": "養護学校乃木校舎前",
        "operator": "事業者不明",
        "ref": "",
        "url": "",
        "url2": ""
      }
    },
    {
      "type": "Feature",
      "geometry": {
        "type": "Point",
        "coordinates": [
          133.0414202,
          35.4355006
        ]
      },
      "properties": {
        "内容": "バス停: みのりが丘",
        "name": "みのりが丘",
        "operator": "事業者不明",
        "ref": "",
        "url": "",
        "url2": ""
      }
    },
    {
      "type": "Feature",
      "geometry": {
        "type": "Point",
        "coordinates": [
          133.035284,
          35.4329164
        ]
      },
      "properties": {
        "内容": "バス停: 布志名東",
        "name": "布志名東",
        "operator": "事業者不明",
        "ref": "",
        "url": "",
        "url2": ""
      }
    },
    {
      "type": "Feature",
      "geometry": {
        "type": "Point",
        "coordinates": [
          133.0344086,
          35.4328176
        ]
      },
      "properties": {
        "内容": "バス停: 布志名東",
        "name": "布志名東",
        "operator": "事業者不明",
        "ref": "",
        "url": "",
        "url2": ""
      }
    },
    {
      "type": "Feature",
      "geometry": {
        "type": "Point",
        "coordinates": [
          133.0323976,
          35.4328657
        ]
      },
      "properties": {
        "内容": "バス停: 布志名",
        "name": "布志名",
        "operator": "事業者不明",
        "ref": "",
        "url": "",
        "url2": ""
      }
    },
    {
      "type": "Feature",
      "geometry": {
        "type": "Point",
        "coordinates": [
          133.0315875,
          35.4326188
        ]
      },
      "properties": {
        "内容": "バス停: 布志名",
        "name": "布志名",
        "operator": "事業者不明",
        "ref": "",
        "url": "",
        "url2": ""
      }
    },
    {
      "type": "Feature",
      "geometry": {
        "type": "Point",
        "coordinates": [
          133.0264888,
          35.4317192
        ]
      },
      "properties": {
        "内容": "バス停: 布志名西",
        "name": "布志名西",
        "operator": "事業者不明",
        "ref": "",
        "url": "",
        "url2": ""
      }
    },
    {
      "type": "Feature",
      "geometry": {
        "type": "Point",
        "coordinates": [
          133.0253228,
          35.4314608
        ]
      },
      "properties": {
        "内容": "バス停: 布志名西",
        "name": "布志名西",
        "operator": "事業者不明",
        "ref": "",
        "url": "",
        "url2": ""
      }
    },
    {
      "type": "Feature",
      "geometry": {
        "type": "Point",
        "coordinates": [
          133.0190856,
          35.4318289
        ]
      },
      "properties": {
        "内容": "バス停: 地域医療機構玉造病院入口",
        "name": "地域医療機構玉造病院入口",
        "operator": "事業者不明",
        "ref": "",
        "url": "",
        "url2": ""
      }
    },
    {
      "type": "Feature",
      "geometry": {
        "type": "Point",
        "coordinates": [
          133.0184622,
          35.4320889
        ]
      },
      "properties": {
        "内容": "バス停: 地域医療機構玉造病院入口",
        "name": "地域医療機構玉造病院入口",
        "operator": "事業者不明",
        "ref": "",
        "url": "",
        "url2": ""
      }
    },
    {
      "type": "Feature",
      "geometry": {
        "type": "Point",
        "coordinates": [
          133.0173154,
          35.431364
        ]
      },
      "properties": {
        "内容": "バス停: 地域医療機構玉造病院",
        "name": "地域医療機構玉造病院",
        "operator": "事業者不明",
        "ref": "",
        "url": "",
        "url2": ""
      }
    },
    {
      "type": "Feature",
      "geometry": {
        "type": "Point",
        "coordinates": [
          133.0161409,
          35.4322582
        ]
      },
      "properties": {
        "内容": "バス停: 湯町東",
        "name": "湯町東",
        "operator": "事業者不明",
        "ref": "",
        "url": "",
        "url2": ""
      }
    },
    {
      "type": "Feature",
      "geometry": {
        "type": "Point",
        "coordinates": [
          133.0109216,
          35.4318735
        ]
      },
      "properties": {
        "内容": "バス停: 玉造温泉駅入口",
        "name": "玉造温泉駅入口",
        "operator": "事業者不明",
        "ref": "",
        "url": "",
        "url2": ""
      }
    },
    {
      "type": "Feature",
      "geometry": {
        "type": "Point",
        "coordinates": [
          133.0116632,
          35.431005
        ]
      },
      "properties": {
        "内容": "バス停: 玉造温泉駅",
        "name": "玉造温泉駅",
        "operator": "事業者不明",
        "ref": "",
        "url": "",
        "url2": ""
      }
    },
    {
      "type": "Feature",
      "geometry": {
        "type": "Point",
        "coordinates": [
          133.010179,
          35.4301073
        ]
      },
      "properties": {
        "内容": "バス停: 玉造温泉駅南口",
        "name": "玉造温泉駅南口",
        "operator": "事業者不明",
        "ref": "",
        "url": "",
        "url2": ""
      }
    },
    {
      "type": "Feature",
      "geometry": {
        "type": "Point",
        "coordinates": [
          133.0100341,
          35.4300103
        ]
      },
      "properties": {
        "内容": "バス停: 玉造温泉駅南口",
        "name": "玉造温泉駅南口",
        "operator": "事業者不明",
        "ref": "",
        "url": "",
        "url2": ""
      }
    },
    {
      "type": "Feature",
      "geometry": {
        "type": "Point",
        "coordinates": [
          133.007061,
          35.4309433
        ]
      },
      "properties": {
        "内容": "バス停: 玉湯公民館",
        "name": "玉湯公民館",
        "operator": "事業者不明",
        "ref": "",
        "url": "",
        "url2": ""
      }
    },
    {
      "type": "Feature",
      "geometry": {
        "type": "Point",
        "coordinates": [
          133.007784,
          35.4314505
        ]
      },
      "properties": {
        "内容": "バス停: 松江市役所玉湯支所入口",
        "name": "松江市役所玉湯支所入口",
        "operator": "事業者不明",
        "ref": "",
        "url": "",
        "url2": ""
      }
    },
    {
      "type": "Feature",
      "geometry": {
        "type": "Point",
        "coordinates": [
          133.0079027,
          35.4310963
        ]
      },
      "properties": {
        "内容": "バス停: 松江市役所玉湯支所入口",
        "name": "松江市役所玉湯支所入口",
        "operator": "事業者不明",
        "ref": "",
        "url": "",
        "url2": ""
      }
    },
    {
      "type": "Feature",
      "geometry": {
        "type": "Point",
        "coordinates": [
          133.0079187,
          35.4270155
        ]
      },
      "properties": {
        "内容": "バス停: 玉湯小学校前",
        "name": "玉湯小学校前",
        "operator": "事業者不明",
        "ref": "",
        "url": "",
        "url2": ""
      }
    },
    {
      "type": "Feature",
      "geometry": {
        "type": "Point",
        "coordinates": [
          133.0080227,
          35.4264429
        ]
      },
      "properties": {
        "内容": "バス停: 玉湯小学校前",
        "name": "玉湯小学校前",
        "operator": "事業者不明",
        "ref": "",
        "url": "",
        "url2": ""
      }
    },
    {
      "type": "Feature",
      "geometry": {
        "type": "Point",
        "coordinates": [
          132.9514658,
          35.4208509
        ]
      },
      "properties": {
        "内容": "バス停: 来待駅",
        "name": "来待駅",
        "operator": "事業者不明",
        "ref": "",
        "url": "",
        "url2": ""
      }
    },
    {
      "type": "Feature",
      "geometry": {
        "type": "Point",
        "coordinates": [
          132.9616442,
          35.4232309
        ]
      },
      "properties": {
        "内容": "バス停: 弘長寺",
        "name": "弘長寺",
        "operator": "事業者不明",
        "ref": "",
        "url": "",
        "url2": ""
      }
    },
    {
      "type": "Feature",
      "geometry": {
        "type": "Point",
        "coordinates": [
          132.9621075,
          35.4232346
        ]
      },
      "properties": {
        "内容": "バス停: 弘長寺",
        "name": "弘長寺",
        "operator": "事業者不明",
        "ref": "",
        "url": "",
        "url2": ""
      }
    },
    {
      "type": "Feature",
      "geometry": {
        "type": "Point",
        "coordinates": [
          132.9717422,
          35.4225615
        ]
      },
      "properties": {
        "内容": "バス停: 鏡",
        "name": "鏡",
        "operator": "事業者不明",
        "ref": "",
        "url": "",
        "url2": ""
      }
    },
    {
      "type": "Feature",
      "geometry": {
        "type": "Point",
        "coordinates": [
          132.9718291,
          35.4194122
        ]
      },
      "properties": {
        "内容": "バス停: 鏡上",
        "name": "鏡上",
        "operator": "事業者不明",
        "ref": "",
        "url": "",
        "url2": ""
      }
    },
    {
      "type": "Feature",
      "geometry": {
        "type": "Point",
        "coordinates": [
          132.9595369,
          35.4935878
        ]
      },
      "properties": {
        "内容": "バス停: 雲岸寺",
        "name": "雲岸寺",
        "operator": "事業者不明",
        "ref": "",
        "url": "",
        "url2": ""
      }
    },
    {
      "type": "Feature",
      "geometry": {
        "type": "Point",
        "coordinates": [
          132.9519218,
          35.4815752
        ]
      },
      "properties": {
        "内容": "バス停: とちぎ",
        "name": "とちぎ",
        "operator": "事業者不明",
        "ref": "",
        "url": "",
        "url2": ""
      }
    },
    {
      "type": "Feature",
      "geometry": {
        "type": "Point",
        "coordinates": [
          132.951996,
          35.4833712
        ]
      },
      "properties": {
        "内容": "バス停: みくりや入口",
        "name": "みくりや入口",
        "operator": "事業者不明",
        "ref": "",
        "url": "",
        "url2": ""
      }
    },
    {
      "type": "Feature",
      "geometry": {
        "type": "Point",
        "coordinates": [
          132.9545593,
          35.4857946
        ]
      },
      "properties": {
        "内容": "バス停: 本谷会館前",
        "name": "本谷会館前",
        "operator": "事業者不明",
        "ref": "",
        "url": "",
        "url2": ""
      }
    },
    {
      "type": "Feature",
      "geometry": {
        "type": "Point",
        "coordinates": [
          132.9501101,
          35.4875259
        ]
      },
      "properties": {
        "内容": "バス停: 樋ノ口",
        "name": "樋ノ口",
        "operator": "事業者不明",
        "ref": "",
        "url": "",
        "url2": ""
      }
    },
    {
      "type": "Feature",
      "geometry": {
        "type": "Point",
        "coordinates": [
          132.9500652,
          35.4891654
        ]
      },
      "properties": {
        "内容": "バス停: 鰐尾",
        "name": "鰐尾",
        "operator": "事業者不明",
        "ref": "",
        "url": "",
        "url2": ""
      }
    },
    {
      "type": "Feature",
      "geometry": {
        "type": "Point",
        "coordinates": [
          132.9471485,
          35.4842121
        ]
      },
      "properties": {
        "内容": "バス停: 岡本よこや前",
        "name": "岡本よこや前",
        "operator": "事業者不明",
        "ref": "",
        "url": "",
        "url2": ""
      }
    },
    {
      "type": "Feature",
      "geometry": {
        "type": "Point",
        "coordinates": [
          132.9481577,
          35.4808913
        ]
      },
      "properties": {
        "内容": "バス停: 幼稚園前",
        "name": "幼稚園前",
        "operator": "事業者不明",
        "ref": "",
        "url": "",
        "url2": ""
      }
    },
    {
      "type": "Feature",
      "geometry": {
        "type": "Point",
        "coordinates": [
          132.9421092,
          35.4788984
        ]
      },
      "properties": {
        "内容": "バス停: 池ノ尻",
        "name": "池ノ尻",
        "operator": "事業者不明",
        "ref": "",
        "url": "",
        "url2": ""
      }
    },
    {
      "type": "Feature",
      "geometry": {
        "type": "Point",
        "coordinates": [
          132.9393482,
          35.4799747
        ]
      },
      "properties": {
        "内容": "バス停: だで",
        "name": "だで",
        "operator": "事業者不明",
        "ref": "",
        "url": "",
        "url2": ""
      }
    },
    {
      "type": "Feature",
      "geometry": {
        "type": "Point",
        "coordinates": [
          132.9356921,
          35.4746836
        ]
      },
      "properties": {
        "内容": "バス停: むこうやま",
        "name": "むこうやま",
        "operator": "事業者不明",
        "ref": "",
        "url": "",
        "url2": ""
      }
    },
    {
      "type": "Feature",
      "geometry": {
        "type": "Point",
        "coordinates": [
          132.9338678,
          35.4726115
        ]
      },
      "properties": {
        "内容": "バス停: 中谷入口",
        "name": "中谷入口",
        "operator": "事業者不明",
        "ref": "",
        "url": "",
        "url2": ""
      }
    },
    {
      "type": "Feature",
      "geometry": {
        "type": "Point",
        "coordinates": [
          132.932854,
          35.4725599
        ]
      },
      "properties": {
        "内容": "バス停: 名原公会所前",
        "name": "名原公会所前",
        "operator": "事業者不明",
        "ref": "",
        "url": "",
        "url2": ""
      }
    },
    {
      "type": "Feature",
      "geometry": {
        "type": "Point",
        "coordinates": [
          132.9297818,
          35.4718392
        ]
      },
      "properties": {
        "内容": "バス停: 鳥居馬場",
        "name": "鳥居馬場",
        "operator": "事業者不明",
        "ref": "",
        "url": "",
        "url2": ""
      }
    },
    {
      "type": "Feature",
      "geometry": {
        "type": "Point",
        "coordinates": [
          132.9270037,
          35.4706409
        ]
      },
      "properties": {
        "内容": "バス停: 大川田谷入口",
        "name": "大川田谷入口",
        "operator": "事業者不明",
        "ref": "",
        "url": "",
        "url2": ""
      }
    },
    {
      "type": "Feature",
      "geometry": {
        "type": "Point",
        "coordinates": [
          132.9251985,
          35.4693495
        ]
      },
      "properties": {
        "内容": "バス停: 小川田谷入口",
        "name": "小川田谷入口",
        "operator": "事業者不明",
        "ref": "",
        "url": "",
        "url2": ""
      }
    },
    {
      "type": "Feature",
      "geometry": {
        "type": "Point",
        "coordinates": [
          132.9345036,
          35.4796556
        ]
      },
      "properties": {
        "内容": "バス停: 高下谷",
        "name": "高下谷",
        "operator": "事業者不明",
        "ref": "",
        "url": "",
        "url2": ""
      }
    },
    {
      "type": "Feature",
      "geometry": {
        "type": "Point",
        "coordinates": [
          132.9263011,
          35.4830598
        ]
      },
      "properties": {
        "内容": "バス停: 初崎",
        "name": "初崎",
        "operator": "事業者不明",
        "ref": "",
        "url": "",
        "url2": ""
      }
    },
    {
      "type": "Feature",
      "geometry": {
        "type": "Point",
        "coordinates": [
          132.9278772,
          35.4867112
        ]
      },
      "properties": {
        "内容": "バス停: 農道入口",
        "name": "農道入口",
        "operator": "事業者不明",
        "ref": "",
        "url": "",
        "url2": ""
      }
    },
    {
      "type": "Feature",
      "geometry": {
        "type": "Point",
        "coordinates": [
          132.9306169,
          35.4871043
        ]
      },
      "properties": {
        "内容": "バス停: 吉本",
        "name": "吉本",
        "operator": "事業者不明",
        "ref": "",
        "url": "",
        "url2": ""
      }
    },
    {
      "type": "Feature",
      "geometry": {
        "type": "Point",
        "coordinates": [
          132.9306241,
          35.488835
        ]
      },
      "properties": {
        "内容": "バス停: せつき",
        "name": "せつき",
        "operator": "事業者不明",
        "ref": "",
        "url": "",
        "url2": ""
      }
    },
    {
      "type": "Feature",
      "geometry": {
        "type": "Point",
        "coordinates": [
          132.9288924,
          35.4894574
        ]
      },
      "properties": {
        "内容": "バス停: 木ノ下",
        "name": "木ノ下",
        "operator": "事業者不明",
        "ref": "",
        "url": "",
        "url2": ""
      }
    },
    {
      "type": "Feature",
      "geometry": {
        "type": "Point",
        "coordinates": [
          132.9239734,
          35.4881367
        ]
      },
      "properties": {
        "内容": "バス停: おさき",
        "name": "おさき",
        "operator": "事業者不明",
        "ref": "",
        "url": "",
        "url2": ""
      }
    },
    {
      "type": "Feature",
      "geometry": {
        "type": "Point",
        "coordinates": [
          132.9501392,
          35.495738
        ]
      },
      "properties": {
        "内容": "バス停: 一ノ井手橋",
        "name": "一ノ井手橋",
        "operator": "事業者不明",
        "ref": "",
        "url": "",
        "url2": ""
      }
    },
    {
      "type": "Feature",
      "geometry": {
        "type": "Point",
        "coordinates": [
          132.9436204,
          35.4936674
        ]
      },
      "properties": {
        "内容": "バス停: 室屋前",
        "name": "室屋前",
        "operator": "事業者不明",
        "ref": "",
        "url": "",
        "url2": ""
      }
    },
    {
      "type": "Feature",
      "geometry": {
        "type": "Point",
        "coordinates": [
          132.9353885,
          35.4939834
        ]
      },
      "properties": {
        "内容": "バス停: せだら",
        "name": "せだら",
        "operator": "事業者不明",
        "ref": "",
        "url": "",
        "url2": ""
      }
    },
    {
      "type": "Feature",
      "geometry": {
        "type": "Point",
        "coordinates": [
          132.9388226,
          35.4982462
        ]
      },
      "properties": {
        "内容": "バス停: 頃垣下",
        "name": "頃垣下",
        "operator": "事業者不明",
        "ref": "",
        "url": "",
        "url2": ""
      }
    },
    {
      "type": "Feature",
      "geometry": {
        "type": "Point",
        "coordinates": [
          132.9485794,
          35.502688
        ]
      },
      "properties": {
        "内容": "バス停: 上岩貝橋",
        "name": "上岩貝橋",
        "operator": "事業者不明",
        "ref": "",
        "url": "",
        "url2": ""
      }
    },
    {
      "type": "Feature",
      "geometry": {
        "type": "Point",
        "coordinates": [
          132.9480269,
          35.5044508
        ]
      },
      "properties": {
        "内容": "バス停: 鍋倉谷入口",
        "name": "鍋倉谷入口",
        "operator": "事業者不明",
        "ref": "",
        "url": "",
        "url2": ""
      }
    },
    {
      "type": "Feature",
      "geometry": {
        "type": "Point",
        "coordinates": [
          132.9434811,
          35.5075727
        ]
      },
      "properties": {
        "内容": "バス停: 一ツ橋",
        "name": "一ツ橋",
        "operator": "事業者不明",
        "ref": "",
        "url": "",
        "url2": ""
      }
    },
    {
      "type": "Feature",
      "geometry": {
        "type": "Point",
        "coordinates": [
          132.9404328,
          35.5080195
        ]
      },
      "properties": {
        "内容": "バス停: 大谷入口",
        "name": "大谷入口",
        "operator": "事業者不明",
        "ref": "",
        "url": "",
        "url2": ""
      }
    },
    {
      "type": "Feature",
      "geometry": {
        "type": "Point",
        "coordinates": [
          132.9404956,
          35.5090971
        ]
      },
      "properties": {
        "内容": "バス停: 三ツ谷",
        "name": "三ツ谷",
        "operator": "事業者不明",
        "ref": "",
        "url": "",
        "url2": ""
      }
    },
    {
      "type": "Feature",
      "geometry": {
        "type": "Point",
        "coordinates": [
          132.9327427,
          35.5071336
        ]
      },
      "properties": {
        "内容": "バス停: 後大谷",
        "name": "後大谷",
        "operator": "事業者不明",
        "ref": "",
        "url": "",
        "url2": ""
      }
    },
    {
      "type": "Feature",
      "geometry": {
        "type": "Point",
        "coordinates": [
          132.9331022,
          35.5115792
        ]
      },
      "properties": {
        "内容": "バス停: 一の倉",
        "name": "一の倉",
        "operator": "事業者不明",
        "ref": "",
        "url": "",
        "url2": ""
      }
    },
    {
      "type": "Feature",
      "geometry": {
        "type": "Point",
        "coordinates": [
          132.9409861,
          35.5127228
        ]
      },
      "properties": {
        "内容": "バス停: トンネル北口",
        "name": "トンネル北口",
        "operator": "事業者不明",
        "ref": "",
        "url": "",
        "url2": ""
      }
    },
    {
      "type": "Feature",
      "geometry": {
        "type": "Point",
        "coordinates": [
          132.9389065,
          35.5145643
        ]
      },
      "properties": {
        "内容": "バス停: 六坊浜ノ上",
        "name": "六坊浜ノ上",
        "operator": "事業者不明",
        "ref": "",
        "url": "",
        "url2": ""
      }
    },
    {
      "type": "Feature",
      "geometry": {
        "type": "Point",
        "coordinates": [
          132.9353366,
          35.5156473
        ]
      },
      "properties": {
        "内容": "バス停: 小浜",
        "name": "小浜",
        "operator": "事業者不明",
        "ref": "",
        "url": "",
        "url2": ""
      }
    },
    {
      "type": "Feature",
      "geometry": {
        "type": "Point",
        "coordinates": [
          132.9129341,
          35.4975992
        ]
      },
      "properties": {
        "内容": "バス停: 上根尾公民館",
        "name": "上根尾公民館",
        "operator": "事業者不明",
        "ref": "",
        "url": "",
        "url2": ""
      }
    },
    {
      "type": "Feature",
      "geometry": {
        "type": "Point",
        "coordinates": [
          132.9137365,
          35.4990017
        ]
      },
      "properties": {
        "内容": "バス停: 朝畑",
        "name": "朝畑",
        "operator": "事業者不明",
        "ref": "",
        "url": "",
        "url2": ""
      }
    },
    {
      "type": "Feature",
      "geometry": {
        "type": "Point",
        "coordinates": [
          132.9115273,
          35.4989673
        ]
      },
      "properties": {
        "内容": "バス停: 谷頭",
        "name": "谷頭",
        "operator": "事業者不明",
        "ref": "",
        "url": "",
        "url2": ""
      }
    },
    {
      "type": "Feature",
      "geometry": {
        "type": "Point",
        "coordinates": [
          132.9097434,
          35.5009398
        ]
      },
      "properties": {
        "内容": "バス停: 大空",
        "name": "大空",
        "operator": "事業者不明",
        "ref": "",
        "url": "",
        "url2": ""
      }
    },
    {
      "type": "Feature",
      "geometry": {
        "type": "Point",
        "coordinates": [
          132.9086138,
          35.5024591
        ]
      },
      "properties": {
        "内容": "バス停: 空川",
        "name": "空川",
        "operator": "事業者不明",
        "ref": "",
        "url": "",
        "url2": ""
      }
    },
    {
      "type": "Feature",
      "geometry": {
        "type": "Point",
        "coordinates": [
          132.905184,
          35.504385
        ]
      },
      "properties": {
        "内容": "バス停: 後川",
        "name": "後川",
        "operator": "事業者不明",
        "ref": "",
        "url": "",
        "url2": ""
      }
    },
    {
      "type": "Feature",
      "geometry": {
        "type": "Point",
        "coordinates": [
          132.9098175,
          35.5080186
        ]
      },
      "properties": {
        "内容": "バス停: 奥山",
        "name": "奥山",
        "operator": "事業者不明",
        "ref": "",
        "url": "",
        "url2": ""
      }
    },
    {
      "type": "Feature",
      "geometry": {
        "type": "Point",
        "coordinates": [
          132.9112644,
          35.4933306
        ]
      },
      "properties": {
        "内容": "バス停: 門脇入口",
        "name": "門脇入口",
        "operator": "事業者不明",
        "ref": "",
        "url": "",
        "url2": ""
      }
    },
    {
      "type": "Feature",
      "geometry": {
        "type": "Point",
        "coordinates": [
          132.9068382,
          35.4938968
        ]
      },
      "properties": {
        "内容": "バス停: 一本松",
        "name": "一本松",
        "operator": "事業者不明",
        "ref": "",
        "url": "",
        "url2": ""
      }
    },
    {
      "type": "Feature",
      "geometry": {
        "type": "Point",
        "coordinates": [
          132.9098488,
          35.4878157
        ]
      },
      "properties": {
        "内容": "バス停: 往還",
        "name": "往還",
        "operator": "事業者不明",
        "ref": "",
        "url": "",
        "url2": ""
      }
    },
    {
      "type": "Feature",
      "geometry": {
        "type": "Point",
        "coordinates": [
          132.9104496,
          35.4856186
        ]
      },
      "properties": {
        "内容": "バス停: 長谷下",
        "name": "長谷下",
        "operator": "事業者不明",
        "ref": "",
        "url": "",
        "url2": ""
      }
    },
    {
      "type": "Feature",
      "geometry": {
        "type": "Point",
        "coordinates": [
          132.9118766,
          35.4851052
        ]
      },
      "properties": {
        "内容": "バス停: 西垣下",
        "name": "西垣下",
        "operator": "事業者不明",
        "ref": "",
        "url": "",
        "url2": ""
      }
    },
    {
      "type": "Feature",
      "geometry": {
        "type": "Point",
        "coordinates": [
          132.9152942,
          35.488094
        ]
      },
      "properties": {
        "内容": "バス停: 高木",
        "name": "高木",
        "operator": "事業者不明",
        "ref": "",
        "url": "",
        "url2": ""
      }
    },
    {
      "type": "Feature",
      "geometry": {
        "type": "Point",
        "coordinates": [
          132.9278805,
          35.4939918
        ]
      },
      "properties": {
        "内容": "バス停: 大前",
        "name": "大前",
        "operator": "事業者不明",
        "ref": "",
        "url": "",
        "url2": ""
      }
    },
    {
      "type": "Feature",
      "geometry": {
        "type": "Point",
        "coordinates": [
          132.9318731,
          35.4973447
        ]
      },
      "properties": {
        "内容": "バス停: 黒石",
        "name": "黒石",
        "operator": "事業者不明",
        "ref": "",
        "url": "",
        "url2": ""
      }
    },
    {
      "type": "Feature",
      "geometry": {
        "type": "Point",
        "coordinates": [
          132.9305752,
          35.4997036
        ]
      },
      "properties": {
        "内容": "バス停: 高山",
        "name": "高山",
        "operator": "事業者不明",
        "ref": "",
        "url": "",
        "url2": ""
      }
    },
    {
      "type": "Feature",
      "geometry": {
        "type": "Point",
        "coordinates": [
          132.9325795,
          35.5010825
        ]
      },
      "properties": {
        "内容": "バス停: 穴形",
        "name": "穴形",
        "operator": "事業者不明",
        "ref": "",
        "url": "",
        "url2": ""
      }
    },
    {
      "type": "Feature",
      "geometry": {
        "type": "Point",
        "coordinates": [
          132.9241999,
          35.4956212
        ]
      },
      "properties": {
        "内容": "バス停: 下沢下",
        "name": "下沢下",
        "operator": "事業者不明",
        "ref": "",
        "url": "",
        "url2": ""
      }
    },
    {
      "type": "Feature",
      "geometry": {
        "type": "Point",
        "coordinates": [
          132.9194079,
          35.5023857
        ]
      },
      "properties": {
        "内容": "バス停: 杠谷入口",
        "name": "杠谷入口",
        "operator": "事業者不明",
        "ref": "",
        "url": "",
        "url2": ""
      }
    },
    {
      "type": "Feature",
      "geometry": {
        "type": "Point",
        "coordinates": [
          132.9196399,
          35.5160978
        ]
      },
      "properties": {
        "内容": "バス停: 魚瀬漁協前",
        "name": "魚瀬漁協前",
        "operator": "事業者不明",
        "ref": "",
        "url": "",
        "url2": ""
      }
    },
    {
      "type": "Feature",
      "geometry": {
        "type": "Point",
        "coordinates": [
          132.918994,
          35.5173639
        ]
      },
      "properties": {
        "内容": "バス停: 魚瀬灘",
        "name": "魚瀬灘",
        "operator": "事業者不明",
        "ref": "",
        "url": "",
        "url2": ""
      }
    },
    {
      "type": "Feature",
      "geometry": {
        "type": "Point",
        "coordinates": [
          133.0893861,
          35.4064025
        ]
      },
      "properties": {
        "内容": "バス停: 西岩坂",
        "name": "西岩坂",
        "operator": "事業者不明",
        "ref": "",
        "url": "",
        "url2": ""
      }
    },
    {
      "type": "Feature",
      "geometry": {
        "type": "Point",
        "coordinates": [
          133.0918913,
          35.4055615
        ]
      },
      "properties": {
        "内容": "バス停: 八雲ゆうあい館",
        "name": "八雲ゆうあい館",
        "operator": "事業者不明",
        "ref": "",
        "url": "",
        "url2": ""
      }
    },
    {
      "type": "Feature",
      "geometry": {
        "type": "Point",
        "coordinates": [
          133.0950888,
          35.4064301
        ]
      },
      "properties": {
        "内容": "バス停: やくも幼保園",
        "name": "やくも幼保園",
        "operator": "事業者不明",
        "ref": "",
        "url": "",
        "url2": ""
      }
    },
    {
      "type": "Feature",
      "geometry": {
        "type": "Point",
        "coordinates": [
          132.9793269,
          35.5265046
        ]
      },
      "properties": {
        "内容": "バス停: 恵曇連絡所",
        "name": "恵曇連絡所",
        "operator": "事業者不明",
        "ref": "",
        "url": "",
        "url2": ""
      }
    },
    {
      "type": "Feature",
      "geometry": {
        "type": "Point",
        "coordinates": [
          132.9843493,
          35.5237331
        ]
      },
      "properties": {
        "内容": "バス停: みしまや鹿島店",
        "name": "みしまや鹿島店",
        "operator": "事業者不明",
        "ref": "",
        "url": "",
        "url2": ""
      }
    },
    {
      "type": "Feature",
      "geometry": {
        "type": "Point",
        "coordinates": [
          132.9829439,
          35.5416432
        ]
      },
      "properties": {
        "内容": "バス停: 片句入口",
        "name": "片句入口",
        "operator": "事業者不明",
        "ref": "",
        "url": "",
        "url2": ""
      }
    },
    {
      "type": "Feature",
      "geometry": {
        "type": "Point",
        "coordinates": [
          132.9931176,
          35.5328619
        ]
      },
      "properties": {
        "内容": "バス停: 島根原子力館",
        "name": "島根原子力館",
        "operator": "事業者不明",
        "ref": "",
        "url": "",
        "url2": ""
      }
    },
    {
      "type": "Feature",
      "geometry": {
        "type": "Point",
        "coordinates": [
          133.0915627,
          35.4110238
        ]
      },
      "properties": {
        "内容": "バス停: 早田",
        "name": "早田",
        "operator": "事業者不明",
        "ref": "",
        "url": "",
        "url2": ""
      }
    },
    {
      "type": "Feature",
      "geometry": {
        "type": "Point",
        "coordinates": [
          133.1229106,
          35.414761
        ]
      },
      "properties": {
        "内容": "バス停: 内馬集会所",
        "name": "内馬集会所",
        "operator": "事業者不明",
        "ref": "",
        "url": "",
        "url2": ""
      }
    },
    {
      "type": "Feature",
      "geometry": {
        "type": "Point",
        "coordinates": [
          133.1314028,
          35.4138533
        ]
      },
      "properties": {
        "内容": "バス停: 須田",
        "name": "須田",
        "operator": "事業者不明",
        "ref": "",
        "url": "",
        "url2": ""
      }
    },
    {
      "type": "Feature",
      "geometry": {
        "type": "Point",
        "coordinates": [
          133.1307423,
          35.416975
        ]
      },
      "properties": {
        "内容": "バス停: 須田集会所",
        "name": "須田集会所",
        "operator": "事業者不明",
        "ref": "",
        "url": "",
        "url2": ""
      }
    },
    {
      "type": "Feature",
      "geometry": {
        "type": "Point",
        "coordinates": [
          133.1014797,
          35.4093507
        ]
      },
      "properties": {
        "内容": "バス停: 八雲郵便局",
        "name": "八雲郵便局",
        "operator": "事業者不明",
        "ref": "",
        "url": "",
        "url2": ""
      }
    },
    {
      "type": "Feature",
      "geometry": {
        "type": "Point",
        "coordinates": [
          133.108986,
          35.4087147
        ]
      },
      "properties": {
        "内容": "バス停: 川原",
        "name": "川原",
        "operator": "事業者不明",
        "ref": "",
        "url": "",
        "url2": ""
      }
    },
    {
      "type": "Feature",
      "geometry": {
        "type": "Point",
        "coordinates": [
          133.1113546,
          35.4206645
        ]
      },
      "properties": {
        "内容": "バス停: 春日台",
        "name": "春日台",
        "operator": "事業者不明",
        "ref": "",
        "url": "",
        "url2": ""
      }
    },
    {
      "type": "Feature",
      "geometry": {
        "type": "Point",
        "coordinates": [
          133.1105668,
          35.4256504
        ]
      },
      "properties": {
        "内容": "バス停: 春日",
        "name": "春日",
        "operator": "事業者不明",
        "ref": "",
        "url": "",
        "url2": ""
      }
    },
    {
      "type": "Feature",
      "geometry": {
        "type": "Point",
        "coordinates": [
          133.112719,
          35.426901
        ]
      },
      "properties": {
        "内容": "バス停: 今宮",
        "name": "今宮",
        "operator": "事業者不明",
        "ref": "",
        "url": "",
        "url2": ""
      }
    },
    {
      "type": "Feature",
      "geometry": {
        "type": "Point",
        "coordinates": [
          133.0950203,
          35.4065004
        ]
      },
      "properties": {
        "内容": "バス停: やくも幼保園",
        "name": "やくも幼保園",
        "operator": "事業者不明",
        "ref": "",
        "url": "",
        "url2": ""
      }
    },
    {
      "type": "Feature",
      "geometry": {
        "type": "Point",
        "coordinates": [
          133.101729,
          35.4086229
        ]
      },
      "properties": {
        "内容": "バス停: 東岩坂",
        "name": "東岩坂",
        "operator": "事業者不明",
        "ref": "",
        "url": "",
        "url2": ""
      }
    },
    {
      "type": "Feature",
      "geometry": {
        "type": "Point",
        "coordinates": [
          133.1016971,
          35.408522
        ]
      },
      "properties": {
        "内容": "バス停: 東岩坂",
        "name": "東岩坂",
        "operator": "事業者不明",
        "ref": "",
        "url": "",
        "url2": ""
      }
    },
    {
      "type": "Feature",
      "geometry": {
        "type": "Point",
        "coordinates": [
          133.099895,
          35.4100175
        ]
      },
      "properties": {
        "内容": "バス停: 川向",
        "name": "川向",
        "operator": "事業者不明",
        "ref": "",
        "url": "",
        "url2": ""
      }
    },
    {
      "type": "Feature",
      "geometry": {
        "type": "Point",
        "coordinates": [
          133.1280846,
          35.4274827
        ]
      },
      "properties": {
        "内容": "バス停: 中丁",
        "name": "中丁",
        "operator": "事業者不明",
        "ref": "",
        "url": "",
        "url2": ""
      }
    },
    {
      "type": "Feature",
      "geometry": {
        "type": "Point",
        "coordinates": [
          133.1286487,
          35.4274273
        ]
      },
      "properties": {
        "内容": "バス停: 前出雲郷公民館前",
        "name": "前出雲郷公民館前",
        "operator": "事業者不明",
        "ref": "",
        "url": "",
        "url2": ""
      }
    },
    {
      "type": "Feature",
      "geometry": {
        "type": "Point",
        "coordinates": [
          133.1257073,
          35.4209152
        ]
      },
      "properties": {
        "内容": "バス停: 九反田",
        "name": "九反田",
        "operator": "事業者不明",
        "ref": "",
        "url": "",
        "url2": ""
      }
    },
    {
      "type": "Feature",
      "geometry": {
        "type": "Point",
        "coordinates": [
          133.1533977,
          35.4131864
        ]
      },
      "properties": {
        "内容": "バス停: 上分",
        "name": "上分",
        "operator": "事業者不明",
        "ref": "",
        "url": "",
        "url2": ""
      }
    },
    {
      "type": "Feature",
      "geometry": {
        "type": "Point",
        "coordinates": [
          133.1628078,
          35.4114972
        ]
      },
      "properties": {
        "内容": "バス停: 高庭公会堂",
        "name": "高庭公会堂",
        "operator": "事業者不明",
        "ref": "",
        "url": "",
        "url2": ""
      }
    },
    {
      "type": "Feature",
      "geometry": {
        "type": "Point",
        "coordinates": [
          133.17648,
          35.4096505
        ]
      },
      "properties": {
        "内容": "バス停: 高丸三叉路",
        "name": "高丸三叉路",
        "operator": "事業者不明",
        "ref": "",
        "url": "",
        "url2": ""
      }
    },
    {
      "type": "Feature",
      "geometry": {
        "type": "Point",
        "coordinates": [
          133.2093478,
          35.406922
        ]
      },
      "properties": {
        "内容": "バス停: 田頼",
        "name": "田頼",
        "operator": "事業者不明",
        "ref": "",
        "url": "",
        "url2": ""
      }
    },
    {
      "type": "Feature",
      "geometry": {
        "type": "Point",
        "coordinates": [
          133.2080302,
          35.4013267
        ]
      },
      "properties": {
        "内容": "バス停: 西松井",
        "name": "西松井",
        "operator": "事業者不明",
        "ref": "",
        "url": "",
        "url2": ""
      }
    },
    {
      "type": "Feature",
      "geometry": {
        "type": "Point",
        "coordinates": [
          133.2042391,
          35.3923571
        ]
      },
      "properties": {
        "内容": "バス停: 飯梨",
        "name": "飯梨",
        "operator": "事業者不明",
        "ref": "",
        "url": "",
        "url2": ""
      }
    },
    {
      "type": "Feature",
      "geometry": {
        "type": "Point",
        "coordinates": [
          133.2034175,
          35.3910832
        ]
      },
      "properties": {
        "内容": "バス停: 飯梨小学校前",
        "name": "飯梨小学校前",
        "operator": "事業者不明",
        "ref": "",
        "url": "",
        "url2": ""
      }
    },
    {
      "type": "Feature",
      "geometry": {
        "type": "Point",
        "coordinates": [
          133.2009363,
          35.3878581
        ]
      },
      "properties": {
        "内容": "バス停: 櫻苑前",
        "name": "櫻苑前",
        "operator": "事業者不明",
        "ref": "",
        "url": "",
        "url2": ""
      }
    },
    {
      "type": "Feature",
      "geometry": {
        "type": "Point",
        "coordinates": [
          133.198005,
          35.3843203
        ]
      },
      "properties": {
        "内容": "バス停: 植田",
        "name": "植田",
        "operator": "事業者不明",
        "ref": "",
        "url": "",
        "url2": ""
      }
    },
    {
      "type": "Feature",
      "geometry": {
        "type": "Point",
        "coordinates": [
          133.0840649,
          35.3709848
        ]
      },
      "properties": {
        "内容": "バス停: 矢谷公民館",
        "name": "矢谷公民館",
        "operator": "事業者不明",
        "ref": "",
        "url": "",
        "url2": ""
      }
    },
    {
      "type": "Feature",
      "geometry": {
        "type": "Point",
        "coordinates": [
          133.1798138,
          35.3731055
        ]
      },
      "properties": {
        "内容": "バス停: ピュアレ前",
        "name": "ピュアレ前",
        "operator": "事業者不明",
        "ref": "",
        "url": "",
        "url2": ""
      }
    },
    {
      "type": "Feature",
      "geometry": {
        "type": "Point",
        "coordinates": [
          133.0744877,
          35.3744687
        ]
      },
      "properties": {
        "内容": "バス停: 稲葉",
        "name": "稲葉",
        "operator": "事業者不明",
        "ref": "",
        "url": "",
        "url2": ""
      }
    },
    {
      "type": "Feature",
      "geometry": {
        "type": "Point",
        "coordinates": [
          133.0787043,
          35.3781019
        ]
      },
      "properties": {
        "内容": "バス停: 矢谷入口",
        "name": "矢谷入口",
        "operator": "事業者不明",
        "ref": "",
        "url": "",
        "url2": ""
      }
    },
    {
      "type": "Feature",
      "geometry": {
        "type": "Point",
        "coordinates": [
          133.0861974,
          35.3845479
        ]
      },
      "properties": {
        "内容": "バス停: 森脇",
        "name": "森脇",
        "operator": "事業者不明",
        "ref": "",
        "url": "",
        "url2": ""
      }
    },
    {
      "type": "Feature",
      "geometry": {
        "type": "Point",
        "coordinates": [
          133.0808745,
          35.3890123
        ]
      },
      "properties": {
        "内容": "バス停: 太田",
        "name": "太田",
        "operator": "事業者不明",
        "ref": "",
        "url": "",
        "url2": ""
      }
    },
    {
      "type": "Feature",
      "geometry": {
        "type": "Point",
        "coordinates": [
          133.0830378,
          35.3965841
        ]
      },
      "properties": {
        "内容": "バス停: 大石",
        "name": "大石",
        "operator": "事業者不明",
        "ref": "",
        "url": "",
        "url2": ""
      }
    },
    {
      "type": "Feature",
      "geometry": {
        "type": "Point",
        "coordinates": [
          133.0859153,
          35.401554
        ]
      },
      "properties": {
        "内容": "バス停: 平原入口",
        "name": "平原入口",
        "operator": "事業者不明",
        "ref": "",
        "url": "",
        "url2": ""
      }
    },
    {
      "type": "Feature",
      "geometry": {
        "type": "Point",
        "coordinates": [
          133.0720988,
          35.372537
        ]
      },
      "properties": {
        "内容": "バス停: 熊野大社前",
        "name": "熊野大社前",
        "operator": "事業者不明",
        "ref": "",
        "url": "",
        "url2": ""
      }
    },
    {
      "type": "Feature",
      "geometry": {
        "type": "Point",
        "coordinates": [
          133.0696267,
          35.3660663
        ]
      },
      "properties": {
        "内容": "バス停: 岩室入口",
        "name": "岩室入口",
        "operator": "事業者不明",
        "ref": "",
        "url": "",
        "url2": ""
      }
    },
    {
      "type": "Feature",
      "geometry": {
        "type": "Point",
        "coordinates": [
          133.068938,
          35.3622258
        ]
      },
      "properties": {
        "内容": "バス停: 市場",
        "name": "市場",
        "operator": "事業者不明",
        "ref": "",
        "url": "",
        "url2": ""
      }
    },
    {
      "type": "Feature",
      "geometry": {
        "type": "Point",
        "coordinates": [
          133.061759,
          35.3537979
        ]
      },
      "properties": {
        "内容": "バス停: 若須谷",
        "name": "若須谷",
        "operator": "事業者不明",
        "ref": "",
        "url": "",
        "url2": ""
      }
    },
    {
      "type": "Feature",
      "geometry": {
        "type": "Point",
        "coordinates": [
          133.0584761,
          35.3503507
        ]
      },
      "properties": {
        "内容": "バス停: 須谷",
        "name": "須谷",
        "operator": "事業者不明",
        "ref": "",
        "url": "",
        "url2": ""
      }
    },
    {
      "type": "Feature",
      "geometry": {
        "type": "Point",
        "coordinates": [
          133.0550698,
          35.3584218
        ]
      },
      "properties": {
        "内容": "バス停: 八所林道入口",
        "name": "八所林道入口",
        "operator": "事業者不明",
        "ref": "",
        "url": "",
        "url2": ""
      }
    },
    {
      "type": "Feature",
      "geometry": {
        "type": "Point",
        "coordinates": [
          133.093324,
          35.3970901
        ]
      },
      "properties": {
        "内容": "バス停: 栗子橋",
        "name": "栗子橋",
        "operator": "事業者不明",
        "ref": "",
        "url": "",
        "url2": ""
      }
    },
    {
      "type": "Feature",
      "geometry": {
        "type": "Point",
        "coordinates": [
          133.097332,
          35.3927354
        ]
      },
      "properties": {
        "内容": "バス停: 隅田橋",
        "name": "隅田橋",
        "operator": "事業者不明",
        "ref": "",
        "url": "",
        "url2": ""
      }
    },
    {
      "type": "Feature",
      "geometry": {
        "type": "Point",
        "coordinates": [
          133.099729,
          35.3901574
        ]
      },
      "properties": {
        "内容": "バス停: 桑並下組",
        "name": "桑並下組",
        "operator": "事業者不明",
        "ref": "",
        "url": "",
        "url2": ""
      }
    },
    {
      "type": "Feature",
      "geometry": {
        "type": "Point",
        "coordinates": [
          133.1012272,
          35.3889608
        ]
      },
      "properties": {
        "内容": "バス停: 別所越",
        "name": "別所越",
        "operator": "事業者不明",
        "ref": "",
        "url": "",
        "url2": ""
      }
    },
    {
      "type": "Feature",
      "geometry": {
        "type": "Point",
        "coordinates": [
          133.1023436,
          35.3856086
        ]
      },
      "properties": {
        "内容": "バス停: 桑並中組",
        "name": "桑並中組",
        "operator": "事業者不明",
        "ref": "",
        "url": "",
        "url2": ""
      }
    },
    {
      "type": "Feature",
      "geometry": {
        "type": "Point",
        "coordinates": [
          133.1034548,
          35.3798887
        ]
      },
      "properties": {
        "内容": "バス停: 桑並上組",
        "name": "桑並上組",
        "operator": "事業者不明",
        "ref": "",
        "url": "",
        "url2": ""
      }
    },
    {
      "type": "Feature",
      "geometry": {
        "type": "Point",
        "coordinates": [
          133.1065883,
          35.374703
        ]
      },
      "properties": {
        "内容": "バス停: 下村",
        "name": "下村",
        "operator": "事業者不明",
        "ref": "",
        "url": "",
        "url2": ""
      }
    },
    {
      "type": "Feature",
      "geometry": {
        "type": "Point",
        "coordinates": [
          133.1082505,
          35.3682662
        ]
      },
      "properties": {
        "内容": "バス停: 家村",
        "name": "家村",
        "operator": "事業者不明",
        "ref": "",
        "url": "",
        "url2": ""
      }
    },
    {
      "type": "Feature",
      "geometry": {
        "type": "Point",
        "coordinates": [
          133.1076072,
          35.3668062
        ]
      },
      "properties": {
        "内容": "バス停: 秋吉車庫",
        "name": "秋吉車庫",
        "operator": "事業者不明",
        "ref": "",
        "url": "",
        "url2": ""
      }
    },
    {
      "type": "Feature",
      "geometry": {
        "type": "Point",
        "coordinates": [
          133.1172594,
          35.3642764
        ]
      },
      "properties": {
        "内容": "バス停: 鳥屋郷入口",
        "name": "鳥屋郷入口",
        "operator": "事業者不明",
        "ref": "",
        "url": "",
        "url2": ""
      }
    },
    {
      "type": "Feature",
      "geometry": {
        "type": "Point",
        "coordinates": [
          133.1207658,
          35.3720584
        ]
      },
      "properties": {
        "内容": "バス停: 秋吉髭入口",
        "name": "秋吉髭入口",
        "operator": "事業者不明",
        "ref": "",
        "url": "",
        "url2": ""
      }
    },
    {
      "type": "Feature",
      "geometry": {
        "type": "Point",
        "coordinates": [
          133.1312449,
          35.3710206
        ]
      },
      "properties": {
        "内容": "バス停: 深原",
        "name": "深原",
        "operator": "事業者不明",
        "ref": "",
        "url": "",
        "url2": ""
      }
    },
    {
      "type": "Feature",
      "geometry": {
        "type": "Point",
        "coordinates": [
          133.1329139,
          35.376401
        ]
      },
      "properties": {
        "内容": "バス停: 青食",
        "name": "青食",
        "operator": "事業者不明",
        "ref": "",
        "url": "",
        "url2": ""
      }
    },
    {
      "type": "Feature",
      "geometry": {
        "type": "Point",
        "coordinates": [
          133.1334029,
          35.3807508
        ]
      },
      "properties": {
        "内容": "バス停: 藤原",
        "name": "藤原",
        "operator": "事業者不明",
        "ref": "",
        "url": "",
        "url2": ""
      }
    },
    {
      "type": "Feature",
      "geometry": {
        "type": "Point",
        "coordinates": [
          133.1252594,
          35.379564
        ]
      },
      "properties": {
        "内容": "バス停: 別所落合",
        "name": "別所落合",
        "operator": "事業者不明",
        "ref": "",
        "url": "",
        "url2": ""
      }
    },
    {
      "type": "Feature",
      "geometry": {
        "type": "Point",
        "coordinates": [
          133.1190218,
          35.3888352
        ]
      },
      "properties": {
        "内容": "バス停: 別所上組",
        "name": "別所上組",
        "operator": "事業者不明",
        "ref": "",
        "url": "",
        "url2": ""
      }
    },
    {
      "type": "Feature",
      "geometry": {
        "type": "Point",
        "coordinates": [
          133.1171415,
          35.3910881
        ]
      },
      "properties": {
        "内容": "バス停: 安部記念館",
        "name": "安部記念館",
        "operator": "事業者不明",
        "ref": "",
        "url": "",
        "url2": ""
      }
    },
    {
      "type": "Feature",
      "geometry": {
        "type": "Point",
        "coordinates": [
          133.1148804,
          35.3932662
        ]
      },
      "properties": {
        "内容": "バス停: 八雲別所",
        "name": "八雲別所",
        "operator": "事業者不明",
        "ref": "",
        "url": "",
        "url2": ""
      }
    },
    {
      "type": "Feature",
      "geometry": {
        "type": "Point",
        "coordinates": [
          133.0876072,
          35.3699335
        ]
      },
      "properties": {
        "内容": "バス停: 矢谷",
        "name": "矢谷",
        "operator": "事業者不明",
        "ref": "",
        "url": "",
        "url2": ""
      }
    },
    {
      "type": "Feature",
      "geometry": {
        "type": "Point",
        "coordinates": [
          133.0578425,
          35.365507
        ]
      },
      "properties": {
        "内容": "バス停: 岩室公民館",
        "name": "岩室公民館",
        "operator": "事業者不明",
        "ref": "",
        "url": "",
        "url2": ""
      }
    },
    {
      "type": "Feature",
      "geometry": {
        "type": "Point",
        "coordinates": [
          133.1077181,
          35.3954072
        ]
      },
      "properties": {
        "内容": "バス停: 矢上団地",
        "name": "矢上団地",
        "operator": "事業者不明",
        "ref": "",
        "url": "",
        "url2": ""
      }
    },
    {
      "type": "Feature",
      "geometry": {
        "type": "Point",
        "coordinates": [
          133.1076649,
          35.3954678
        ]
      },
      "properties": {
        "内容": "バス停: 矢上団地",
        "name": "矢上団地",
        "operator": "事業者不明",
        "ref": "",
        "url": "",
        "url2": ""
      }
    },
    {
      "type": "Feature",
      "geometry": {
        "type": "Point",
        "coordinates": [
          133.1042321,
          35.3967037
        ]
      },
      "properties": {
        "内容": "バス停: 大明団地",
        "name": "大明団地",
        "operator": "事業者不明",
        "ref": "",
        "url": "",
        "url2": ""
      }
    },
    {
      "type": "Feature",
      "geometry": {
        "type": "Point",
        "coordinates": [
          133.1030896,
          35.4029687
        ]
      },
      "properties": {
        "内容": "バス停: 安田橋",
        "name": "安田橋",
        "operator": "事業者不明",
        "ref": "",
        "url": "",
        "url2": ""
      }
    },
    {
      "type": "Feature",
      "geometry": {
        "type": "Point",
        "coordinates": [
          133.1272723,
          35.4338048
        ]
      },
      "properties": {
        "内容": "バス停: 出雲郷橋",
        "name": "出雲郷橋",
        "operator": "事業者不明",
        "ref": "",
        "url": "",
        "url2": ""
      }
    },
    {
      "type": "Feature",
      "geometry": {
        "type": "Point",
        "coordinates": [
          133.1272519,
          35.4336964
        ]
      },
      "properties": {
        "内容": "バス停: 出雲郷橋",
        "name": "出雲郷橋",
        "operator": "事業者不明",
        "ref": "",
        "url": "",
        "url2": ""
      }
    },
    {
      "type": "Feature",
      "geometry": {
        "type": "Point",
        "coordinates": [
          133.1298279,
          35.4309075
        ]
      },
      "properties": {
        "内容": "バス停: 竹の花",
        "name": "竹の花",
        "operator": "事業者不明",
        "ref": "",
        "url": "",
        "url2": ""
      }
    },
    {
      "type": "Feature",
      "geometry": {
        "type": "Point",
        "coordinates": [
          133.1305428,
          35.4316654
        ]
      },
      "properties": {
        "内容": "バス停: 出雲郷",
        "name": "出雲郷",
        "operator": "事業者不明",
        "ref": "",
        "url": "",
        "url2": ""
      }
    },
    {
      "type": "Feature",
      "geometry": {
        "type": "Point",
        "coordinates": [
          133.1299365,
          35.4319624
        ]
      },
      "properties": {
        "内容": "バス停: 出雲郷",
        "name": "出雲郷",
        "operator": "事業者不明",
        "ref": "",
        "url": "",
        "url2": ""
      }
    },
    {
      "type": "Feature",
      "geometry": {
        "type": "Point",
        "coordinates": [
          133.1304058,
          35.4328232
        ]
      },
      "properties": {
        "内容": "バス停: 出雲郷公民館",
        "name": "出雲郷公民館",
        "operator": "事業者不明",
        "ref": "",
        "url": "",
        "url2": ""
      }
    },
    {
      "type": "Feature",
      "geometry": {
        "type": "Point",
        "coordinates": [
          133.1303247,
          35.4327496
        ]
      },
      "properties": {
        "内容": "バス停: 町西",
        "name": "町西",
        "operator": "事業者不明",
        "ref": "",
        "url": "",
        "url2": ""
      }
    },
    {
      "type": "Feature",
      "geometry": {
        "type": "Point",
        "coordinates": [
          133.1334727,
          35.4311238
        ]
      },
      "properties": {
        "内容": "バス停: 町東",
        "name": "町東",
        "operator": "事業者不明",
        "ref": "",
        "url": "",
        "url2": ""
      }
    },
    {
      "type": "Feature",
      "geometry": {
        "type": "Point",
        "coordinates": [
          132.755605,
          35.3669819
        ]
      },
      "properties": {
        "内容": "バス停: 出雲市役所前",
        "name": "出雲市役所前",
        "operator": "事業者不明",
        "ref": "",
        "url": "",
        "url2": ""
      }
    },
    {
      "type": "Feature",
      "geometry": {
        "type": "Point",
        "coordinates": [
          132.755735,
          35.3667869
        ]
      },
      "properties": {
        "内容": "バス停: 出雲市役所前",
        "name": "出雲市役所前",
        "operator": "事業者不明",
        "ref": "",
        "url": "",
        "url2": ""
      }
    },
    {
      "type": "Feature",
      "geometry": {
        "type": "Point",
        "coordinates": [
          132.7543791,
          35.3744139
        ]
      },
      "properties": {
        "内容": "バス停: 中央病院",
        "name": "中央病院",
        "operator": "事業者不明",
        "ref": "",
        "url": "",
        "url2": ""
      }
    },
    {
      "type": "Feature",
      "geometry": {
        "type": "Point",
        "coordinates": [
          132.8946487,
          35.3856286
        ]
      },
      "properties": {
        "内容": "バス停: 森林公園",
        "name": "森林公園",
        "operator": "事業者不明",
        "ref": "",
        "url": "",
        "url2": ""
      }
    },
    {
      "type": "Feature",
      "geometry": {
        "type": "Point",
        "coordinates": [
          132.900857,
          35.4044972
        ]
      },
      "properties": {
        "内容": "バス停: ベル",
        "name": "ベル",
        "operator": "事業者不明",
        "ref": "",
        "url": "",
        "url2": ""
      }
    },
    {
      "type": "Feature",
      "geometry": {
        "type": "Point",
        "coordinates": [
          132.9023261,
          35.403784
        ]
      },
      "properties": {
        "内容": "バス停: 大原街道",
        "name": "大原街道",
        "operator": "事業者不明",
        "ref": "",
        "url": "",
        "url2": ""
      }
    },
    {
      "type": "Feature",
      "geometry": {
        "type": "Point",
        "coordinates": [
          132.88694,
          35.3973638
        ]
      },
      "properties": {
        "内容": "バス停: 荻田団地",
        "name": "荻田団地",
        "operator": "事業者不明",
        "ref": "",
        "url": "",
        "url2": ""
      }
    },
    {
      "type": "Feature",
      "geometry": {
        "type": "Point",
        "coordinates": [
          132.895779,
          35.4004848
        ]
      },
      "properties": {
        "内容": "バス停: 緑が丘",
        "name": "緑が丘",
        "operator": "事業者不明",
        "ref": "",
        "url": "",
        "url2": ""
      }
    },
    {
      "type": "Feature",
      "geometry": {
        "type": "Point",
        "coordinates": [
          132.7568848,
          35.3610564
        ]
      },
      "properties": {
        "内容": "バス停: JR出雲市駅",
        "name": "JR出雲市駅",
        "operator": "事業者不明",
        "ref": "",
        "url": "",
        "url2": ""
      }
    },
    {
      "type": "Feature",
      "geometry": {
        "type": "Point",
        "coordinates": [
          132.7571157,
          35.3612452
        ]
      },
      "properties": {
        "内容": "バス停: 出雲市駅前",
        "name": "出雲市駅前",
        "operator": "事業者不明",
        "ref": "",
        "url": "",
        "url2": ""
      }
    },
    {
      "type": "Feature",
      "geometry": {
        "type": "Point",
        "coordinates": [
          132.7573153,
          35.3615742
        ]
      },
      "properties": {
        "内容": "バス停: 出雲市駅",
        "name": "出雲市駅",
        "operator": "事業者不明",
        "ref": "",
        "url": "",
        "url2": ""
      }
    },
    {
      "type": "Feature",
      "geometry": {
        "type": "Point",
        "coordinates": [
          132.6869901,
          35.3935083
        ]
      },
      "properties": {
        "内容": "バス停: 電鉄大社駅",
        "name": "電鉄大社駅",
        "operator": "事業者不明",
        "ref": "",
        "url": "",
        "url2": ""
      }
    },
    {
      "type": "Feature",
      "geometry": {
        "type": "Point",
        "coordinates": [
          132.6875538,
          35.397017
        ]
      },
      "properties": {
        "内容": "バス停: 古代出雲歴史博物館前",
        "name": "古代出雲歴史博物館前",
        "operator": "事業者不明",
        "ref": "",
        "url": "",
        "url2": ""
      }
    },
    {
      "type": "Feature",
      "geometry": {
        "type": "Point",
        "coordinates": [
          132.6859782,
          35.3966764
        ]
      },
      "properties": {
        "内容": "バス停: 出雲大社正門前",
        "name": "出雲大社正門前",
        "operator": "事業者不明",
        "ref": "",
        "url": "",
        "url2": ""
      }
    },
    {
      "type": "Feature",
      "geometry": {
        "type": "Point",
        "coordinates": [
          132.6767442,
          35.4001934
        ]
      },
      "properties": {
        "内容": "バス停: 奉納山入口",
        "name": "奉納山入口",
        "operator": "事業者不明",
        "ref": "",
        "url": "",
        "url2": ""
      }
    },
    {
      "type": "Feature",
      "geometry": {
        "type": "Point",
        "coordinates": [
          132.6724226,
          35.4019014
        ]
      },
      "properties": {
        "内容": "バス停: 稲佐の浜",
        "name": "稲佐の浜",
        "operator": "事業者不明",
        "ref": "",
        "url": "",
        "url2": ""
      }
    },
    {
      "type": "Feature",
      "geometry": {
        "type": "Point",
        "coordinates": [
          132.6729377,
          35.400498
        ]
      },
      "properties": {
        "内容": "バス停: 海岸入口",
        "name": "海岸入口",
        "operator": "事業者不明",
        "ref": "",
        "url": "",
        "url2": ""
      }
    },
    {
      "type": "Feature",
      "geometry": {
        "type": "Point",
        "coordinates": [
          132.6308968,
          35.4295411
        ]
      },
      "properties": {
        "内容": "バス停: 日御崎",
        "name": "日御崎",
        "operator": "事業者不明",
        "ref": "",
        "url": "",
        "url2": ""
      }
    },
    {
      "type": "Feature",
      "geometry": {
        "type": "Point",
        "coordinates": [
          132.6322237,
          35.4301033
        ]
      },
      "properties": {
        "内容": "バス停: 宇竜分れ",
        "name": "宇竜分れ",
        "operator": "事業者不明",
        "ref": "",
        "url": "",
        "url2": ""
      }
    },
    {
      "type": "Feature",
      "geometry": {
        "type": "Point",
        "coordinates": [
          132.6339975,
          35.4293693
        ]
      },
      "properties": {
        "内容": "バス停: 宇竜入口",
        "name": "宇竜入口",
        "operator": "事業者不明",
        "ref": "",
        "url": "",
        "url2": ""
      }
    },
    {
      "type": "Feature",
      "geometry": {
        "type": "Point",
        "coordinates": [
          132.6373426,
          35.4309103
        ]
      },
      "properties": {
        "内容": "バス停: 宇竜",
        "name": "宇竜",
        "operator": "事業者不明",
        "ref": "",
        "url": "",
        "url2": ""
      }
    },
    {
      "type": "Feature",
      "geometry": {
        "type": "Point",
        "coordinates": [
          133.0406343,
          35.4088665
        ]
      },
      "properties": {
        "内容": "バス停: 平口公民館",
        "name": "平口公民館",
        "operator": "事業者不明",
        "ref": "",
        "url": "",
        "url2": ""
      }
    },
    {
      "type": "Feature",
      "geometry": {
        "type": "Point",
        "coordinates": [
          133.0339313,
          35.3953351
        ]
      },
      "properties": {
        "内容": "バス停: 忌部宮内",
        "name": "忌部宮内",
        "operator": "事業者不明",
        "ref": "",
        "url": "",
        "url2": ""
      }
    },
    {
      "type": "Feature",
      "geometry": {
        "type": "Point",
        "coordinates": [
          133.0373946,
          35.3910628
        ]
      },
      "properties": {
        "内容": "バス停: 熊山公民館",
        "name": "熊山公民館",
        "operator": "事業者不明",
        "ref": "",
        "url": "",
        "url2": ""
      }
    },
    {
      "type": "Feature",
      "geometry": {
        "type": "Point",
        "coordinates": [
          133.0407977,
          35.389061
        ]
      },
      "properties": {
        "内容": "バス停: 白岩",
        "name": "白岩",
        "operator": "事業者不明",
        "ref": "",
        "url": "",
        "url2": ""
      }
    },
    {
      "type": "Feature",
      "geometry": {
        "type": "Point",
        "coordinates": [
          133.0532618,
          35.3927662
        ]
      },
      "properties": {
        "内容": "バス停: 向畑",
        "name": "向畑",
        "operator": "事業者不明",
        "ref": "",
        "url": "",
        "url2": ""
      }
    },
    {
      "type": "Feature",
      "geometry": {
        "type": "Point",
        "coordinates": [
          133.0534818,
          35.3971412
        ]
      },
      "properties": {
        "内容": "バス停: 奥殿集荷",
        "name": "奥殿集荷",
        "operator": "事業者不明",
        "ref": "",
        "url": "",
        "url2": ""
      }
    },
    {
      "type": "Feature",
      "geometry": {
        "type": "Point",
        "coordinates": [
          133.0350237,
          35.407538
        ]
      },
      "properties": {
        "内容": "バス停: 久多美",
        "name": "久多美",
        "operator": "事業者不明",
        "ref": "",
        "url": "",
        "url2": ""
      }
    },
    {
      "type": "Feature",
      "geometry": {
        "type": "Point",
        "coordinates": [
          133.0345771,
          35.4077602
        ]
      },
      "properties": {
        "内容": "バス停: 堂廻団地",
        "name": "堂廻団地",
        "operator": "事業者不明",
        "ref": "",
        "url": "",
        "url2": ""
      }
    },
    {
      "type": "Feature",
      "geometry": {
        "type": "Point",
        "coordinates": [
          133.0484033,
          35.4071159
        ]
      },
      "properties": {
        "内容": "バス停: 大谷公民館",
        "name": "大谷公民館",
        "operator": "事業者不明",
        "ref": "",
        "url": "",
        "url2": ""
      }
    },
    {
      "type": "Feature",
      "geometry": {
        "type": "Point",
        "coordinates": [
          133.0454228,
          35.4218226
        ]
      },
      "properties": {
        "内容": "バス停: 下忌部公民館",
        "name": "下忌部公民館",
        "operator": "事業者不明",
        "ref": "",
        "url": "",
        "url2": ""
      }
    },
    {
      "type": "Feature",
      "geometry": {
        "type": "Point",
        "coordinates": [
          133.0443687,
          35.4158671
        ]
      },
      "properties": {
        "内容": "バス停: つつじヶ丘",
        "name": "つつじヶ丘",
        "operator": "事業者不明",
        "ref": "",
        "url": "",
        "url2": ""
      }
    },
    {
      "type": "Feature",
      "geometry": {
        "type": "Point",
        "coordinates": [
          133.0432124,
          35.417
        ]
      },
      "properties": {
        "内容": "バス停: 千本つつじが丘",
        "name": "千本つつじが丘",
        "operator": "事業者不明",
        "ref": "",
        "url": "",
        "url2": ""
      }
    },
    {
      "type": "Feature",
      "geometry": {
        "type": "Point",
        "coordinates": [
          133.0416334,
          35.4170917
        ]
      },
      "properties": {
        "内容": "バス停: 千本つつじが丘",
        "name": "千本つつじが丘",
        "operator": "事業者不明",
        "ref": "",
        "url": "",
        "url2": ""
      }
    },
    {
      "type": "Feature",
      "geometry": {
        "type": "Point",
        "coordinates": [
          133.0320994,
          35.4054805
        ]
      },
      "properties": {
        "内容": "バス停: 客ヶ丘入口",
        "name": "客ヶ丘入口",
        "operator": "事業者不明",
        "ref": "",
        "url": "",
        "url2": ""
      }
    },
    {
      "type": "Feature",
      "geometry": {
        "type": "Point",
        "coordinates": [
          133.0325735,
          35.403207
        ]
      },
      "properties": {
        "内容": "バス停: 中戸",
        "name": "中戸",
        "operator": "事業者不明",
        "ref": "",
        "url": "",
        "url2": ""
      }
    },
    {
      "type": "Feature",
      "geometry": {
        "type": "Point",
        "coordinates": [
          133.0325367,
          35.4016182
        ]
      },
      "properties": {
        "内容": "バス停: 忌部公民館",
        "name": "忌部公民館",
        "operator": "事業者不明",
        "ref": "",
        "url": "",
        "url2": ""
      }
    },
    {
      "type": "Feature",
      "geometry": {
        "type": "Point",
        "coordinates": [
          133.0330133,
          35.3994659
        ]
      },
      "properties": {
        "内容": "バス停: 忌部神社",
        "name": "忌部神社",
        "operator": "事業者不明",
        "ref": "",
        "url": "",
        "url2": ""
      }
    },
    {
      "type": "Feature",
      "geometry": {
        "type": "Point",
        "coordinates": [
          133.0296857,
          35.3969365
        ]
      },
      "properties": {
        "内容": "バス停: 希望ヶ丘",
        "name": "希望ヶ丘",
        "operator": "事業者不明",
        "ref": "",
        "url": "",
        "url2": ""
      }
    },
    {
      "type": "Feature",
      "geometry": {
        "type": "Point",
        "coordinates": [
          133.0200752,
          35.3957998
        ]
      },
      "properties": {
        "内容": "バス停: 山根の下",
        "name": "山根の下",
        "operator": "事業者不明",
        "ref": "",
        "url": "",
        "url2": ""
      }
    },
    {
      "type": "Feature",
      "geometry": {
        "type": "Point",
        "coordinates": [
          133.0197848,
          35.3925169
        ]
      },
      "properties": {
        "内容": "バス停: 観音寺下",
        "name": "観音寺下",
        "operator": "事業者不明",
        "ref": "",
        "url": "",
        "url2": ""
      }
    },
    {
      "type": "Feature",
      "geometry": {
        "type": "Point",
        "coordinates": [
          133.0215783,
          35.3885731
        ]
      },
      "properties": {
        "内容": "バス停: 大向",
        "name": "大向",
        "operator": "事業者不明",
        "ref": "",
        "url": "",
        "url2": ""
      }
    },
    {
      "type": "Feature",
      "geometry": {
        "type": "Point",
        "coordinates": [
          133.0393263,
          35.4139169
        ]
      },
      "properties": {
        "内容": "バス停: 千本",
        "name": "千本",
        "operator": "事業者不明",
        "ref": "",
        "url": "",
        "url2": ""
      }
    },
    {
      "type": "Feature",
      "geometry": {
        "type": "Point",
        "coordinates": [
          133.0393195,
          35.4138162
        ]
      },
      "properties": {
        "内容": "バス停: 千本郵便局",
        "name": "千本郵便局",
        "operator": "事業者不明",
        "ref": "",
        "url": "",
        "url2": ""
      }
    },
    {
      "type": "Feature",
      "geometry": {
        "type": "Point",
        "coordinates": [
          133.0338229,
          35.4144463
        ]
      },
      "properties": {
        "内容": "バス停: 花山の下",
        "name": "花山の下",
        "operator": "事業者不明",
        "ref": "",
        "url": "",
        "url2": ""
      }
    },
    {
      "type": "Feature",
      "geometry": {
        "type": "Point",
        "coordinates": [
          133.0386749,
          35.4108412
        ]
      },
      "properties": {
        "内容": "バス停: 平口",
        "name": "平口",
        "operator": "事業者不明",
        "ref": "",
        "url": "",
        "url2": ""
      }
    },
    {
      "type": "Feature",
      "geometry": {
        "type": "Point",
        "coordinates": [
          133.0683159,
          35.4004918
        ]
      },
      "properties": {
        "内容": "バス停: 畦石",
        "name": "畦石",
        "operator": "事業者不明",
        "ref": "",
        "url": "",
        "url2": ""
      }
    },
    {
      "type": "Feature",
      "geometry": {
        "type": "Point",
        "coordinates": [
          133.0746315,
          35.4020079
        ]
      },
      "properties": {
        "内容": "バス停: 室",
        "name": "室",
        "operator": "事業者不明",
        "ref": "",
        "url": "",
        "url2": ""
      }
    },
    {
      "type": "Feature",
      "geometry": {
        "type": "Point",
        "coordinates": [
          133.0766285,
          35.4018537
        ]
      },
      "properties": {
        "内容": "バス停: 下室",
        "name": "下室",
        "operator": "事業者不明",
        "ref": "",
        "url": "",
        "url2": ""
      }
    },
    {
      "type": "Feature",
      "geometry": {
        "type": "Point",
        "coordinates": [
          133.0548697,
          35.3990263
        ]
      },
      "properties": {
        "内容": "バス停: 奥殿",
        "name": "奥殿",
        "operator": "事業者不明",
        "ref": "",
        "url": "",
        "url2": ""
      }
    },
    {
      "type": "Feature",
      "geometry": {
        "type": "Point",
        "coordinates": [
          133.0615157,
          35.3974888
        ]
      },
      "properties": {
        "内容": "バス停: 平原車庫",
        "name": "平原車庫",
        "operator": "事業者不明",
        "ref": "",
        "url": "",
        "url2": ""
      }
    },
    {
      "type": "Feature",
      "geometry": {
        "type": "Point",
        "coordinates": [
          133.0617517,
          35.3981089
        ]
      },
      "properties": {
        "内容": "バス停: 中組",
        "name": "中組",
        "operator": "事業者不明",
        "ref": "",
        "url": "",
        "url2": ""
      }
    },
    {
      "type": "Feature",
      "geometry": {
        "type": "Point",
        "coordinates": [
          133.0647999,
          35.3999301
        ]
      },
      "properties": {
        "内容": "バス停: 草谷入口",
        "name": "草谷入口",
        "operator": "事業者不明",
        "ref": "",
        "url": "",
        "url2": ""
      }
    },
    {
      "type": "Feature",
      "geometry": {
        "type": "Point",
        "coordinates": [
          133.0617429,
          35.4077584
        ]
      },
      "properties": {
        "内容": "バス停: 草谷",
        "name": "草谷",
        "operator": "事業者不明",
        "ref": "",
        "url": "",
        "url2": ""
      }
    },
    {
      "type": "Feature",
      "geometry": {
        "type": "Point",
        "coordinates": [
          133.0621751,
          35.4145805
        ]
      },
      "properties": {
        "内容": "バス停: 平原ニュータウン",
        "name": "平原ニュータウン",
        "operator": "事業者不明",
        "ref": "",
        "url": "",
        "url2": ""
      }
    },
    {
      "type": "Feature",
      "geometry": {
        "type": "Point",
        "coordinates": [
          133.0341145,
          35.3899113
        ]
      },
      "properties": {
        "内容": "バス停: 熊山",
        "name": "熊山",
        "operator": "事業者不明",
        "ref": "",
        "url": "",
        "url2": ""
      }
    },
    {
      "type": "Feature",
      "geometry": {
        "type": "Point",
        "coordinates": [
          133.0339585,
          35.3894532
        ]
      },
      "properties": {
        "内容": "バス停: 熊山",
        "name": "熊山",
        "operator": "事業者不明",
        "ref": "",
        "url": "",
        "url2": ""
      }
    },
    {
      "type": "Feature",
      "geometry": {
        "type": "Point",
        "coordinates": [
          133.0340222,
          35.3867476
        ]
      },
      "properties": {
        "内容": "バス停: 槙山入口",
        "name": "槙山入口",
        "operator": "事業者不明",
        "ref": "",
        "url": "",
        "url2": ""
      }
    },
    {
      "type": "Feature",
      "geometry": {
        "type": "Point",
        "coordinates": [
          133.0362652,
          35.381456
        ]
      },
      "properties": {
        "内容": "バス停: 大川端公民館",
        "name": "大川端公民館",
        "operator": "事業者不明",
        "ref": "",
        "url": "",
        "url2": ""
      }
    },
    {
      "type": "Feature",
      "geometry": {
        "type": "Point",
        "coordinates": [
          133.0351873,
          35.3810636
        ]
      },
      "properties": {
        "内容": "バス停: 大川端",
        "name": "大川端",
        "operator": "事業者不明",
        "ref": "",
        "url": "",
        "url2": ""
      }
    },
    {
      "type": "Feature",
      "geometry": {
        "type": "Point",
        "coordinates": [
          133.0352181,
          35.3809174
        ]
      },
      "properties": {
        "内容": "バス停: 大川端",
        "name": "大川端",
        "operator": "事業者不明",
        "ref": "",
        "url": "",
        "url2": ""
      }
    },
    {
      "type": "Feature",
      "geometry": {
        "type": "Point",
        "coordinates": [
          133.0162881,
          35.3759309
        ]
      },
      "properties": {
        "内容": "バス停: 南駐車場",
        "name": "南駐車場",
        "operator": "事業者不明",
        "ref": "",
        "url": "",
        "url2": ""
      }
    },
    {
      "type": "Feature",
      "geometry": {
        "type": "Point",
        "coordinates": [
          133.0313553,
          35.37813
        ]
      },
      "properties": {
        "内容": "バス停: 上大川端",
        "name": "上大川端",
        "operator": "事業者不明",
        "ref": "",
        "url": "",
        "url2": ""
      }
    },
    {
      "type": "Feature",
      "geometry": {
        "type": "Point",
        "coordinates": [
          133.0314585,
          35.37801
        ]
      },
      "properties": {
        "内容": "バス停: 上大川端",
        "name": "上大川端",
        "operator": "事業者不明",
        "ref": "",
        "url": "",
        "url2": ""
      }
    },
    {
      "type": "Feature",
      "geometry": {
        "type": "Point",
        "coordinates": [
          133.0295029,
          35.3752412
        ]
      },
      "properties": {
        "内容": "バス停: 才の峠",
        "name": "才の峠",
        "operator": "事業者不明",
        "ref": "",
        "url": "",
        "url2": ""
      }
    },
    {
      "type": "Feature",
      "geometry": {
        "type": "Point",
        "coordinates": [
          133.0294747,
          35.3747801
        ]
      },
      "properties": {
        "内容": "バス停: 才の峠",
        "name": "才の峠",
        "operator": "事業者不明",
        "ref": "",
        "url": "",
        "url2": ""
      }
    },
    {
      "type": "Feature",
      "geometry": {
        "type": "Point",
        "coordinates": [
          133.0296463,
          35.3746314
        ]
      },
      "properties": {
        "内容": "バス停: 才の峠",
        "name": "才の峠",
        "operator": "事業者不明",
        "ref": "",
        "url": "",
        "url2": ""
      }
    },
    {
      "type": "Feature",
      "geometry": {
        "type": "Point",
        "coordinates": [
          133.0309902,
          35.3650236
        ]
      },
      "properties": {
        "内容": "バス停: 薦沢集会所",
        "name": "薦沢集会所",
        "operator": "事業者不明",
        "ref": "",
        "url": "",
        "url2": ""
      }
    },
    {
      "type": "Feature",
      "geometry": {
        "type": "Point",
        "coordinates": [
          133.0308179,
          35.3655967
        ]
      },
      "properties": {
        "内容": "バス停: こも沢",
        "name": "こも沢",
        "operator": "事業者不明",
        "ref": "",
        "url": "",
        "url2": ""
      }
    },
    {
      "type": "Feature",
      "geometry": {
        "type": "Point",
        "coordinates": [
          133.0301248,
          35.3644385
        ]
      },
      "properties": {
        "内容": "バス停: こも沢",
        "name": "こも沢",
        "operator": "事業者不明",
        "ref": "",
        "url": "",
        "url2": ""
      }
    },
    {
      "type": "Feature",
      "geometry": {
        "type": "Point",
        "coordinates": [
          133.0303019,
          35.3555933
        ]
      },
      "properties": {
        "内容": "バス停: 八所農道入口",
        "name": "八所農道入口",
        "operator": "事業者不明",
        "ref": "",
        "url": "",
        "url2": ""
      }
    },
    {
      "type": "Feature",
      "geometry": {
        "type": "Point",
        "coordinates": [
          133.0365702,
          35.3567901
        ]
      },
      "properties": {
        "内容": "バス停: 八所公会所前",
        "name": "八所公会所前",
        "operator": "事業者不明",
        "ref": "",
        "url": "",
        "url2": ""
      }
    },
    {
      "type": "Feature",
      "geometry": {
        "type": "Point",
        "coordinates": [
          133.030273,
          35.3533984
        ]
      },
      "properties": {
        "内容": "バス停: 須賀",
        "name": "須賀",
        "operator": "事業者不明",
        "ref": "",
        "url": "",
        "url2": ""
      }
    },
    {
      "type": "Feature",
      "geometry": {
        "type": "Point",
        "coordinates": [
          133.027171,
          35.3449075
        ]
      },
      "properties": {
        "内容": "バス停: 須賀下口",
        "name": "須賀下口",
        "operator": "事業者不明",
        "ref": "",
        "url": "",
        "url2": ""
      }
    },
    {
      "type": "Feature",
      "geometry": {
        "type": "Point",
        "coordinates": [
          133.0267472,
          35.3444034
        ]
      },
      "properties": {
        "内容": "バス停: 須賀下口",
        "name": "須賀下口",
        "operator": "事業者不明",
        "ref": "",
        "url": "",
        "url2": ""
      }
    },
    {
      "type": "Feature",
      "geometry": {
        "type": "Point",
        "coordinates": [
          133.0222877,
          35.3394809
        ]
      },
      "properties": {
        "内容": "バス停: 北村",
        "name": "北村",
        "operator": "事業者不明",
        "ref": "",
        "url": "",
        "url2": ""
      }
    },
    {
      "type": "Feature",
      "geometry": {
        "type": "Point",
        "coordinates": [
          133.0223001,
          35.3396035
        ]
      },
      "properties": {
        "内容": "バス停: 北村",
        "name": "北村",
        "operator": "事業者不明",
        "ref": "",
        "url": "",
        "url2": ""
      }
    },
    {
      "type": "Feature",
      "geometry": {
        "type": "Point",
        "coordinates": [
          133.0213069,
          35.3367689
        ]
      },
      "properties": {
        "内容": "バス停: 南村",
        "name": "南村",
        "operator": "事業者不明",
        "ref": "",
        "url": "",
        "url2": ""
      }
    },
    {
      "type": "Feature",
      "geometry": {
        "type": "Point",
        "coordinates": [
          133.0219243,
          35.3349778
        ]
      },
      "properties": {
        "内容": "バス停: 海潮交流センター",
        "name": "海潮交流センター",
        "operator": "事業者不明",
        "ref": "",
        "url": "",
        "url2": ""
      }
    },
    {
      "type": "Feature",
      "geometry": {
        "type": "Point",
        "coordinates": [
          133.0220221,
          35.3349964
        ]
      },
      "properties": {
        "内容": "バス停: 海潮交流センター",
        "name": "海潮交流センター",
        "operator": "事業者不明",
        "ref": "",
        "url": "",
        "url2": ""
      }
    },
    {
      "type": "Feature",
      "geometry": {
        "type": "Point",
        "coordinates": [
          133.026839,
          35.3311751
        ]
      },
      "properties": {
        "内容": "バス停: 農道入口",
        "name": "農道入口",
        "operator": "事業者不明",
        "ref": "",
        "url": "",
        "url2": ""
      }
    },
    {
      "type": "Feature",
      "geometry": {
        "type": "Point",
        "coordinates": [
          133.0272413,
          35.3313177
        ]
      },
      "properties": {
        "内容": "バス停: 農道入口",
        "name": "農道入口",
        "operator": "事業者不明",
        "ref": "",
        "url": "",
        "url2": ""
      }
    },
    {
      "type": "Feature",
      "geometry": {
        "type": "Point",
        "coordinates": [
          133.0346102,
          35.332726
        ]
      },
      "properties": {
        "内容": "バス停: 下小河内",
        "name": "下小河内",
        "operator": "事業者不明",
        "ref": "",
        "url": "",
        "url2": ""
      }
    },
    {
      "type": "Feature",
      "geometry": {
        "type": "Point",
        "coordinates": [
          133.0385462,
          35.3346137
        ]
      },
      "properties": {
        "内容": "バス停: なごやか会館",
        "name": "なごやか会館",
        "operator": "事業者不明",
        "ref": "",
        "url": "",
        "url2": ""
      }
    },
    {
      "type": "Feature",
      "geometry": {
        "type": "Point",
        "coordinates": [
          133.0488684,
          35.3338662
        ]
      },
      "properties": {
        "内容": "バス停: 引那岐公会所",
        "name": "引那岐公会所",
        "operator": "事業者不明",
        "ref": "",
        "url": "",
        "url2": ""
      }
    },
    {
      "type": "Feature",
      "geometry": {
        "type": "Point",
        "coordinates": [
          133.0469658,
          35.340544
        ]
      },
      "properties": {
        "内容": "バス停: 奥小河内公会所",
        "name": "奥小河内公会所",
        "operator": "事業者不明",
        "ref": "",
        "url": "",
        "url2": ""
      }
    },
    {
      "type": "Feature",
      "geometry": {
        "type": "Point",
        "coordinates": [
          133.0215013,
          35.3352309
        ]
      },
      "properties": {
        "内容": "バス停: 旧海潮農協前",
        "name": "旧海潮農協前",
        "operator": "事業者不明",
        "ref": "",
        "url": "",
        "url2": ""
      }
    },
    {
      "type": "Feature",
      "geometry": {
        "type": "Point",
        "coordinates": [
          133.0214546,
          35.3353673
        ]
      },
      "properties": {
        "内容": "バス停: 旧海潮農協前",
        "name": "旧海潮農協前",
        "operator": "事業者不明",
        "ref": "",
        "url": "",
        "url2": ""
      }
    },
    {
      "type": "Feature",
      "geometry": {
        "type": "Point",
        "coordinates": [
          133.0194207,
          35.336328
        ]
      },
      "properties": {
        "内容": "バス停: 海潮こども園",
        "name": "海潮こども園",
        "operator": "事業者不明",
        "ref": "",
        "url": "",
        "url2": ""
      }
    },
    {
      "type": "Feature",
      "geometry": {
        "type": "Point",
        "coordinates": [
          133.0142802,
          35.33382
        ]
      },
      "properties": {
        "内容": "バス停: 日原橋",
        "name": "日原橋",
        "operator": "事業者不明",
        "ref": "",
        "url": "",
        "url2": ""
      }
    },
    {
      "type": "Feature",
      "geometry": {
        "type": "Point",
        "coordinates": [
          133.0142449,
          35.3338056
        ]
      },
      "properties": {
        "内容": "バス停: 中屋",
        "name": "中屋",
        "operator": "事業者不明",
        "ref": "",
        "url": "",
        "url2": ""
      }
    },
    {
      "type": "Feature",
      "geometry": {
        "type": "Point",
        "coordinates": [
          133.006806,
          35.3305833
        ]
      },
      "properties": {
        "内容": "バス停: 半瀬橋",
        "name": "半瀬橋",
        "operator": "事業者不明",
        "ref": "",
        "url": "",
        "url2": ""
      }
    },
    {
      "type": "Feature",
      "geometry": {
        "type": "Point",
        "coordinates": [
          133.0082568,
          35.3266709
        ]
      },
      "properties": {
        "内容": "バス停: 海潮温泉上",
        "name": "海潮温泉上",
        "operator": "事業者不明",
        "ref": "",
        "url": "",
        "url2": ""
      }
    },
    {
      "type": "Feature",
      "geometry": {
        "type": "Point",
        "coordinates": [
          133.0081187,
          35.3262661
        ]
      },
      "properties": {
        "内容": "バス停: 海潮温泉上",
        "name": "海潮温泉上",
        "operator": "事業者不明",
        "ref": "",
        "url": "",
        "url2": ""
      }
    },
    {
      "type": "Feature",
      "geometry": {
        "type": "Point",
        "coordinates": [
          133.0035964,
          35.3260001
        ]
      },
      "properties": {
        "内容": "バス停: 海潮温泉",
        "name": "海潮温泉",
        "operator": "事業者不明",
        "ref": "",
        "url": "",
        "url2": ""
      }
    },
    {
      "type": "Feature",
      "geometry": {
        "type": "Point",
        "coordinates": [
          132.9942109,
          35.3261719
        ]
      },
      "properties": {
        "内容": "バス停: 桂荘前",
        "name": "桂荘前",
        "operator": "事業者不明",
        "ref": "",
        "url": "",
        "url2": ""
      }
    },
    {
      "type": "Feature",
      "geometry": {
        "type": "Point",
        "coordinates": [
          132.9865092,
          35.3257123
        ]
      },
      "properties": {
        "内容": "バス停: 新庄",
        "name": "新庄",
        "operator": "事業者不明",
        "ref": "",
        "url": "",
        "url2": ""
      }
    },
    {
      "type": "Feature",
      "geometry": {
        "type": "Point",
        "coordinates": [
          132.9876357,
          35.323783
        ]
      },
      "properties": {
        "内容": "バス停: 新庄南団地前",
        "name": "新庄南団地前",
        "operator": "事業者不明",
        "ref": "",
        "url": "",
        "url2": ""
      }
    },
    {
      "type": "Feature",
      "geometry": {
        "type": "Point",
        "coordinates": [
          132.9768017,
          35.3231137
        ]
      },
      "properties": {
        "内容": "バス停: 東大橋",
        "name": "東大橋",
        "operator": "事業者不明",
        "ref": "",
        "url": "",
        "url2": ""
      }
    },
    {
      "type": "Feature",
      "geometry": {
        "type": "Point",
        "coordinates": [
          132.9768285,
          35.323119
        ]
      },
      "properties": {
        "内容": "バス停: 大東東町",
        "name": "大東東町",
        "operator": "事業者不明",
        "ref": "",
        "url": "",
        "url2": ""
      }
    },
    {
      "type": "Feature",
      "geometry": {
        "type": "Point",
        "coordinates": [
          132.976159,
          35.3237709
        ]
      },
      "properties": {
        "内容": "バス停: 教橋",
        "name": "教橋",
        "operator": "事業者不明",
        "ref": "",
        "url": "",
        "url2": ""
      }
    },
    {
      "type": "Feature",
      "geometry": {
        "type": "Point",
        "coordinates": [
          132.9744534,
          35.3241595
        ]
      },
      "properties": {
        "内容": "バス停: 八千代橋",
        "name": "八千代橋",
        "operator": "事業者不明",
        "ref": "",
        "url": "",
        "url2": ""
      }
    },
    {
      "type": "Feature",
      "geometry": {
        "type": "Point",
        "coordinates": [
          132.9754467,
          35.323225
        ]
      },
      "properties": {
        "内容": "バス停: 東町",
        "name": "東町",
        "operator": "事業者不明",
        "ref": "",
        "url": "",
        "url2": ""
      }
    },
    {
      "type": "Feature",
      "geometry": {
        "type": "Point",
        "coordinates": [
          132.9703616,
          35.32384
        ]
      },
      "properties": {
        "内容": "バス停: ごうぎん大東支店",
        "name": "ごうぎん大東支店",
        "operator": "事業者不明",
        "ref": "",
        "url": "",
        "url2": ""
      }
    },
    {
      "type": "Feature",
      "geometry": {
        "type": "Point",
        "coordinates": [
          132.970411,
          35.3239061
        ]
      },
      "properties": {
        "内容": "バス停: ごうぎん大東支店",
        "name": "ごうぎん大東支店",
        "operator": "事業者不明",
        "ref": "",
        "url": "",
        "url2": ""
      }
    },
    {
      "type": "Feature",
      "geometry": {
        "type": "Point",
        "coordinates": [
          132.967612,
          35.3238617
        ]
      },
      "properties": {
        "内容": "バス停: 大東郵便局前",
        "name": "大東郵便局前",
        "operator": "事業者不明",
        "ref": "",
        "url": "",
        "url2": ""
      }
    },
    {
      "type": "Feature",
      "geometry": {
        "type": "Point",
        "coordinates": [
          132.9676418,
          35.3239743
        ]
      },
      "properties": {
        "内容": "バス停: 大東郵便局前",
        "name": "大東郵便局前",
        "operator": "事業者不明",
        "ref": "",
        "url": "",
        "url2": ""
      }
    },
    {
      "type": "Feature",
      "geometry": {
        "type": "Point",
        "coordinates": [
          132.9621564,
          35.3250124
        ]
      },
      "properties": {
        "内容": "バス停: 大東税務署",
        "name": "大東税務署",
        "operator": "事業者不明",
        "ref": "",
        "url": "",
        "url2": ""
      }
    },
    {
      "type": "Feature",
      "geometry": {
        "type": "Point",
        "coordinates": [
          132.9621845,
          35.3250129
        ]
      },
      "properties": {
        "内容": "バス停: 大東税務署前",
        "name": "大東税務署前",
        "operator": "事業者不明",
        "ref": "",
        "url": "",
        "url2": ""
      }
    },
    {
      "type": "Feature",
      "geometry": {
        "type": "Point",
        "coordinates": [
          132.9582537,
          35.3252782
        ]
      },
      "properties": {
        "内容": "バス停: JR出雲大東駅",
        "name": "JR出雲大東駅",
        "operator": "事業者不明",
        "ref": "",
        "url": "",
        "url2": ""
      }
    },
    {
      "type": "Feature",
      "geometry": {
        "type": "Point",
        "coordinates": [
          132.9584085,
          35.3253883
        ]
      },
      "properties": {
        "内容": "バス停: 大東駅前",
        "name": "大東駅前",
        "operator": "事業者不明",
        "ref": "",
        "url": "",
        "url2": ""
      }
    },
    {
      "type": "Feature",
      "geometry": {
        "type": "Point",
        "coordinates": [
          132.9597424,
          35.3236724
        ]
      },
      "properties": {
        "内容": "バス停: 雲南市立病院",
        "name": "雲南市立病院",
        "operator": "事業者不明",
        "ref": "",
        "url": "",
        "url2": ""
      }
    },
    {
      "type": "Feature",
      "geometry": {
        "type": "Point",
        "coordinates": [
          132.9638003,
          35.3257072
        ]
      },
      "properties": {
        "内容": "バス停: グリーンシティー",
        "name": "グリーンシティー",
        "operator": "事業者不明",
        "ref": "",
        "url": "",
        "url2": ""
      }
    },
    {
      "type": "Feature",
      "geometry": {
        "type": "Point",
        "coordinates": [
          132.9641104,
          35.3246398
        ]
      },
      "properties": {
        "内容": "バス停: 大木原線入口",
        "name": "大木原線入口",
        "operator": "事業者不明",
        "ref": "",
        "url": "",
        "url2": ""
      }
    },
    {
      "type": "Feature",
      "geometry": {
        "type": "Point",
        "coordinates": [
          133.0046557,
          35.426624
        ]
      },
      "properties": {
        "内容": "バス停: 玉湯体育館",
        "name": "玉湯体育館",
        "operator": "事業者不明",
        "ref": "",
        "url": "",
        "url2": ""
      }
    },
    {
      "type": "Feature",
      "geometry": {
        "type": "Point",
        "coordinates": [
          133.0029382,
          35.4261665
        ]
      },
      "properties": {
        "内容": "バス停: サンエール",
        "name": "サンエール",
        "operator": "事業者不明",
        "ref": "",
        "url": "",
        "url2": ""
      }
    },
    {
      "type": "Feature",
      "geometry": {
        "type": "Point",
        "coordinates": [
          133.0026764,
          35.4282879
        ]
      },
      "properties": {
        "内容": "バス停: 向市集会所",
        "name": "向市集会所",
        "operator": "事業者不明",
        "ref": "",
        "url": "",
        "url2": ""
      }
    },
    {
      "type": "Feature",
      "geometry": {
        "type": "Point",
        "coordinates": [
          132.9991012,
          35.4293917
        ]
      },
      "properties": {
        "内容": "バス停: 根尾入口",
        "name": "根尾入口",
        "operator": "事業者不明",
        "ref": "",
        "url": "",
        "url2": ""
      }
    },
    {
      "type": "Feature",
      "geometry": {
        "type": "Point",
        "coordinates": [
          132.9978414,
          35.4237153
        ]
      },
      "properties": {
        "内容": "バス停: 根尾公民館",
        "name": "根尾公民館",
        "operator": "事業者不明",
        "ref": "",
        "url": "",
        "url2": ""
      }
    },
    {
      "type": "Feature",
      "geometry": {
        "type": "Point",
        "coordinates": [
          132.9877749,
          35.4303254
        ]
      },
      "properties": {
        "内容": "バス停: 本郷灘",
        "name": "本郷灘",
        "operator": "事業者不明",
        "ref": "",
        "url": "",
        "url2": ""
      }
    },
    {
      "type": "Feature",
      "geometry": {
        "type": "Point",
        "coordinates": [
          132.9878322,
          35.4268375
        ]
      },
      "properties": {
        "内容": "バス停: 本郷公民館",
        "name": "本郷公民館",
        "operator": "事業者不明",
        "ref": "",
        "url": "",
        "url2": ""
      }
    },
    {
      "type": "Feature",
      "geometry": {
        "type": "Point",
        "coordinates": [
          132.9904937,
          35.426337
        ]
      },
      "properties": {
        "内容": "バス停: 中蔵入口",
        "name": "中蔵入口",
        "operator": "事業者不明",
        "ref": "",
        "url": "",
        "url2": ""
      }
    },
    {
      "type": "Feature",
      "geometry": {
        "type": "Point",
        "coordinates": [
          132.9877164,
          35.4249828
        ]
      },
      "properties": {
        "内容": "バス停: 本郷三叉路",
        "name": "本郷三叉路",
        "operator": "事業者不明",
        "ref": "",
        "url": "",
        "url2": ""
      }
    },
    {
      "type": "Feature",
      "geometry": {
        "type": "Point",
        "coordinates": [
          132.9903063,
          35.4218574
        ]
      },
      "properties": {
        "内容": "バス停: 頼清寺前",
        "name": "頼清寺前",
        "operator": "事業者不明",
        "ref": "",
        "url": "",
        "url2": ""
      }
    },
    {
      "type": "Feature",
      "geometry": {
        "type": "Point",
        "coordinates": [
          132.9843898,
          35.4255202
        ]
      },
      "properties": {
        "内容": "バス停: 本郷西",
        "name": "本郷西",
        "operator": "事業者不明",
        "ref": "",
        "url": "",
        "url2": ""
      }
    },
    {
      "type": "Feature",
      "geometry": {
        "type": "Point",
        "coordinates": [
          132.9811549,
          35.4236566
        ]
      },
      "properties": {
        "内容": "バス停: 柳井下入口",
        "name": "柳井下入口",
        "operator": "事業者不明",
        "ref": "",
        "url": "",
        "url2": ""
      }
    },
    {
      "type": "Feature",
      "geometry": {
        "type": "Point",
        "coordinates": [
          132.9801628,
          35.4191
        ]
      },
      "properties": {
        "内容": "バス停: 柳井公会所",
        "name": "柳井公会所",
        "operator": "事業者不明",
        "ref": "",
        "url": "",
        "url2": ""
      }
    },
    {
      "type": "Feature",
      "geometry": {
        "type": "Point",
        "coordinates": [
          132.9800247,
          35.4174244
        ]
      },
      "properties": {
        "内容": "バス停: 柳井上入口",
        "name": "柳井上入口",
        "operator": "事業者不明",
        "ref": "",
        "url": "",
        "url2": ""
      }
    },
    {
      "type": "Feature",
      "geometry": {
        "type": "Point",
        "coordinates": [
          132.9829408,
          35.4177457
        ]
      },
      "properties": {
        "内容": "バス停: 柳井東入口",
        "name": "柳井東入口",
        "operator": "事業者不明",
        "ref": "",
        "url": "",
        "url2": ""
      }
    },
    {
      "type": "Feature",
      "geometry": {
        "type": "Point",
        "coordinates": [
          132.9482195,
          35.4129795
        ]
      },
      "properties": {
        "内容": "バス停: 来待ストーン",
        "name": "来待ストーン",
        "operator": "事業者不明",
        "ref": "",
        "url": "",
        "url2": ""
      }
    },
    {
      "type": "Feature",
      "geometry": {
        "type": "Point",
        "coordinates": [
          133.0099704,
          35.4117912
        ]
      },
      "properties": {
        "内容": "バス停: 玉造上",
        "name": "玉造上",
        "operator": "事業者不明",
        "ref": "",
        "url": "",
        "url2": ""
      }
    },
    {
      "type": "Feature",
      "geometry": {
        "type": "Point",
        "coordinates": [
          133.0091381,
          35.4094609
        ]
      },
      "properties": {
        "内容": "バス停: 玉造上橋",
        "name": "玉造上橋",
        "operator": "事業者不明",
        "ref": "",
        "url": "",
        "url2": ""
      }
    },
    {
      "type": "Feature",
      "geometry": {
        "type": "Point",
        "coordinates": [
          132.9981679,
          35.3996783
        ]
      },
      "properties": {
        "内容": "バス停: 了知寺前",
        "name": "了知寺前",
        "operator": "事業者不明",
        "ref": "",
        "url": "",
        "url2": ""
      }
    },
    {
      "type": "Feature",
      "geometry": {
        "type": "Point",
        "coordinates": [
          132.993421,
          35.3975159
        ]
      },
      "properties": {
        "内容": "バス停: 大谷三地区",
        "name": "大谷三地区",
        "operator": "事業者不明",
        "ref": "",
        "url": "",
        "url2": ""
      }
    },
    {
      "type": "Feature",
      "geometry": {
        "type": "Point",
        "coordinates": [
          132.9898246,
          35.3894374
        ]
      },
      "properties": {
        "内容": "バス停: 大谷小学校前",
        "name": "大谷小学校前",
        "operator": "事業者不明",
        "ref": "",
        "url": "",
        "url2": ""
      }
    },
    {
      "type": "Feature",
      "geometry": {
        "type": "Point",
        "coordinates": [
          132.9905077,
          35.3822076
        ]
      },
      "properties": {
        "内容": "バス停: 奥大谷",
        "name": "奥大谷",
        "operator": "事業者不明",
        "ref": "",
        "url": "",
        "url2": ""
      }
    },
    {
      "type": "Feature",
      "geometry": {
        "type": "Point",
        "coordinates": [
          132.9983478,
          35.3757381
        ]
      },
      "properties": {
        "内容": "バス停: 権原",
        "name": "権原",
        "operator": "事業者不明",
        "ref": "",
        "url": "",
        "url2": ""
      }
    },
    {
      "type": "Feature",
      "geometry": {
        "type": "Point",
        "coordinates": [
          133.007686,
          35.3758713
        ]
      },
      "properties": {
        "内容": "バス停: 城床ふるさと公園",
        "name": "城床ふるさと公園",
        "operator": "事業者不明",
        "ref": "",
        "url": "",
        "url2": ""
      }
    },
    {
      "type": "Feature",
      "geometry": {
        "type": "Point",
        "coordinates": [
          133.0064846,
          35.4046461
        ]
      },
      "properties": {
        "内容": "バス停: 大谷入口",
        "name": "大谷入口",
        "operator": "事業者不明",
        "ref": "",
        "url": "",
        "url2": ""
      }
    },
    {
      "type": "Feature",
      "geometry": {
        "type": "Point",
        "coordinates": [
          133.0034443,
          35.4018499
        ]
      },
      "properties": {
        "内容": "バス停: 一人女神社前",
        "name": "一人女神社前",
        "operator": "事業者不明",
        "ref": "",
        "url": "",
        "url2": ""
      }
    },
    {
      "type": "Feature",
      "geometry": {
        "type": "Point",
        "coordinates": [
          132.9454118,
          35.4198892
        ]
      },
      "properties": {
        "内容": "バス停: 来待浜",
        "name": "来待浜",
        "operator": "事業者不明",
        "ref": "",
        "url": "",
        "url2": ""
      }
    },
    {
      "type": "Feature",
      "geometry": {
        "type": "Point",
        "coordinates": [
          132.9408991,
          35.4180353
        ]
      },
      "properties": {
        "内容": "バス停: 小松公民館",
        "name": "小松公民館",
        "operator": "事業者不明",
        "ref": "",
        "url": "",
        "url2": ""
      }
    },
    {
      "type": "Feature",
      "geometry": {
        "type": "Point",
        "coordinates": [
          132.9395843,
          35.4186728
        ]
      },
      "properties": {
        "内容": "バス停: 小松",
        "name": "小松",
        "operator": "事業者不明",
        "ref": "",
        "url": "",
        "url2": ""
      }
    },
    {
      "type": "Feature",
      "geometry": {
        "type": "Point",
        "coordinates": [
          132.9280119,
          35.4154888
        ]
      },
      "properties": {
        "内容": "バス停: 白石団地",
        "name": "白石団地",
        "operator": "事業者不明",
        "ref": "",
        "url": "",
        "url2": ""
      }
    },
    {
      "type": "Feature",
      "geometry": {
        "type": "Point",
        "coordinates": [
          133.0539065,
          35.4603847
        ]
      },
      "properties": {
        "内容": "バス停: 県立美術館前",
        "name": "県立美術館前",
        "operator": "事業者不明",
        "ref": "",
        "url": "",
        "url2": ""
      }
    },
    {
      "type": "Feature",
      "geometry": {
        "type": "Point",
        "coordinates": [
          133.0612744,
          35.4669047
        ]
      },
      "properties": {
        "内容": "バス停: 松江駅北口",
        "name": "松江駅北口",
        "operator": "事業者不明",
        "ref": "",
        "url": "",
        "url2": ""
      }
    },
    {
      "type": "Feature",
      "geometry": {
        "type": "Point",
        "coordinates": [
          133.0519803,
          35.4725619
        ]
      },
      "properties": {
        "内容": "バス停: 名称不明バス停",
        "name": "名称不明バス停",
        "operator": "事業者不明",
        "ref": "",
        "url": "",
        "url2": ""
      }
    },
    {
      "type": "Feature",
      "geometry": {
        "type": "Point",
        "coordinates": [
          132.9246618,
          35.411824
        ]
      },
      "properties": {
        "内容": "バス停: 下白石",
        "name": "下白石",
        "operator": "事業者不明",
        "ref": "",
        "url": "",
        "url2": ""
      }
    },
    {
      "type": "Feature",
      "geometry": {
        "type": "Point",
        "coordinates": [
          132.9237746,
          35.4125751
        ]
      },
      "properties": {
        "内容": "バス停: 白石",
        "name": "白石",
        "operator": "事業者不明",
        "ref": "",
        "url": "",
        "url2": ""
      }
    },
    {
      "type": "Feature",
      "geometry": {
        "type": "Point",
        "coordinates": [
          132.9254301,
          35.4085653
        ]
      },
      "properties": {
        "内容": "バス停: 岩谷入口",
        "name": "岩谷入口",
        "operator": "事業者不明",
        "ref": "",
        "url": "",
        "url2": ""
      }
    },
    {
      "type": "Feature",
      "geometry": {
        "type": "Point",
        "coordinates": [
          132.9187331,
          35.4118247
        ]
      },
      "properties": {
        "内容": "バス停: 深田歯科医院前",
        "name": "深田歯科医院前",
        "operator": "事業者不明",
        "ref": "",
        "url": "",
        "url2": ""
      }
    },
    {
      "type": "Feature",
      "geometry": {
        "type": "Point",
        "coordinates": [
          132.9183887,
          35.4122446
        ]
      },
      "properties": {
        "内容": "バス停: 中学校",
        "name": "中学校",
        "operator": "事業者不明",
        "ref": "",
        "url": "",
        "url2": ""
      }
    },
    {
      "type": "Feature",
      "geometry": {
        "type": "Point",
        "coordinates": [
          132.9109884,
          35.4119111
        ]
      },
      "properties": {
        "内容": "バス停: 小宮田",
        "name": "小宮田",
        "operator": "事業者不明",
        "ref": "",
        "url": "",
        "url2": ""
      }
    },
    {
      "type": "Feature",
      "geometry": {
        "type": "Point",
        "coordinates": [
          132.9087832,
          35.4069722
        ]
      },
      "properties": {
        "内容": "バス停: 宍道駅",
        "name": "宍道駅",
        "operator": "事業者不明",
        "ref": "",
        "url": "",
        "url2": ""
      }
    },
    {
      "type": "Feature",
      "geometry": {
        "type": "Point",
        "coordinates": [
          132.9060802,
          35.4080774
        ]
      },
      "properties": {
        "内容": "バス停: 昭和",
        "name": "昭和",
        "operator": "事業者不明",
        "ref": "",
        "url": "",
        "url2": ""
      }
    },
    {
      "type": "Feature",
      "geometry": {
        "type": "Point",
        "coordinates": [
          132.8224191,
          35.4354762
        ]
      },
      "properties": {
        "内容": "バス停: 平田支所前",
        "name": "平田支所前",
        "operator": "事業者不明",
        "ref": "",
        "url": "",
        "url2": ""
      }
    },
    {
      "type": "Feature",
      "geometry": {
        "type": "Point",
        "coordinates": [
          132.8206057,
          35.441495
        ]
      },
      "properties": {
        "内容": "バス停: 平田高校前",
        "name": "平田高校前",
        "operator": "事業者不明",
        "ref": "",
        "url": "",
        "url2": ""
      }
    },
    {
      "type": "Feature",
      "geometry": {
        "type": "Point",
        "coordinates": [
          132.8232914,
          35.441952
        ]
      },
      "properties": {
        "内容": "バス停: 平田中学校前",
        "name": "平田中学校前",
        "operator": "事業者不明",
        "ref": "",
        "url": "",
        "url2": ""
      }
    },
    {
      "type": "Feature",
      "geometry": {
        "type": "Point",
        "coordinates": [
          132.8236526,
          35.4397477
        ]
      },
      "properties": {
        "内容": "バス停: ラピタ平田店",
        "name": "ラピタ平田店",
        "operator": "事業者不明",
        "ref": "",
        "url": "",
        "url2": ""
      }
    },
    {
      "type": "Feature",
      "geometry": {
        "type": "Point",
        "coordinates": [
          132.8186825,
          35.4359324
        ]
      },
      "properties": {
        "内容": "バス停: 宇美神社",
        "name": "宇美神社",
        "operator": "事業者不明",
        "ref": "",
        "url": "",
        "url2": ""
      }
    },
    {
      "type": "Feature",
      "geometry": {
        "type": "Point",
        "coordinates": [
          132.8100161,
          35.4285858
        ]
      },
      "properties": {
        "内容": "バス停: スイミングスクール前",
        "name": "スイミングスクール前",
        "operator": "事業者不明",
        "ref": "",
        "url": "",
        "url2": ""
      }
    },
    {
      "type": "Feature",
      "geometry": {
        "type": "Point",
        "coordinates": [
          133.3213694,
          36.2085665
        ]
      },
      "properties": {
        "内容": "バス停: 名称不明バス停",
        "name": "名称不明バス停",
        "operator": "事業者不明",
        "ref": "",
        "url": "",
        "url2": ""
      }
    },
    {
      "type": "Feature",
      "geometry": {
        "type": "Point",
        "coordinates": [
          132.9662076,
          36.0976265
        ]
      },
      "properties": {
        "内容": "バス停: 国賀",
        "name": "国賀",
        "operator": "事業者不明",
        "ref": "",
        "url": "",
        "url2": ""
      }
    },
    {
      "type": "Feature",
      "geometry": {
        "type": "Point",
        "coordinates": [
          133.0609406,
          35.4379048
        ]
      },
      "properties": {
        "内容": "バス停: 県立大学前 (松江市交通局)",
        "name": "県立大学前",
        "operator": "松江市交通局",
        "ref": "",
        "url": "",
        "url2": ""
      }
    },
    {
      "type": "Feature",
      "geometry": {
        "type": "Point",
        "coordinates": [
          133.2419541,
          35.3693353
        ]
      },
      "properties": {
        "内容": "バス停: 影平入口",
        "name": "影平入口",
        "operator": "事業者不明",
        "ref": "",
        "url": "",
        "url2": ""
      }
    },
    {
      "type": "Feature",
      "geometry": {
        "type": "Point",
        "coordinates": [
          133.1285323,
          35.2743564
        ]
      },
      "properties": {
        "内容": "バス停: 木呂畑入口",
        "name": "木呂畑入口",
        "operator": "事業者不明",
        "ref": "",
        "url": "",
        "url2": ""
      }
    },
    {
      "type": "Feature",
      "geometry": {
        "type": "Point",
        "coordinates": [
          133.1240588,
          35.2761639
        ]
      },
      "properties": {
        "内容": "バス停: 西谷交流センター前",
        "name": "西谷交流センター前",
        "operator": "事業者不明",
        "ref": "",
        "url": "",
        "url2": ""
      }
    },
    {
      "type": "Feature",
      "geometry": {
        "type": "Point",
        "coordinates": [
          133.1209578,
          35.276398
        ]
      },
      "properties": {
        "内容": "バス停: 西谷中谷入口",
        "name": "西谷中谷入口",
        "operator": "事業者不明",
        "ref": "",
        "url": "",
        "url2": ""
      }
    },
    {
      "type": "Feature",
      "geometry": {
        "type": "Point",
        "coordinates": [
          133.1146039,
          35.2774663
        ]
      },
      "properties": {
        "内容": "バス停: 第一集会所前",
        "name": "第一集会所前",
        "operator": "事業者不明",
        "ref": "",
        "url": "",
        "url2": ""
      }
    },
    {
      "type": "Feature",
      "geometry": {
        "type": "Point",
        "coordinates": [
          133.1246709,
          35.2327947
        ]
      },
      "properties": {
        "内容": "バス停: 市原分かれ（安来市）",
        "name": "市原分かれ（安来市）",
        "operator": "事業者不明",
        "ref": "",
        "url": "",
        "url2": ""
      }
    },
    {
      "type": "Feature",
      "geometry": {
        "type": "Point",
        "coordinates": [
          133.1790935,
          35.2517834
        ]
      },
      "properties": {
        "内容": "バス停: 道城",
        "name": "道城",
        "operator": "事業者不明",
        "ref": "",
        "url": "",
        "url2": ""
      }
    },
    {
      "type": "Feature",
      "geometry": {
        "type": "Point",
        "coordinates": [
          133.149506,
          35.2447558
        ]
      },
      "properties": {
        "内容": "バス停: 梶ふれあい",
        "name": "梶ふれあい",
        "operator": "事業者不明",
        "ref": "",
        "url": "",
        "url2": ""
      }
    },
    {
      "type": "Feature",
      "geometry": {
        "type": "Point",
        "coordinates": [
          133.1572251,
          35.2469809
        ]
      },
      "properties": {
        "内容": "バス停: 中東",
        "name": "中東",
        "operator": "事業者不明",
        "ref": "",
        "url": "",
        "url2": ""
      }
    },
    {
      "type": "Feature",
      "geometry": {
        "type": "Point",
        "coordinates": [
          133.0609414,
          35.4375334
        ]
      },
      "properties": {
        "内容": "バス停: 県立大学前",
        "name": "県立大学前",
        "operator": "事業者不明",
        "ref": "",
        "url": "",
        "url2": ""
      }
    },
    {
      "type": "Feature",
      "geometry": {
        "type": "Point",
        "coordinates": [
          132.541578,
          35.2440264
        ]
      },
      "properties": {
        "内容": "バス停: 名称不明バス停",
        "name": "名称不明バス停",
        "operator": "事業者不明",
        "ref": "",
        "url": "",
        "url2": ""
      }
    },
    {
      "type": "Feature",
      "geometry": {
        "type": "Point",
        "coordinates": [
          132.7379915,
          35.3723202
        ]
      },
      "properties": {
        "内容": "バス停: 名称不明バス停",
        "name": "名称不明バス停",
        "operator": "事業者不明",
        "ref": "",
        "url": "",
        "url2": ""
      }
    },
    {
      "type": "Feature",
      "geometry": {
        "type": "Point",
        "coordinates": [
          132.6388628,
          35.4188008
        ]
      },
      "properties": {
        "内容": "バス停: 名称不明バス停",
        "name": "名称不明バス停",
        "operator": "事業者不明",
        "ref": "",
        "url": "",
        "url2": ""
      }
    },
    {
      "type": "Feature",
      "geometry": {
        "type": "Point",
        "coordinates": [
          132.6738157,
          35.4002917
        ]
      },
      "properties": {
        "内容": "バス停: 稲佐の浜入口",
        "name": "稲佐の浜入口",
        "operator": "事業者不明",
        "ref": "",
        "url": "",
        "url2": ""
      }
    },
    {
      "type": "Feature",
      "geometry": {
        "type": "Point",
        "coordinates": [
          132.7561402,
          35.364039
        ]
      },
      "properties": {
        "内容": "バス停: 名称不明バス停",
        "name": "名称不明バス停",
        "operator": "事業者不明",
        "ref": "",
        "url": "",
        "url2": ""
      }
    },
    {
      "type": "Feature",
      "geometry": {
        "type": "Point",
        "coordinates": [
          132.6894923,
          35.3972732
        ]
      },
      "properties": {
        "内容": "バス停: 名称不明バス停",
        "name": "名称不明バス停",
        "operator": "事業者不明",
        "ref": "",
        "url": "",
        "url2": ""
      }
    },
    {
      "type": "Feature",
      "geometry": {
        "type": "Point",
        "coordinates": [
          132.726024,
          35.3660393
        ]
      },
      "properties": {
        "内容": "バス停: 名称不明バス停",
        "name": "名称不明バス停",
        "operator": "事業者不明",
        "ref": "",
        "url": "",
        "url2": ""
      }
    },
    {
      "type": "Feature",
      "geometry": {
        "type": "Point",
        "coordinates": [
          132.6737278,
          35.4004411
        ]
      },
      "properties": {
        "内容": "バス停: 稲佐の浜入口",
        "name": "稲佐の浜入口",
        "operator": "事業者不明",
        "ref": "",
        "url": "",
        "url2": ""
      }
    },
    {
      "type": "Feature",
      "geometry": {
        "type": "Point",
        "coordinates": [
          132.7551185,
          35.3691027
        ]
      },
      "properties": {
        "内容": "バス停: 名称不明バス停",
        "name": "名称不明バス停",
        "operator": "事業者不明",
        "ref": "",
        "url": "",
        "url2": ""
      }
    },
    {
      "type": "Feature",
      "geometry": {
        "type": "Point",
        "coordinates": [
          132.7112742,
          35.3963777
        ]
      },
      "properties": {
        "内容": "バス停: 名称不明バス停",
        "name": "名称不明バス停",
        "operator": "事業者不明",
        "ref": "",
        "url": "",
        "url2": ""
      }
    },
    {
      "type": "Feature",
      "geometry": {
        "type": "Point",
        "coordinates": [
          132.7269727,
          35.3852589
        ]
      },
      "properties": {
        "内容": "バス停: 名称不明バス停",
        "name": "名称不明バス停",
        "operator": "事業者不明",
        "ref": "",
        "url": "",
        "url2": ""
      }
    },
    {
      "type": "Feature",
      "geometry": {
        "type": "Point",
        "coordinates": [
          132.6423056,
          35.4171356
        ]
      },
      "properties": {
        "内容": "バス停: 名称不明バス停",
        "name": "名称不明バス停",
        "operator": "事業者不明",
        "ref": "",
        "url": "",
        "url2": ""
      }
    },
    {
      "type": "Feature",
      "geometry": {
        "type": "Point",
        "coordinates": [
          132.7548623,
          35.3690813
        ]
      },
      "properties": {
        "内容": "バス停: 名称不明バス停",
        "name": "名称不明バス停",
        "operator": "事業者不明",
        "ref": "",
        "url": "",
        "url2": ""
      }
    },
    {
      "type": "Feature",
      "geometry": {
        "type": "Point",
        "coordinates": [
          132.7552075,
          35.3760824
        ]
      },
      "properties": {
        "内容": "バス停: 名称不明バス停",
        "name": "名称不明バス停",
        "operator": "事業者不明",
        "ref": "",
        "url": "",
        "url2": ""
      }
    },
    {
      "type": "Feature",
      "geometry": {
        "type": "Point",
        "coordinates": [
          132.7127546,
          35.3637265
        ]
      },
      "properties": {
        "内容": "バス停: 名称不明バス停",
        "name": "名称不明バス停",
        "operator": "事業者不明",
        "ref": "",
        "url": "",
        "url2": ""
      }
    },
    {
      "type": "Feature",
      "geometry": {
        "type": "Point",
        "coordinates": [
          132.5054415,
          35.1913186
        ]
      },
      "properties": {
        "内容": "バス停: 名称不明バス停",
        "name": "名称不明バス停",
        "operator": "事業者不明",
        "ref": "",
        "url": "",
        "url2": ""
      }
    },
    {
      "type": "Feature",
      "geometry": {
        "type": "Point",
        "coordinates": [
          132.4482122,
          35.1214049
        ]
      },
      "properties": {
        "内容": "バス停: 名称不明バス停",
        "name": "名称不明バス停",
        "operator": "事業者不明",
        "ref": "",
        "url": "",
        "url2": ""
      }
    },
    {
      "type": "Feature",
      "geometry": {
        "type": "Point",
        "coordinates": [
          132.5064286,
          35.1848599
        ]
      },
      "properties": {
        "内容": "バス停: 名称不明バス停",
        "name": "名称不明バス停",
        "operator": "事業者不明",
        "ref": "",
        "url": "",
        "url2": ""
      }
    },
    {
      "type": "Feature",
      "geometry": {
        "type": "Point",
        "coordinates": [
          132.4998997,
          35.2009999
        ]
      },
      "properties": {
        "内容": "バス停: 大田市駅",
        "name": "大田市駅",
        "operator": "事業者不明",
        "ref": "",
        "url": "",
        "url2": ""
      }
    },
    {
      "type": "Feature",
      "geometry": {
        "type": "Point",
        "coordinates": [
          132.5041775,
          35.1958602
        ]
      },
      "properties": {
        "内容": "バス停: 名称不明バス停",
        "name": "名称不明バス停",
        "operator": "事業者不明",
        "ref": "",
        "url": "",
        "url2": ""
      }
    },
    {
      "type": "Feature",
      "geometry": {
        "type": "Point",
        "coordinates": [
          132.5069149,
          35.1863506
        ]
      },
      "properties": {
        "内容": "バス停: 名称不明バス停",
        "name": "名称不明バス停",
        "operator": "事業者不明",
        "ref": "",
        "url": "",
        "url2": ""
      }
    },
    {
      "type": "Feature",
      "geometry": {
        "type": "Point",
        "coordinates": [
          132.5021248,
          35.1820794
        ]
      },
      "properties": {
        "内容": "バス停: 名称不明バス停",
        "name": "名称不明バス停",
        "operator": "事業者不明",
        "ref": "",
        "url": "",
        "url2": ""
      }
    },
    {
      "type": "Feature",
      "geometry": {
        "type": "Point",
        "coordinates": [
          132.4904652,
          35.1744687
        ]
      },
      "properties": {
        "内容": "バス停: 名称不明バス停",
        "name": "名称不明バス停",
        "operator": "事業者不明",
        "ref": "",
        "url": "",
        "url2": ""
      }
    },
    {
      "type": "Feature",
      "geometry": {
        "type": "Point",
        "coordinates": [
          132.5066574,
          35.1846616
        ]
      },
      "properties": {
        "内容": "バス停: 名称不明バス停",
        "name": "名称不明バス停",
        "operator": "事業者不明",
        "ref": "",
        "url": "",
        "url2": ""
      }
    },
    {
      "type": "Feature",
      "geometry": {
        "type": "Point",
        "coordinates": [
          132.5066594,
          35.1865359
        ]
      },
      "properties": {
        "内容": "バス停: 名称不明バス停",
        "name": "名称不明バス停",
        "operator": "事業者不明",
        "ref": "",
        "url": "",
        "url2": ""
      }
    },
    {
      "type": "Feature",
      "geometry": {
        "type": "Point",
        "coordinates": [
          132.5019295,
          35.1821862
        ]
      },
      "properties": {
        "内容": "バス停: 名称不明バス停",
        "name": "名称不明バス停",
        "operator": "事業者不明",
        "ref": "",
        "url": "",
        "url2": ""
      }
    },
    {
      "type": "Feature",
      "geometry": {
        "type": "Point",
        "coordinates": [
          132.506352,
          35.1894676
        ]
      },
      "properties": {
        "内容": "バス停: 名称不明バス停",
        "name": "名称不明バス停",
        "operator": "事業者不明",
        "ref": "",
        "url": "",
        "url2": ""
      }
    },
    {
      "type": "Feature",
      "geometry": {
        "type": "Point",
        "coordinates": [
          132.5035137,
          35.1808842
        ]
      },
      "properties": {
        "内容": "バス停: 名称不明バス停",
        "name": "名称不明バス停",
        "operator": "事業者不明",
        "ref": "",
        "url": "",
        "url2": ""
      }
    },
    {
      "type": "Feature",
      "geometry": {
        "type": "Point",
        "coordinates": [
          132.4519542,
          35.1059265
        ]
      },
      "properties": {
        "内容": "バス停: 世界遺産センター",
        "name": "世界遺産センター",
        "operator": "事業者不明",
        "ref": "",
        "url": "",
        "url2": ""
      }
    },
    {
      "type": "Feature",
      "geometry": {
        "type": "Point",
        "coordinates": [
          132.4587706,
          35.1286646
        ]
      },
      "properties": {
        "内容": "バス停: 下佐摩",
        "name": "下佐摩",
        "operator": "事業者不明",
        "ref": "",
        "url": "",
        "url2": ""
      }
    },
    {
      "type": "Feature",
      "geometry": {
        "type": "Point",
        "coordinates": [
          132.4707825,
          35.1456232
        ]
      },
      "properties": {
        "内容": "バス停: 下石原",
        "name": "下石原",
        "operator": "事業者不明",
        "ref": "",
        "url": "",
        "url2": ""
      }
    },
    {
      "type": "Feature",
      "geometry": {
        "type": "Point",
        "coordinates": [
          132.4318352,
          35.1013113
        ]
      },
      "properties": {
        "内容": "バス停: 高橋家住宅 (ぎんざんカート)",
        "name": "高橋家住宅",
        "operator": "ぎんざんカート",
        "ref": "",
        "url": "",
        "url2": ""
      }
    },
    {
      "type": "Feature",
      "geometry": {
        "type": "Point",
        "coordinates": [
          132.439158,
          35.1099769
        ]
      },
      "properties": {
        "内容": "バス停: 名称不明バス停",
        "name": "名称不明バス停",
        "operator": "事業者不明",
        "ref": "",
        "url": "",
        "url2": ""
      }
    },
    {
      "type": "Feature",
      "geometry": {
        "type": "Point",
        "coordinates": [
          132.4453952,
          35.1145223
        ]
      },
      "properties": {
        "内容": "バス停: 銀山口自治会館前",
        "name": "銀山口自治会館前",
        "operator": "事業者不明",
        "ref": "",
        "url": "",
        "url2": ""
      }
    },
    {
      "type": "Feature",
      "geometry": {
        "type": "Point",
        "coordinates": [
          132.4457458,
          35.1185758
        ]
      },
      "properties": {
        "内容": "バス停: 町並み交流センター前",
        "name": "町並み交流センター前",
        "operator": "事業者不明",
        "ref": "",
        "url": "",
        "url2": ""
      }
    },
    {
      "type": "Feature",
      "geometry": {
        "type": "Point",
        "coordinates": [
          132.4480055,
          35.1204715
        ]
      },
      "properties": {
        "内容": "バス停: 名称不明バス停",
        "name": "名称不明バス停",
        "operator": "事業者不明",
        "ref": "",
        "url": "",
        "url2": ""
      }
    },
    {
      "type": "Feature",
      "geometry": {
        "type": "Point",
        "coordinates": [
          132.446531,
          35.1145775
        ]
      },
      "properties": {
        "内容": "バス停: 名称不明バス停",
        "name": "名称不明バス停",
        "operator": "事業者不明",
        "ref": "",
        "url": "",
        "url2": ""
      }
    },
    {
      "type": "Feature",
      "geometry": {
        "type": "Point",
        "coordinates": [
          132.6304052,
          35.4328759
        ]
      },
      "properties": {
        "内容": "バス停: 名称不明バス停",
        "name": "名称不明バス停",
        "operator": "事業者不明",
        "ref": "",
        "url": "",
        "url2": ""
      }
    },
    {
      "type": "Feature",
      "geometry": {
        "type": "Point",
        "coordinates": [
          133.1642375,
          35.3539439
        ]
      },
      "properties": {
        "内容": "バス停: 廿原堤神社前",
        "name": "廿原堤神社前",
        "operator": "事業者不明",
        "ref": "",
        "url": "",
        "url2": ""
      }
    }
  ]
}