{
"type": "FeatureCollection",
"name": "geo_32_3",
"crs": { "type": "name", "properties": { "name": "urn:ogc:def:crs:OGC:1.3:CRS84" } },
"features": [
{ "type": "Feature", "properties": { "ID": 3233323100280, "正式名称": "ヨシダデンタルオフィス", "機関区分": 3, "都道府県コード": 32, "市区町村コード": 201, "所在地": "島根県松江市堂形町７３５", "緯度": 35.466983, "経度": 133.043694, "url": "https://www.iryou.teikyouseido.mhlw.go.jp/znk-web/juminkanja/S2430/initialize?prefCd=32&kikanCd=3323100280&kikanKbn=3", "url2": "https://yoshida-dental-office.jp/", "内容": "ヨシダデンタルオフィス【3:歯科】島根県松江市堂形町７３５" }, "geometry": { "type": "Point", "coordinates": [ 133.043694, 35.466983 ] } },
{ "type": "Feature", "properties": { "ID": 3233323100310, "正式名称": "医療法人煌星会　よしの歯科クリニック", "機関区分": 3, "都道府県コード": 32, "市区町村コード": 201, "所在地": "島根県松江市玉湯町湯町４２２−２", "緯度": 35.431767, "経度": 133.00781, "url": "https://www.iryou.teikyouseido.mhlw.go.jp/znk-web/juminkanja/S2430/initialize?prefCd=32&kikanCd=3323100310&kikanKbn=3", "url2": "https://www.yoshino-dent.com", "内容": "医療法人煌星会　よしの歯科クリニック【3:歯科】島根県松江市玉湯町湯町４２２−２" }, "geometry": { "type": "Point", "coordinates": [ 133.00781, 35.431767 ] } },
{ "type": "Feature", "properties": { "ID": 3233323100600, "正式名称": "医療法人フロンティア　あま歯科クリニック", "機関区分": 3, "都道府県コード": 32, "市区町村コード": 201, "所在地": "島根県松江市宍道町佐々布２１１ー８", "緯度": 35.403787, "経度": 132.899437, "url": "https://www.iryou.teikyouseido.mhlw.go.jp/znk-web/juminkanja/S2430/initialize?prefCd=32&kikanCd=3323100600&kikanKbn=3", "url2": null, "内容": "医療法人フロンティア　あま歯科クリニック【3:歯科】島根県松江市宍道町佐々布２１１ー８" }, "geometry": { "type": "Point", "coordinates": [ 132.899437, 35.403787 ] } },
{ "type": "Feature", "properties": { "ID": 3233323100730, "正式名称": "おだわら歯科クリニック", "機関区分": 3, "都道府県コード": 32, "市区町村コード": 201, "所在地": "島根県松江市黒田町４６５－１", "緯度": 35.480094, "経度": 133.0436, "url": "https://www.iryou.teikyouseido.mhlw.go.jp/znk-web/juminkanja/S2430/initialize?prefCd=32&kikanCd=3323100730&kikanKbn=3", "url2": "https://www.matsue-dental.com/", "内容": "おだわら歯科クリニック【3:歯科】島根県松江市黒田町４６５－１" }, "geometry": { "type": "Point", "coordinates": [ 133.0436, 35.480094 ] } },
{ "type": "Feature", "properties": { "ID": 3233323100860, "正式名称": "医療法人　大町歯科医院", "機関区分": 3, "都道府県コード": 32, "市区町村コード": 201, "所在地": "島根県松江市幸町８０３－３４", "緯度": 35.456508, "経度": 133.053436, "url": "https://www.iryou.teikyouseido.mhlw.go.jp/znk-web/juminkanja/S2430/initialize?prefCd=32&kikanCd=3323100860&kikanKbn=3", "url2": "https://oomachidc.com/", "内容": "医療法人　大町歯科医院【3:歯科】島根県松江市幸町８０３－３４" }, "geometry": { "type": "Point", "coordinates": [ 133.053436, 35.456508 ] } },
{ "type": "Feature", "properties": { "ID": 3233323101030, "正式名称": "松江歯科口腔外科クリニック", "機関区分": 3, "都道府県コード": 32, "市区町村コード": 201, "所在地": "島根県松江市乃木福富町６０", "緯度": 35.439936, "経度": 133.048839, "url": "https://www.iryou.teikyouseido.mhlw.go.jp/znk-web/juminkanja/S2430/initialize?prefCd=32&kikanCd=3323101030&kikanKbn=3", "url2": "https://matsue-dent-oralsurg-dc.doctorsfile.jp/", "内容": "松江歯科口腔外科クリニック【3:歯科】島根県松江市乃木福富町６０" }, "geometry": { "type": "Point", "coordinates": [ 133.048839, 35.439936 ] } },
{ "type": "Feature", "properties": { "ID": 3233323101160, "正式名称": "にじいろ歯科クリック", "機関区分": 3, "都道府県コード": 32, "市区町村コード": 201, "所在地": "島根県松江市津田町３１９－１", "緯度": 35.469276, "経度": 133.056105, "url": "https://www.iryou.teikyouseido.mhlw.go.jp/znk-web/juminkanja/S2430/initialize?prefCd=32&kikanCd=3323101160&kikanKbn=3", "url2": null, "内容": "にじいろ歯科クリック【3:歯科】島根県松江市津田町３１９－１" }, "geometry": { "type": "Point", "coordinates": [ 133.056105, 35.469276 ] } },
{ "type": "Feature", "properties": { "ID": 3233323101320, "正式名称": "えきなん矯正歯科クリニック", "機関区分": 3, "都道府県コード": 32, "市区町村コード": 201, "所在地": "島根県松江市大正町３－３", "緯度": 35.461474, "経度": 133.064692, "url": "https://www.iryou.teikyouseido.mhlw.go.jp/znk-web/juminkanja/S2430/initialize?prefCd=32&kikanCd=3323101320&kikanKbn=3", "url2": "https://www.ekinan-ortho.com/", "内容": "えきなん矯正歯科クリニック【3:歯科】島根県松江市大正町３－３" }, "geometry": { "type": "Point", "coordinates": [ 133.064692, 35.461474 ] } },
{ "type": "Feature", "properties": { "ID": 3233325103650, "正式名称": "医療法人辻歯科医院", "機関区分": 3, "都道府県コード": 32, "市区町村コード": 201, "所在地": "島根県松江市南田町１４７－１", "緯度": 35.473232, "経度": 133.061247, "url": "https://www.iryou.teikyouseido.mhlw.go.jp/znk-web/juminkanja/S2430/initialize?prefCd=32&kikanCd=3325103650&kikanKbn=3", "url2": "http://tsujidental.or.jp", "内容": "医療法人辻歯科医院【3:歯科】島根県松江市南田町１４７－１" }, "geometry": { "type": "Point", "coordinates": [ 133.061247, 35.473232 ] } },
{ "type": "Feature", "properties": { "ID": 3233325103940, "正式名称": "足立歯科医院", "機関区分": 3, "都道府県コード": 32, "市区町村コード": 201, "所在地": "島根県松江市山代町４８６－４", "緯度": 35.439914, "経度": 133.087028, "url": "https://www.iryou.teikyouseido.mhlw.go.jp/znk-web/juminkanja/S2430/initialize?prefCd=32&kikanCd=3325103940&kikanKbn=3", "url2": null, "内容": "足立歯科医院【3:歯科】島根県松江市山代町４８６－４" }, "geometry": { "type": "Point", "coordinates": [ 133.087028, 35.439914 ] } },
{ "type": "Feature", "properties": { "ID": 3233325104400, "正式名称": "恩田啓歯科医院", "機関区分": 3, "都道府県コード": 32, "市区町村コード": 201, "所在地": "島根県松江市東朝日町２０９−７", "緯度": 35.462262, "経度": 133.07401, "url": "https://www.iryou.teikyouseido.mhlw.go.jp/znk-web/juminkanja/S2430/initialize?prefCd=32&kikanCd=3325104400&kikanKbn=3", "url2": null, "内容": "恩田啓歯科医院【3:歯科】島根県松江市東朝日町２０９−７" }, "geometry": { "type": "Point", "coordinates": [ 133.07401, 35.462262 ] } },
{ "type": "Feature", "properties": { "ID": 3233325105090, "正式名称": "蒲池歯科医院", "機関区分": 3, "都道府県コード": 32, "市区町村コード": 201, "所在地": "島根県松江市比津が丘４－２ー２", "緯度": 35.493056, "経度": 133.038858, "url": "https://www.iryou.teikyouseido.mhlw.go.jp/znk-web/juminkanja/S2430/initialize?prefCd=32&kikanCd=3325105090&kikanKbn=3", "url2": null, "内容": "蒲池歯科医院【3:歯科】島根県松江市比津が丘４－２ー２" }, "geometry": { "type": "Point", "coordinates": [ 133.038858, 35.493056 ] } },
{ "type": "Feature", "properties": { "ID": 3233325105120, "正式名称": "医療法人社団　金森歯科医院", "機関区分": 3, "都道府県コード": 32, "市区町村コード": 201, "所在地": "島根県松江市新雑賀町３－１５金森歯科医院", "緯度": 35.460615, "経度": 133.063793, "url": "https://www.iryou.teikyouseido.mhlw.go.jp/znk-web/juminkanja/S2430/initialize?prefCd=32&kikanCd=3325105120&kikanKbn=3", "url2": "http://www.kanamori-shiroiha.com/", "内容": "医療法人社団　金森歯科医院【3:歯科】島根県松江市新雑賀町３－１５金森歯科医院" }, "geometry": { "type": "Point", "coordinates": [ 133.063793, 35.460615 ] } },
{ "type": "Feature", "properties": { "ID": 3233325105960, "正式名称": "高木歯科医院", "機関区分": 3, "都道府県コード": 32, "市区町村コード": 201, "所在地": "島根県松江市東出雲町揖屋１２２８ー３", "緯度": 35.43034, "経度": 133.15077, "url": "https://www.iryou.teikyouseido.mhlw.go.jp/znk-web/juminkanja/S2430/initialize?prefCd=32&kikanCd=3325105960&kikanKbn=3", "url2": null, "内容": "高木歯科医院【3:歯科】島根県松江市東出雲町揖屋１２２８ー３" }, "geometry": { "type": "Point", "coordinates": [ 133.15077, 35.43034 ] } },
{ "type": "Feature", "properties": { "ID": 3233325107010, "正式名称": "一般社団法人　島根県歯科医師会　東部口腔保健センター", "機関区分": 3, "都道府県コード": 32, "市区町村コード": 201, "所在地": "島根県松江市南田町１４１－９", "緯度": 35.473372, "経度": 133.062688, "url": "https://www.iryou.teikyouseido.mhlw.go.jp/znk-web/juminkanja/S2430/initialize?prefCd=32&kikanCd=3325107010&kikanKbn=3", "url2": "http://www.shimane-da.or.jp/", "内容": "一般社団法人　島根県歯科医師会　東部口腔保健センター【3:歯科】島根県松江市南田町１４１－９" }, "geometry": { "type": "Point", "coordinates": [ 133.062688, 35.473372 ] } },
{ "type": "Feature", "properties": { "ID": 3233325107140, "正式名称": "松江市立休日歯科応急診療所", "機関区分": 3, "都道府県コード": 32, "市区町村コード": 201, "所在地": "島根県松江市南田町１４１－９島根県歯科医師会館", "緯度": 35.412828, "経度": 133.095986, "url": "https://www.iryou.teikyouseido.mhlw.go.jp/znk-web/juminkanja/S2430/initialize?prefCd=32&kikanCd=3325107140&kikanKbn=3", "url2": null, "内容": "松江市立休日歯科応急診療所【3:歯科】島根県松江市南田町１４１－９島根県歯科医師会館" }, "geometry": { "type": "Point", "coordinates": [ 133.095986, 35.412828 ] } },
{ "type": "Feature", "properties": { "ID": 3233325107270, "正式名称": "板倉歯科医院", "機関区分": 3, "都道府県コード": 32, "市区町村コード": 201, "所在地": "島根県松江市矢田町３２番地１", "緯度": 35.450307, "経度": 133.103282, "url": "https://www.iryou.teikyouseido.mhlw.go.jp/znk-web/juminkanja/S2430/initialize?prefCd=32&kikanCd=3325107270&kikanKbn=3", "url2": null, "内容": "板倉歯科医院【3:歯科】島根県松江市矢田町３２番地１" }, "geometry": { "type": "Point", "coordinates": [ 133.103282, 35.450307 ] } },
{ "type": "Feature", "properties": { "ID": 3233325107430, "正式名称": "医療法人社団江角歯科医院", "機関区分": 3, "都道府県コード": 32, "市区町村コード": 201, "所在地": "島根県松江市邑生町６６７－２", "緯度": 35.513094, "経度": 133.130027, "url": "https://www.iryou.teikyouseido.mhlw.go.jp/znk-web/juminkanja/S2430/initialize?prefCd=32&kikanCd=3325107430&kikanKbn=3", "url2": null, "内容": "医療法人社団江角歯科医院【3:歯科】島根県松江市邑生町６６７－２" }, "geometry": { "type": "Point", "coordinates": [ 133.130027, 35.513094 ] } },
{ "type": "Feature", "properties": { "ID": 3233325107850, "正式名称": "内田歯科医院", "機関区分": 3, "都道府県コード": 32, "市区町村コード": 201, "所在地": "島根県松江市西川津町６６６ー２", "緯度": 35.485397, "経度": 133.07169, "url": "https://www.iryou.teikyouseido.mhlw.go.jp/znk-web/juminkanja/S2430/initialize?prefCd=32&kikanCd=3325107850&kikanKbn=3", "url2": null, "内容": "内田歯科医院【3:歯科】島根県松江市西川津町６６６ー２" }, "geometry": { "type": "Point", "coordinates": [ 133.07169, 35.485397 ] } },
{ "type": "Feature", "properties": { "ID": 3233325107980, "正式名称": "古賀歯科医院", "機関区分": 3, "都道府県コード": 32, "市区町村コード": 201, "所在地": "島根県松江市浜乃木２－１４－１８", "緯度": 35.447211, "経度": 133.054381, "url": "https://www.iryou.teikyouseido.mhlw.go.jp/znk-web/juminkanja/S2430/initialize?prefCd=32&kikanCd=3325107980&kikanKbn=3", "url2": null, "内容": "古賀歯科医院【3:歯科】島根県松江市浜乃木２－１４－１８" }, "geometry": { "type": "Point", "coordinates": [ 133.054381, 35.447211 ] } },
{ "type": "Feature", "properties": { "ID": 3233325108570, "正式名称": "深田歯科医院", "機関区分": 3, "都道府県コード": 32, "市区町村コード": 201, "所在地": "島根県松江市宍道町宍道３８２", "緯度": 35.41161, "経度": 132.918751, "url": "https://www.iryou.teikyouseido.mhlw.go.jp/znk-web/juminkanja/S2430/initialize?prefCd=32&kikanCd=3325108570&kikanKbn=3", "url2": "fukada-dentalclinic.com", "内容": "深田歯科医院【3:歯科】島根県松江市宍道町宍道３８２" }, "geometry": { "type": "Point", "coordinates": [ 132.918751, 35.41161 ] } },
{ "type": "Feature", "properties": { "ID": 3233325108990, "正式名称": "医療法人松浦歯科医院", "機関区分": 3, "都道府県コード": 32, "市区町村コード": 201, "所在地": "島根県松江市西浜佐陀町３８８", "緯度": 35.476932, "経度": 133.006374, "url": "https://www.iryou.teikyouseido.mhlw.go.jp/znk-web/juminkanja/S2430/initialize?prefCd=32&kikanCd=3325108990&kikanKbn=3", "url2": "https://dent-matsuura.com", "内容": "医療法人松浦歯科医院【3:歯科】島根県松江市西浜佐陀町３８８" }, "geometry": { "type": "Point", "coordinates": [ 133.006374, 35.476932 ] } },
{ "type": "Feature", "properties": { "ID": 3233325109030, "正式名称": "まめなか歯科", "機関区分": 3, "都道府県コード": 32, "市区町村コード": 201, "所在地": "島根県松江市上乃木９丁目１２－２", "緯度": 35.440342, "経度": 133.061536, "url": "https://www.iryou.teikyouseido.mhlw.go.jp/znk-web/juminkanja/S2430/initialize?prefCd=32&kikanCd=3325109030&kikanKbn=3", "url2": null, "内容": "まめなか歯科【3:歯科】島根県松江市上乃木９丁目１２－２" }, "geometry": { "type": "Point", "coordinates": [ 133.061536, 35.440342 ] } },
{ "type": "Feature", "properties": { "ID": 3233325109610, "正式名称": "鹿島歯科診療所", "機関区分": 3, "都道府県コード": 32, "市区町村コード": 201, "所在地": "島根県松江市鹿島町恵曇１番地", "緯度": 35.525843, "経度": 132.978904, "url": "https://www.iryou.teikyouseido.mhlw.go.jp/znk-web/juminkanja/S2430/initialize?prefCd=32&kikanCd=3325109610&kikanKbn=3", "url2": null, "内容": "鹿島歯科診療所【3:歯科】島根県松江市鹿島町恵曇１番地" }, "geometry": { "type": "Point", "coordinates": [ 132.978904, 35.525843 ] } },
{ "type": "Feature", "properties": { "ID": 3233325109740, "正式名称": "井村歯科クリニック", "機関区分": 3, "都道府県コード": 32, "市区町村コード": 201, "所在地": "島根県松江市乃白町４２０－３", "緯度": 35.433572, "経度": 133.049964, "url": "https://www.iryou.teikyouseido.mhlw.go.jp/znk-web/juminkanja/S2430/initialize?prefCd=32&kikanCd=3325109740&kikanKbn=3", "url2": null, "内容": "井村歯科クリニック【3:歯科】島根県松江市乃白町４２０－３" }, "geometry": { "type": "Point", "coordinates": [ 133.049964, 35.433572 ] } },
{ "type": "Feature", "properties": { "ID": 3233325109870, "正式名称": "安部歯科クリニック", "機関区分": 3, "都道府県コード": 32, "市区町村コード": 201, "所在地": "島根県松江市大庭町１０４ー１９", "緯度": 35.425835, "経度": 133.08487, "url": "https://www.iryou.teikyouseido.mhlw.go.jp/znk-web/juminkanja/S2430/initialize?prefCd=32&kikanCd=3325109870&kikanKbn=3", "url2": null, "内容": "安部歯科クリニック【3:歯科】島根県松江市大庭町１０４ー１９" }, "geometry": { "type": "Point", "coordinates": [ 133.08487, 35.425835 ] } },
{ "type": "Feature", "properties": { "ID": 3233325110140, "正式名称": "医療法人井上幸歯科医院", "機関区分": 3, "都道府県コード": 32, "市区町村コード": 201, "所在地": "島根県松江市春日町５７９－３", "緯度": 35.482138, "経度": 133.047402, "url": "https://www.iryou.teikyouseido.mhlw.go.jp/znk-web/juminkanja/S2430/initialize?prefCd=32&kikanCd=3325110140&kikanKbn=3", "url2": null, "内容": "医療法人井上幸歯科医院【3:歯科】島根県松江市春日町５７９－３" }, "geometry": { "type": "Point", "coordinates": [ 133.047402, 35.482138 ] } },
{ "type": "Feature", "properties": { "ID": 3233325110270, "正式名称": "医療法人　多田歯科医院", "機関区分": 3, "都道府県コード": 32, "市区町村コード": 201, "所在地": "島根県松江市東奥谷町２４３－１０", "緯度": 35.48524, "経度": 133.055174, "url": "https://www.iryou.teikyouseido.mhlw.go.jp/znk-web/juminkanja/S2430/initialize?prefCd=32&kikanCd=3325110270&kikanKbn=3", "url2": null, "内容": "医療法人　多田歯科医院【3:歯科】島根県松江市東奥谷町２４３－１０" }, "geometry": { "type": "Point", "coordinates": [ 133.055174, 35.48524 ] } },
{ "type": "Feature", "properties": { "ID": 3233325110430, "正式名称": "医療法人ぐんじ歯科医院", "機関区分": 3, "都道府県コード": 32, "市区町村コード": 201, "所在地": "島根県松江市古志原４－１９－１０", "緯度": 35.443113, "経度": 133.079284, "url": "https://www.iryou.teikyouseido.mhlw.go.jp/znk-web/juminkanja/S2430/initialize?prefCd=32&kikanCd=3325110430&kikanKbn=3", "url2": null, "内容": "医療法人ぐんじ歯科医院【3:歯科】島根県松江市古志原４－１９－１０" }, "geometry": { "type": "Point", "coordinates": [ 133.079284, 35.443113 ] } },
{ "type": "Feature", "properties": { "ID": 3233325110560, "正式名称": "藤井歯科医院", "機関区分": 3, "都道府県コード": 32, "市区町村コード": 201, "所在地": "島根県松江市殿町２４８番地", "緯度": 35.475531, "経度": 133.05419, "url": "https://www.iryou.teikyouseido.mhlw.go.jp/znk-web/juminkanja/S2430/initialize?prefCd=32&kikanCd=3325110560&kikanKbn=3", "url2": null, "内容": "藤井歯科医院【3:歯科】島根県松江市殿町２４８番地" }, "geometry": { "type": "Point", "coordinates": [ 133.05419, 35.475531 ] } },
{ "type": "Feature", "properties": { "ID": 3233325110690, "正式名称": "野波歯科診療所", "機関区分": 3, "都道府県コード": 32, "市区町村コード": 201, "所在地": "島根県松江市島根町野波１２２０番地４", "緯度": 35.578444, "経度": 133.099678, "url": "https://www.iryou.teikyouseido.mhlw.go.jp/znk-web/juminkanja/S2430/initialize?prefCd=32&kikanCd=3325110690&kikanKbn=3", "url2": null, "内容": "野波歯科診療所【3:歯科】島根県松江市島根町野波１２２０番地４" }, "geometry": { "type": "Point", "coordinates": [ 133.099678, 35.578444 ] } },
{ "type": "Feature", "properties": { "ID": 3233325110720, "正式名称": "勝部歯科クリニック", "機関区分": 3, "都道府県コード": 32, "市区町村コード": 201, "所在地": "島根県松江市幸町８２８ー１４", "緯度": 35.458787, "経度": 133.054504, "url": "https://www.iryou.teikyouseido.mhlw.go.jp/znk-web/juminkanja/S2430/initialize?prefCd=32&kikanCd=3325110720&kikanKbn=3", "url2": null, "内容": "勝部歯科クリニック【3:歯科】島根県松江市幸町８２８ー１４" }, "geometry": { "type": "Point", "coordinates": [ 133.054504, 35.458787 ] } },
{ "type": "Feature", "properties": { "ID": 3233325110850, "正式名称": "三原歯科クリニック", "機関区分": 3, "都道府県コード": 32, "市区町村コード": 201, "所在地": "島根県松江市下東川津町２６ー２", "緯度": 35.49673, "経度": 133.08046, "url": "https://www.iryou.teikyouseido.mhlw.go.jp/znk-web/juminkanja/S2430/initialize?prefCd=32&kikanCd=3325110850&kikanKbn=3", "url2": null, "内容": "三原歯科クリニック【3:歯科】島根県松江市下東川津町２６ー２" }, "geometry": { "type": "Point", "coordinates": [ 133.08046, 35.49673 ] } },
{ "type": "Feature", "properties": { "ID": 3233325111310, "正式名称": "医療法人　淡公会　浜田歯科医院", "機関区分": 3, "都道府県コード": 32, "市区町村コード": 201, "所在地": "島根県松江市砂子町２０１－２", "緯度": 35.473217, "経度": 133.043595, "url": "https://www.iryou.teikyouseido.mhlw.go.jp/znk-web/juminkanja/S2430/initialize?prefCd=32&kikanCd=3325111310&kikanKbn=3", "url2": null, "内容": "医療法人　淡公会　浜田歯科医院【3:歯科】島根県松江市砂子町２０１－２" }, "geometry": { "type": "Point", "coordinates": [ 133.043595, 35.473217 ] } },
{ "type": "Feature", "properties": { "ID": 3233325111730, "正式名称": "しらつき歯科医院", "機関区分": 3, "都道府県コード": 32, "市区町村コード": 201, "所在地": "島根県松江市学園１－１６－６３", "緯度": 35.476557, "経度": 133.068181, "url": "https://www.iryou.teikyouseido.mhlw.go.jp/znk-web/juminkanja/S2430/initialize?prefCd=32&kikanCd=3325111730&kikanKbn=3", "url2": null, "内容": "しらつき歯科医院【3:歯科】島根県松江市学園１－１６－６３" }, "geometry": { "type": "Point", "coordinates": [ 133.068181, 35.476557 ] } },
{ "type": "Feature", "properties": { "ID": 3233325111990, "正式名称": "末森歯科医院", "機関区分": 3, "都道府県コード": 32, "市区町村コード": 201, "所在地": "島根県松江市西川津町２６９３－２２", "緯度": 35.482234, "経度": 133.079707, "url": "https://www.iryou.teikyouseido.mhlw.go.jp/znk-web/juminkanja/S2430/initialize?prefCd=32&kikanCd=3325111990&kikanKbn=3", "url2": null, "内容": "末森歯科医院【3:歯科】島根県松江市西川津町２６９３－２２" }, "geometry": { "type": "Point", "coordinates": [ 133.079707, 35.482234 ] } },
{ "type": "Feature", "properties": { "ID": 323332511216, "正式名称": "ライオンデンタルクリニック", "機関区分": 3, "都道府県コード": 32, "市区町村コード": 201, "所在地": "島根県松江市古志原３丁目１８－１５", "緯度": 35.447347, "経度": 133.084306, "url": "https://www.iryou.teikyouseido.mhlw.go.jp/znk-web/juminkanja/S2430/initialize?prefCd=32&kikanCd=332511216&kikanKbn=3", "url2": null, "内容": "ライオンデンタルクリニック【3:歯科】島根県松江市古志原３丁目１８－１５" }, "geometry": { "type": "Point", "coordinates": [ 133.084306, 35.447347 ] } },
{ "type": "Feature", "properties": { "ID": 3233325112160, "正式名称": "ライオンデンタルクリニック", "機関区分": 3, "都道府県コード": 32, "市区町村コード": 201, "所在地": "島根県松江市古志原３丁目１８番１５号", "緯度": 35.447336, "経度": 133.084297, "url": "https://www.iryou.teikyouseido.mhlw.go.jp/znk-web/juminkanja/S2430/initialize?prefCd=32&kikanCd=3325112160&kikanKbn=3", "url2": "www.lion-dental-clinic.net", "内容": "ライオンデンタルクリニック【3:歯科】島根県松江市古志原３丁目１８番１５号" }, "geometry": { "type": "Point", "coordinates": [ 133.084297, 35.447336 ] } },
{ "type": "Feature", "properties": { "ID": 3233325112450, "正式名称": "児島歯科", "機関区分": 3, "都道府県コード": 32, "市区町村コード": 201, "所在地": "島根県松江市島根町大芦２１７６－１", "緯度": 35.553186, "経度": 133.049311, "url": "https://www.iryou.teikyouseido.mhlw.go.jp/znk-web/juminkanja/S2430/initialize?prefCd=32&kikanCd=3325112450&kikanKbn=3", "url2": null, "内容": "児島歯科【3:歯科】島根県松江市島根町大芦２１７６－１" }, "geometry": { "type": "Point", "coordinates": [ 133.049311, 35.553186 ] } },
{ "type": "Feature", "properties": { "ID": 3233325112580, "正式名称": "かなおか歯科医院", "機関区分": 3, "都道府県コード": 32, "市区町村コード": 201, "所在地": "島根県松江市美保関町森山６５０ー３６", "緯度": 35.551291, "経度": 133.22787, "url": "https://www.iryou.teikyouseido.mhlw.go.jp/znk-web/juminkanja/S2430/initialize?prefCd=32&kikanCd=3325112580&kikanKbn=3", "url2": null, "内容": "かなおか歯科医院【3:歯科】島根県松江市美保関町森山６５０ー３６" }, "geometry": { "type": "Point", "coordinates": [ 133.22787, 35.551291 ] } },
{ "type": "Feature", "properties": { "ID": 3233325112610, "正式名称": "なかはた歯科医院", "機関区分": 3, "都道府県コード": 32, "市区町村コード": 201, "所在地": "島根県松江市東本町２丁目５９番地", "緯度": 35.469836, "経度": 133.057517, "url": "https://www.iryou.teikyouseido.mhlw.go.jp/znk-web/juminkanja/S2430/initialize?prefCd=32&kikanCd=3325112610&kikanKbn=3", "url2": null, "内容": "なかはた歯科医院【3:歯科】島根県松江市東本町２丁目５９番地" }, "geometry": { "type": "Point", "coordinates": [ 133.057517, 35.469836 ] } },
{ "type": "Feature", "properties": { "ID": 3233325112740, "正式名称": "松江生協歯科クリニック", "機関区分": 3, "都道府県コード": 32, "市区町村コード": 201, "所在地": "島根県松江市西津田７丁目１４番２１号", "緯度": 35.45507, "経度": 133.067473, "url": "https://www.iryou.teikyouseido.mhlw.go.jp/znk-web/juminkanja/S2430/initialize?prefCd=32&kikanCd=3325112740&kikanKbn=3", "url2": null, "内容": "松江生協歯科クリニック【3:歯科】島根県松江市西津田７丁目１４番２１号" }, "geometry": { "type": "Point", "coordinates": [ 133.067473, 35.45507 ] } },
{ "type": "Feature", "properties": { "ID": 3233325113170, "正式名称": "医療法人吉田歯科クリニック", "機関区分": 3, "都道府県コード": 32, "市区町村コード": 206, "所在地": "島根県安来市飯島町４０９番地１", "緯度": 35.432994, "経度": 133.240297, "url": "https://www.iryou.teikyouseido.mhlw.go.jp/znk-web/juminkanja/S2430/initialize?prefCd=32&kikanCd=3325113170&kikanKbn=3", "url2": null, "内容": "医療法人吉田歯科クリニック【3:歯科】島根県安来市飯島町４０９番地１" }, "geometry": { "type": "Point", "coordinates": [ 133.240297, 35.432994 ] } },
{ "type": "Feature", "properties": { "ID": 3233325113330, "正式名称": "さいとう歯科", "機関区分": 3, "都道府県コード": 32, "市区町村コード": 201, "所在地": "島根県松江市秋鹿町３２０１番地３", "緯度": 35.479744, "経度": 132.954447, "url": "https://www.iryou.teikyouseido.mhlw.go.jp/znk-web/juminkanja/S2430/initialize?prefCd=32&kikanCd=3325113330&kikanKbn=3", "url2": null, "内容": "さいとう歯科【3:歯科】島根県松江市秋鹿町３２０１番地３" }, "geometry": { "type": "Point", "coordinates": [ 132.954447, 35.479744 ] } },
{ "type": "Feature", "properties": { "ID": 3233325113590, "正式名称": "片岡歯科医院", "機関区分": 3, "都道府県コード": 32, "市区町村コード": 201, "所在地": "島根県松江市学園１丁目４－４３", "緯度": 35.478456, "経度": 133.064506, "url": "https://www.iryou.teikyouseido.mhlw.go.jp/znk-web/juminkanja/S2430/initialize?prefCd=32&kikanCd=3325113590&kikanKbn=3", "url2": "https://kataoka-do.com/", "内容": "片岡歯科医院【3:歯科】島根県松江市学園１丁目４－４３" }, "geometry": { "type": "Point", "coordinates": [ 133.064506, 35.478456 ] } },
{ "type": "Feature", "properties": { "ID": 3233325113620, "正式名称": "医療法人社団　吉恵会　吉田歯科医院", "機関区分": 3, "都道府県コード": 32, "市区町村コード": 206, "所在地": "島根県安来市安来町１９０１－１", "緯度": 35.429492, "経度": 133.255559, "url": "https://www.iryou.teikyouseido.mhlw.go.jp/znk-web/juminkanja/S2430/initialize?prefCd=32&kikanCd=3325113620&kikanKbn=3", "url2": "https://www.yoshida-shikaiin.net", "内容": "医療法人社団　吉恵会　吉田歯科医院【3:歯科】島根県安来市安来町１９０１－１" }, "geometry": { "type": "Point", "coordinates": [ 133.255559, 35.429492 ] } },
{ "type": "Feature", "properties": { "ID": 3233325113750, "正式名称": "医療法人にしきしんまち歯科医院", "機関区分": 3, "都道府県コード": 32, "市区町村コード": 201, "所在地": "島根県松江市東出雲町錦新町二丁目３番１号", "緯度": 35.433524, "経度": 133.138926, "url": "https://www.iryou.teikyouseido.mhlw.go.jp/znk-web/juminkanja/S2430/initialize?prefCd=32&kikanCd=3325113750&kikanKbn=3", "url2": null, "内容": "医療法人にしきしんまち歯科医院【3:歯科】島根県松江市東出雲町錦新町二丁目３番１号" }, "geometry": { "type": "Point", "coordinates": [ 133.138926, 35.433524 ] } },
{ "type": "Feature", "properties": { "ID": 3233325113910, "正式名称": "福本歯科医院", "機関区分": 3, "都道府県コード": 32, "市区町村コード": 201, "所在地": "島根県松江市玉湯町湯町１９８１番地１", "緯度": 35.428714, "経度": 133.008206, "url": "https://www.iryou.teikyouseido.mhlw.go.jp/znk-web/juminkanja/S2430/initialize?prefCd=32&kikanCd=3325113910&kikanKbn=3", "url2": null, "内容": "福本歯科医院【3:歯科】島根県松江市玉湯町湯町１９８１番地１" }, "geometry": { "type": "Point", "coordinates": [ 133.008206, 35.428714 ] } },
{ "type": "Feature", "properties": { "ID": 3233325114050, "正式名称": "のつ歯科", "機関区分": 3, "都道府県コード": 32, "市区町村コード": 201, "所在地": "島根県松江市田和山町１４７－４", "緯度": 35.440717, "経度": 133.0548, "url": "https://www.iryou.teikyouseido.mhlw.go.jp/znk-web/juminkanja/S2430/initialize?prefCd=32&kikanCd=3325114050&kikanKbn=3", "url2": null, "内容": "のつ歯科【3:歯科】島根県松江市田和山町１４７－４" }, "geometry": { "type": "Point", "coordinates": [ 133.0548, 35.440717 ] } },
{ "type": "Feature", "properties": { "ID": 3233325114180, "正式名称": "水野歯科クリニック", "機関区分": 3, "都道府県コード": 32, "市区町村コード": 201, "所在地": "島根県松江市殿町３２", "緯度": 35.470417, "経度": 133.052572, "url": "https://www.iryou.teikyouseido.mhlw.go.jp/znk-web/juminkanja/S2430/initialize?prefCd=32&kikanCd=3325114180&kikanKbn=3", "url2": null, "内容": "水野歯科クリニック【3:歯科】島根県松江市殿町３２" }, "geometry": { "type": "Point", "coordinates": [ 133.052572, 35.470417 ] } },
{ "type": "Feature", "properties": { "ID": 3233325114500, "正式名称": "八束歯科クリニック", "機関区分": 3, "都道府県コード": 32, "市区町村コード": 201, "所在地": "島根県松江市八束町波入１５２３－３", "緯度": 35.494267, "経度": 133.170918, "url": "https://www.iryou.teikyouseido.mhlw.go.jp/znk-web/juminkanja/S2430/initialize?prefCd=32&kikanCd=3325114500&kikanKbn=3", "url2": null, "内容": "八束歯科クリニック【3:歯科】島根県松江市八束町波入１５２３－３" }, "geometry": { "type": "Point", "coordinates": [ 133.170918, 35.494267 ] } },
{ "type": "Feature", "properties": { "ID": 3233325114760, "正式名称": "医療法人スマイルライン松本歯科医院", "機関区分": 3, "都道府県コード": 32, "市区町村コード": 201, "所在地": "島根県松江市西川津町４２８２−１", "緯度": 35.479923, "経度": 133.070465, "url": "https://www.iryou.teikyouseido.mhlw.go.jp/znk-web/juminkanja/S2430/initialize?prefCd=32&kikanCd=3325114760&kikanKbn=3", "url2": "www.shiroi-ha.net", "内容": "医療法人スマイルライン松本歯科医院【3:歯科】島根県松江市西川津町４２８２−１" }, "geometry": { "type": "Point", "coordinates": [ 133.070465, 35.479923 ] } },
{ "type": "Feature", "properties": { "ID": 3233325115190, "正式名称": "そのだ歯科クリニック", "機関区分": 3, "都道府県コード": 32, "市区町村コード": 201, "所在地": "島根県松江市乃木福富町３０１－４", "緯度": 35.440176, "経度": 133.044857, "url": "https://www.iryou.teikyouseido.mhlw.go.jp/znk-web/juminkanja/S2430/initialize?prefCd=32&kikanCd=3325115190&kikanKbn=3", "url2": null, "内容": "そのだ歯科クリニック【3:歯科】島根県松江市乃木福富町３０１－４" }, "geometry": { "type": "Point", "coordinates": [ 133.044857, 35.440176 ] } },
{ "type": "Feature", "properties": { "ID": 3233325115220, "正式名称": "しかた矯正・小児・歯科医院", "機関区分": 3, "都道府県コード": 32, "市区町村コード": 201, "所在地": "島根県松江市灘町１−９", "緯度": 35.463566, "経度": 133.053996, "url": "https://www.iryou.teikyouseido.mhlw.go.jp/znk-web/juminkanja/S2430/initialize?prefCd=32&kikanCd=3325115220&kikanKbn=3", "url2": null, "内容": "しかた矯正・小児・歯科医院【3:歯科】島根県松江市灘町１−９" }, "geometry": { "type": "Point", "coordinates": [ 133.053996, 35.463566 ] } },
{ "type": "Feature", "properties": { "ID": 3233325115350, "正式名称": "上田歯科医院", "機関区分": 3, "都道府県コード": 32, "市区町村コード": 201, "所在地": "島根県松江市殿町１０２", "緯度": 35.471371, "経度": 133.052871, "url": "https://www.iryou.teikyouseido.mhlw.go.jp/znk-web/juminkanja/S2430/initialize?prefCd=32&kikanCd=3325115350&kikanKbn=3", "url2": "https://www.shimane-da.or.jp/search/list/desc/?id=1307", "内容": "上田歯科医院【3:歯科】島根県松江市殿町１０２" }, "geometry": { "type": "Point", "coordinates": [ 133.052871, 35.471371 ] } },
{ "type": "Feature", "properties": { "ID": 3233325115480, "正式名称": "くるみ歯科医院", "機関区分": 3, "都道府県コード": 32, "市区町村コード": 201, "所在地": "島根県松江市西尾町１ー１１", "緯度": 35.46959, "経度": 133.08492, "url": "https://www.iryou.teikyouseido.mhlw.go.jp/znk-web/juminkanja/S2430/initialize?prefCd=32&kikanCd=3325115480&kikanKbn=3", "url2": null, "内容": "くるみ歯科医院【3:歯科】島根県松江市西尾町１ー１１" }, "geometry": { "type": "Point", "coordinates": [ 133.08492, 35.46959 ] } },
{ "type": "Feature", "properties": { "ID": 3233325115640, "正式名称": "ワタナベ歯科", "機関区分": 3, "都道府県コード": 32, "市区町村コード": 201, "所在地": "島根県松江市東忌部町６４５－５", "緯度": 35.410686, "経度": 133.038875, "url": "https://www.iryou.teikyouseido.mhlw.go.jp/znk-web/juminkanja/S2430/initialize?prefCd=32&kikanCd=3325115640&kikanKbn=3", "url2": null, "内容": "ワタナベ歯科【3:歯科】島根県松江市東忌部町６４５－５" }, "geometry": { "type": "Point", "coordinates": [ 133.038875, 35.410686 ] } },
{ "type": "Feature", "properties": { "ID": 3233325115770, "正式名称": "あさひな歯科", "機関区分": 3, "都道府県コード": 32, "市区町村コード": 201, "所在地": "島根県松江市東出雲町揖屋２１２０－２", "緯度": 35.427293, "経度": 133.156512, "url": "https://www.iryou.teikyouseido.mhlw.go.jp/znk-web/juminkanja/S2430/initialize?prefCd=32&kikanCd=3325115770&kikanKbn=3", "url2": null, "内容": "あさひな歯科【3:歯科】島根県松江市東出雲町揖屋２１２０－２" }, "geometry": { "type": "Point", "coordinates": [ 133.156512, 35.427293 ] } },
{ "type": "Feature", "properties": { "ID": 3233325115800, "正式名称": "ひとみ歯科", "機関区分": 3, "都道府県コード": 32, "市区町村コード": 201, "所在地": "島根県松江市灘町１３－１", "緯度": 35.464483, "経度": 133.054925, "url": "https://www.iryou.teikyouseido.mhlw.go.jp/znk-web/juminkanja/S2430/initialize?prefCd=32&kikanCd=3325115800&kikanKbn=3", "url2": null, "内容": "ひとみ歯科【3:歯科】島根県松江市灘町１３－１" }, "geometry": { "type": "Point", "coordinates": [ 133.054925, 35.464483 ] } },
{ "type": "Feature", "properties": { "ID": 3233325115930, "正式名称": "みやび歯科", "機関区分": 3, "都道府県コード": 32, "市区町村コード": 201, "所在地": "島根県松江市東朝日町１３３ー４マルカビル２Ｆ", "緯度": 35.46524, "経度": 133.065373, "url": "https://www.iryou.teikyouseido.mhlw.go.jp/znk-web/juminkanja/S2430/initialize?prefCd=32&kikanCd=3325115930&kikanKbn=3", "url2": null, "内容": "みやび歯科【3:歯科】島根県松江市東朝日町１３３ー４マルカビル２Ｆ" }, "geometry": { "type": "Point", "coordinates": [ 133.065373, 35.46524 ] } },
{ "type": "Feature", "properties": { "ID": 3233325116070, "正式名称": "神庭歯科医院", "機関区分": 3, "都道府県コード": 32, "市区町村コード": 201, "所在地": "島根県松江市上乃木７－６ー５", "緯度": 35.445785, "経度": 133.071752, "url": "https://www.iryou.teikyouseido.mhlw.go.jp/znk-web/juminkanja/S2430/initialize?prefCd=32&kikanCd=3325116070&kikanKbn=3", "url2": "https://kamba.ci2.jp", "内容": "神庭歯科医院【3:歯科】島根県松江市上乃木７－６ー５" }, "geometry": { "type": "Point", "coordinates": [ 133.071752, 35.445785 ] } },
{ "type": "Feature", "properties": { "ID": 3233325116230, "正式名称": "吉川歯科クリニック", "機関区分": 3, "都道府県コード": 32, "市区町村コード": 201, "所在地": "島根県松江市古志原２ー２２ー３２", "緯度": 35.44455, "経度": 133.083233, "url": "https://www.iryou.teikyouseido.mhlw.go.jp/znk-web/juminkanja/S2430/initialize?prefCd=32&kikanCd=3325116230&kikanKbn=3", "url2": "https://www.yoshikawashika-cl.com", "内容": "吉川歯科クリニック【3:歯科】島根県松江市古志原２ー２２ー３２" }, "geometry": { "type": "Point", "coordinates": [ 133.083233, 35.44455 ] } },
{ "type": "Feature", "properties": { "ID": 3233325116360, "正式名称": "清水歯科", "機関区分": 3, "都道府県コード": 32, "市区町村コード": 201, "所在地": "島根県松江市嫁島町１５−２０", "緯度": 35.451662, "経度": 133.049503, "url": "https://www.iryou.teikyouseido.mhlw.go.jp/znk-web/juminkanja/S2430/initialize?prefCd=32&kikanCd=3325116360&kikanKbn=3", "url2": null, "内容": "清水歯科【3:歯科】島根県松江市嫁島町１５−２０" }, "geometry": { "type": "Point", "coordinates": [ 133.049503, 35.451662 ] } },
{ "type": "Feature", "properties": { "ID": 3233325116490, "正式名称": "ひらもと歯科", "機関区分": 3, "都道府県コード": 32, "市区町村コード": 201, "所在地": "島根県松江市上乃木４－２０－２３", "緯度": 35.444723, "経度": 133.064881, "url": "https://www.iryou.teikyouseido.mhlw.go.jp/znk-web/juminkanja/S2430/initialize?prefCd=32&kikanCd=3325116490&kikanKbn=3", "url2": null, "内容": "ひらもと歯科【3:歯科】島根県松江市上乃木４－２０－２３" }, "geometry": { "type": "Point", "coordinates": [ 133.064881, 35.444723 ] } },
{ "type": "Feature", "properties": { "ID": 3233325116650, "正式名称": "たけ歯科クリニック", "機関区分": 3, "都道府県コード": 32, "市区町村コード": 201, "所在地": "島根県松江市学園南２丁目３－４４たけ歯科クリニック", "緯度": 35.473944, "経度": 133.066516, "url": "https://www.iryou.teikyouseido.mhlw.go.jp/znk-web/juminkanja/S2430/initialize?prefCd=32&kikanCd=3325116650&kikanKbn=3", "url2": "http://www.takeshika.net/", "内容": "たけ歯科クリニック【3:歯科】島根県松江市学園南２丁目３－４４たけ歯科クリニック" }, "geometry": { "type": "Point", "coordinates": [ 133.066516, 35.473944 ] } },
{ "type": "Feature", "properties": { "ID": 3233325116780, "正式名称": "山本歯科クリニック", "機関区分": 3, "都道府県コード": 32, "市区町村コード": 201, "所在地": "島根県松江市南田町９３番地４", "緯度": 35.470919, "経度": 133.060033, "url": "https://www.iryou.teikyouseido.mhlw.go.jp/znk-web/juminkanja/S2430/initialize?prefCd=32&kikanCd=3325116780&kikanKbn=3", "url2": "https://yamamoto118.jp", "内容": "山本歯科クリニック【3:歯科】島根県松江市南田町９３番地４" }, "geometry": { "type": "Point", "coordinates": [ 133.060033, 35.470919 ] } },
{ "type": "Feature", "properties": { "ID": 3233325116810, "正式名称": "としひろ歯科", "機関区分": 3, "都道府県コード": 32, "市区町村コード": 201, "所在地": "島根県松江市東出雲町揖屋２２２７−１", "緯度": 35.43034, "経度": 133.15077, "url": "https://www.iryou.teikyouseido.mhlw.go.jp/znk-web/juminkanja/S2430/initialize?prefCd=32&kikanCd=3325116810&kikanKbn=3", "url2": null, "内容": "としひろ歯科【3:歯科】島根県松江市東出雲町揖屋２２２７−１" }, "geometry": { "type": "Point", "coordinates": [ 133.15077, 35.43034 ] } },
{ "type": "Feature", "properties": { "ID": 3233325116940, "正式名称": "医療法人社団　えみ歯科クリニック", "機関区分": 3, "都道府県コード": 32, "市区町村コード": 201, "所在地": "島根県松江市大庭町１８１３－５", "緯度": 35.438661, "経度": 133.085125, "url": "https://www.iryou.teikyouseido.mhlw.go.jp/znk-web/juminkanja/S2430/initialize?prefCd=32&kikanCd=3325116940&kikanKbn=3", "url2": null, "内容": "医療法人社団　えみ歯科クリニック【3:歯科】島根県松江市大庭町１８１３－５" }, "geometry": { "type": "Point", "coordinates": [ 133.085125, 35.438661 ] } },
{ "type": "Feature", "properties": { "ID": 3233325117080, "正式名称": "けやき通り歯科クリニック", "機関区分": 3, "都道府県コード": 32, "市区町村コード": 201, "所在地": "島根県松江市浜乃木６－１－３６", "緯度": 35.442019, "経度": 133.056358, "url": "https://www.iryou.teikyouseido.mhlw.go.jp/znk-web/juminkanja/S2430/initialize?prefCd=32&kikanCd=3325117080&kikanKbn=3", "url2": "https://keyakidori-dental.com/", "内容": "けやき通り歯科クリニック【3:歯科】島根県松江市浜乃木６－１－３６" }, "geometry": { "type": "Point", "coordinates": [ 133.056358, 35.442019 ] } },
{ "type": "Feature", "properties": { "ID": 3233325117240, "正式名称": "いしいデンタルクリニック", "機関区分": 3, "都道府県コード": 32, "市区町村コード": 201, "所在地": "島根県松江市大庭町１８０２－３", "緯度": 35.436367, "経度": 133.084761, "url": "https://www.iryou.teikyouseido.mhlw.go.jp/znk-web/juminkanja/S2430/initialize?prefCd=32&kikanCd=3325117240&kikanKbn=3", "url2": "https://www.tsuwabuki.or.jp/dental/", "内容": "いしいデンタルクリニック【3:歯科】島根県松江市大庭町１８０２－３" }, "geometry": { "type": "Point", "coordinates": [ 133.084761, 35.436367 ] } },
{ "type": "Feature", "properties": { "ID": 3233325117400, "正式名称": "医療法人スマイルライン　りゅう矯正歯科クリニック", "機関区分": 3, "都道府県コード": 32, "市区町村コード": 201, "所在地": "島根県松江市西川津町４２８２－１", "緯度": 35.479923, "経度": 133.070465, "url": "https://www.iryou.teikyouseido.mhlw.go.jp/znk-web/juminkanja/S2430/initialize?prefCd=32&kikanCd=3325117400&kikanKbn=3", "url2": "https://hanarabi.co.jp", "内容": "医療法人スマイルライン　りゅう矯正歯科クリニック【3:歯科】島根県松江市西川津町４２８２－１" }, "geometry": { "type": "Point", "coordinates": [ 133.070465, 35.479923 ] } },
{ "type": "Feature", "properties": { "ID": 3233325117530, "正式名称": "医療法人スマイル・クリエイションなかもと歯科・矯正歯科", "機関区分": 3, "都道府県コード": 32, "市区町村コード": 201, "所在地": "島根県松江市竹矢町１７６１", "緯度": 35.437038, "経度": 133.121635, "url": "https://www.iryou.teikyouseido.mhlw.go.jp/znk-web/juminkanja/S2430/initialize?prefCd=32&kikanCd=3325117530&kikanKbn=3", "url2": null, "内容": "医療法人スマイル・クリエイションなかもと歯科・矯正歯科【3:歯科】島根県松江市竹矢町１７６１" }, "geometry": { "type": "Point", "coordinates": [ 133.121635, 35.437038 ] } },
{ "type": "Feature", "properties": { "ID": 3233325201080, "正式名称": "高橋歯科医院", "機関区分": 3, "都道府県コード": 32, "市区町村コード": 206, "所在地": "島根県安来市広瀬町広瀬８８４－１", "緯度": 35.366116, "経度": 133.174348, "url": "https://www.iryou.teikyouseido.mhlw.go.jp/znk-web/juminkanja/S2430/initialize?prefCd=32&kikanCd=3325201080&kikanKbn=3", "url2": null, "内容": "高橋歯科医院【3:歯科】島根県安来市広瀬町広瀬８８４－１" }, "geometry": { "type": "Point", "coordinates": [ 133.174348, 35.366116 ] } },
{ "type": "Feature", "properties": { "ID": 3233325201530, "正式名称": "医療法人社団清永会長谷川歯科診療所", "機関区分": 3, "都道府県コード": 32, "市区町村コード": 206, "所在地": "島根県安来市南十神町２７", "緯度": 35.430267, "経度": 133.261783, "url": "https://www.iryou.teikyouseido.mhlw.go.jp/znk-web/juminkanja/S2430/initialize?prefCd=32&kikanCd=3325201530&kikanKbn=3", "url2": null, "内容": "医療法人社団清永会長谷川歯科診療所【3:歯科】島根県安来市南十神町２７" }, "geometry": { "type": "Point", "coordinates": [ 133.261783, 35.430267 ] } },
{ "type": "Feature", "properties": { "ID": 3233325201660, "正式名称": "医療法人島田歯科クリニック", "機関区分": 3, "都道府県コード": 32, "市区町村コード": 206, "所在地": "島根県安来市安来町１２２５－１", "緯度": 35.424104, "経度": 133.24684, "url": "https://www.iryou.teikyouseido.mhlw.go.jp/znk-web/juminkanja/S2430/initialize?prefCd=32&kikanCd=3325201660&kikanKbn=3", "url2": null, "内容": "医療法人島田歯科クリニック【3:歯科】島根県安来市安来町１２２５－１" }, "geometry": { "type": "Point", "coordinates": [ 133.24684, 35.424104 ] } },
{ "type": "Feature", "properties": { "ID": 3233325201820, "正式名称": "ベル歯科医院", "機関区分": 3, "都道府県コード": 32, "市区町村コード": 206, "所在地": "島根県安来市伯太町安田１６８７－１ベル歯科医院", "緯度": 35.371973, "経度": 133.274398, "url": "https://www.iryou.teikyouseido.mhlw.go.jp/znk-web/juminkanja/S2430/initialize?prefCd=32&kikanCd=3325201820&kikanKbn=3", "url2": "http://www.chukai.ne.jp/~bell_/index.htm", "内容": "ベル歯科医院【3:歯科】島根県安来市伯太町安田１６８７－１ベル歯科医院" }, "geometry": { "type": "Point", "coordinates": [ 133.274398, 35.371973 ] } },
{ "type": "Feature", "properties": { "ID": 3233325202090, "正式名称": "医療法人社団公正会長谷川歯科医院", "機関区分": 3, "都道府県コード": 32, "市区町村コード": 206, "所在地": "島根県安来市安来町１１３０－１１", "緯度": 35.430231, "経度": 133.252469, "url": "https://www.iryou.teikyouseido.mhlw.go.jp/znk-web/juminkanja/S2430/initialize?prefCd=32&kikanCd=3325202090&kikanKbn=3", "url2": null, "内容": "医療法人社団公正会長谷川歯科医院【3:歯科】島根県安来市安来町１１３０－１１" }, "geometry": { "type": "Point", "coordinates": [ 133.252469, 35.430231 ] } },
{ "type": "Feature", "properties": { "ID": 3233325301140, "正式名称": "医療法人　円明会　井上歯科医院", "機関区分": 3, "都道府県コード": 32, "市区町村コード": 209, "所在地": "島根県雲南市木次町里方１０１３番地１", "緯度": 35.307846, "経度": 132.903351, "url": "https://www.iryou.teikyouseido.mhlw.go.jp/znk-web/juminkanja/S2430/initialize?prefCd=32&kikanCd=3325301140&kikanKbn=3", "url2": "http://inouedental.net", "内容": "医療法人　円明会　井上歯科医院【3:歯科】島根県雲南市木次町里方１０１３番地１" }, "geometry": { "type": "Point", "coordinates": [ 132.903351, 35.307846 ] } },
{ "type": "Feature", "properties": { "ID": 3233325301300, "正式名称": "医療法人社団　足立歯科", "機関区分": 3, "都道府県コード": 32, "市区町村コード": 209, "所在地": "島根県雲南市三刀屋町三刀屋１０６６番地２", "緯度": 35.288182, "経度": 132.871615, "url": "https://www.iryou.teikyouseido.mhlw.go.jp/znk-web/juminkanja/S2430/initialize?prefCd=32&kikanCd=3325301300&kikanKbn=3", "url2": null, "内容": "医療法人社団　足立歯科【3:歯科】島根県雲南市三刀屋町三刀屋１０６６番地２" }, "geometry": { "type": "Point", "coordinates": [ 132.871615, 35.288182 ] } },
{ "type": "Feature", "properties": { "ID": 3233325301690, "正式名称": "医療法人有愛会落合歯科医院吉田分院", "機関区分": 3, "都道府県コード": 32, "市区町村コード": 209, "所在地": "島根県雲南市吉田町吉田２５４１番地", "緯度": 35.153385, "経度": 132.873532, "url": "https://www.iryou.teikyouseido.mhlw.go.jp/znk-web/juminkanja/S2430/initialize?prefCd=32&kikanCd=3325301690&kikanKbn=3", "url2": null, "内容": "医療法人有愛会落合歯科医院吉田分院【3:歯科】島根県雲南市吉田町吉田２５４１番地" }, "geometry": { "type": "Point", "coordinates": [ 132.873532, 35.153385 ] } },
{ "type": "Feature", "properties": { "ID": 3233325302280, "正式名称": "医療法人社団上代歯科", "機関区分": 3, "都道府県コード": 32, "市区町村コード": 209, "所在地": "島根県雲南市三刀屋町三刀屋１０６１", "緯度": 35.287539, "経度": 132.8709, "url": "https://www.iryou.teikyouseido.mhlw.go.jp/znk-web/juminkanja/S2430/initialize?prefCd=32&kikanCd=3325302280&kikanKbn=3", "url2": null, "内容": "医療法人社団上代歯科【3:歯科】島根県雲南市三刀屋町三刀屋１０６１" }, "geometry": { "type": "Point", "coordinates": [ 132.8709, 35.287539 ] } },
{ "type": "Feature", "properties": { "ID": 3233325302310, "正式名称": "医療法人緑国会山本歯科医院", "機関区分": 3, "都道府県コード": 32, "市区町村コード": 209, "所在地": "島根県雲南市加茂町加茂中１０６１－１", "緯度": 35.345292, "経度": 132.910136, "url": "https://www.iryou.teikyouseido.mhlw.go.jp/znk-web/juminkanja/S2430/initialize?prefCd=32&kikanCd=3325302310&kikanKbn=3", "url2": null, "内容": "医療法人緑国会山本歯科医院【3:歯科】島根県雲南市加茂町加茂中１０６１－１" }, "geometry": { "type": "Point", "coordinates": [ 132.910136, 35.345292 ] } },
{ "type": "Feature", "properties": { "ID": 3233325302570, "正式名称": "医療法人円孝会磯遊歯科医院", "機関区分": 3, "都道府県コード": 32, "市区町村コード": 209, "所在地": "島根県雲南市大東町南村２０２－５", "緯度": 35.3369, "経度": 133.021394, "url": "https://www.iryou.teikyouseido.mhlw.go.jp/znk-web/juminkanja/S2430/initialize?prefCd=32&kikanCd=3325302570&kikanKbn=3", "url2": null, "内容": "医療法人円孝会磯遊歯科医院【3:歯科】島根県雲南市大東町南村２０２－５" }, "geometry": { "type": "Point", "coordinates": [ 133.021394, 35.3369 ] } },
{ "type": "Feature", "properties": { "ID": 3233325302730, "正式名称": "医療法人慈弘会高松歯科医院", "機関区分": 3, "都道府県コード": 32, "市区町村コード": 343, "所在地": "島根県仁多郡奥出雲町横田７４６－１", "緯度": 35.178633, "経度": 133.08941, "url": "https://www.iryou.teikyouseido.mhlw.go.jp/znk-web/juminkanja/S2430/initialize?prefCd=32&kikanCd=3325302730&kikanKbn=3", "url2": null, "内容": "医療法人慈弘会高松歯科医院【3:歯科】島根県仁多郡奥出雲町横田７４６－１" }, "geometry": { "type": "Point", "coordinates": [ 133.08941, 35.178633 ] } },
{ "type": "Feature", "properties": { "ID": 3233325302860, "正式名称": "医療法人有愛会落合歯科医院", "機関区分": 3, "都道府県コード": 32, "市区町村コード": 209, "所在地": "島根県雲南市掛合町掛合２１５０番地１０", "緯度": 35.201255, "経度": 132.814581, "url": "https://www.iryou.teikyouseido.mhlw.go.jp/znk-web/juminkanja/S2430/initialize?prefCd=32&kikanCd=3325302860&kikanKbn=3", "url2": null, "内容": "医療法人有愛会落合歯科医院【3:歯科】島根県雲南市掛合町掛合２１５０番地１０" }, "geometry": { "type": "Point", "coordinates": [ 132.814581, 35.201255 ] } },
{ "type": "Feature", "properties": { "ID": 3233325302990, "正式名称": "だいさ歯科医院", "機関区分": 3, "都道府県コード": 32, "市区町村コード": 209, "所在地": "島根県雲南市三刀屋町三刀屋６８－２", "緯度": 35.298714, "経度": 132.889742, "url": "https://www.iryou.teikyouseido.mhlw.go.jp/znk-web/juminkanja/S2430/initialize?prefCd=32&kikanCd=3325302990&kikanKbn=3", "url2": null, "内容": "だいさ歯科医院【3:歯科】島根県雲南市三刀屋町三刀屋６８－２" }, "geometry": { "type": "Point", "coordinates": [ 132.889742, 35.298714 ] } },
{ "type": "Feature", "properties": { "ID": 3233325303160, "正式名称": "さくら歯科クリニック", "機関区分": 3, "都道府県コード": 32, "市区町村コード": 209, "所在地": "島根県雲南市木次町新市２９", "緯度": 35.288983, "経度": 132.898149, "url": "https://www.iryou.teikyouseido.mhlw.go.jp/znk-web/juminkanja/S2430/initialize?prefCd=32&kikanCd=3325303160&kikanKbn=3", "url2": null, "内容": "さくら歯科クリニック【3:歯科】島根県雲南市木次町新市２９" }, "geometry": { "type": "Point", "coordinates": [ 132.898149, 35.288983 ] } },
{ "type": "Feature", "properties": { "ID": 3233325303290, "正式名称": "ふくま歯科医院", "機関区分": 3, "都道府県コード": 32, "市区町村コード": 386, "所在地": "島根県飯石郡飯南町佐見７６８－８", "緯度": 35.060841, "経度": 132.755722, "url": "https://www.iryou.teikyouseido.mhlw.go.jp/znk-web/juminkanja/S2430/initialize?prefCd=32&kikanCd=3325303290&kikanKbn=3", "url2": null, "内容": "ふくま歯科医院【3:歯科】島根県飯石郡飯南町佐見７６８－８" }, "geometry": { "type": "Point", "coordinates": [ 132.755722, 35.060841 ] } },
{ "type": "Feature", "properties": { "ID": 3233325303580, "正式名称": "青木歯科医院", "機関区分": 3, "都道府県コード": 32, "市区町村コード": 209, "所在地": "島根県雲南市加茂町加茂中８５５－１", "緯度": 35.346997, "経度": 132.905781, "url": "https://www.iryou.teikyouseido.mhlw.go.jp/znk-web/juminkanja/S2430/initialize?prefCd=32&kikanCd=3325303580&kikanKbn=3", "url2": null, "内容": "青木歯科医院【3:歯科】島根県雲南市加茂町加茂中８５５－１" }, "geometry": { "type": "Point", "coordinates": [ 132.905781, 35.346997 ] } },
{ "type": "Feature", "properties": { "ID": 3233325303610, "正式名称": "秦野歯科医院", "機関区分": 3, "都道府県コード": 32, "市区町村コード": 209, "所在地": "島根県雲南市木次町下熊谷１５４１番地１", "緯度": 35.300056, "経度": 132.893912, "url": "https://www.iryou.teikyouseido.mhlw.go.jp/znk-web/juminkanja/S2430/initialize?prefCd=32&kikanCd=3325303610&kikanKbn=3", "url2": null, "内容": "秦野歯科医院【3:歯科】島根県雲南市木次町下熊谷１５４１番地１" }, "geometry": { "type": "Point", "coordinates": [ 132.893912, 35.300056 ] } },
{ "type": "Feature", "properties": { "ID": 3233325303870, "正式名称": "医療法人ドレミ歯科医院", "機関区分": 3, "都道府県コード": 32, "市区町村コード": 209, "所在地": "島根県雲南市大東町飯田７８５番地１", "緯度": 35.325281, "経度": 132.961722, "url": "https://www.iryou.teikyouseido.mhlw.go.jp/znk-web/juminkanja/S2430/initialize?prefCd=32&kikanCd=3325303870&kikanKbn=3", "url2": null, "内容": "医療法人ドレミ歯科医院【3:歯科】島根県雲南市大東町飯田７８５番地１" }, "geometry": { "type": "Point", "coordinates": [ 132.961722, 35.325281 ] } },
{ "type": "Feature", "properties": { "ID": 3233325304200, "正式名称": "奥出雲歯科", "機関区分": 3, "都道府県コード": 32, "市区町村コード": 343, "所在地": "島根県仁多郡奥出雲町三成１６２２－１", "緯度": 35.196376, "経度": 132.997058, "url": "https://www.iryou.teikyouseido.mhlw.go.jp/znk-web/juminkanja/S2430/initialize?prefCd=32&kikanCd=3325304200&kikanKbn=3", "url2": null, "内容": "奥出雲歯科【3:歯科】島根県仁多郡奥出雲町三成１６２２－１" }, "geometry": { "type": "Point", "coordinates": [ 132.997058, 35.196376 ] } },
{ "type": "Feature", "properties": { "ID": 3233325304330, "正式名称": "もりわき歯科", "機関区分": 3, "都道府県コード": 32, "市区町村コード": 209, "所在地": "島根県雲南市木次町木次７８０番地２６", "緯度": 35.285394, "経度": 132.910069, "url": "https://www.iryou.teikyouseido.mhlw.go.jp/znk-web/juminkanja/S2430/initialize?prefCd=32&kikanCd=3325304330&kikanKbn=3", "url2": null, "内容": "もりわき歯科【3:歯科】島根県雲南市木次町木次７８０番地２６" }, "geometry": { "type": "Point", "coordinates": [ 132.910069, 35.285394 ] } },
{ "type": "Feature", "properties": { "ID": 3233325401040, "正式名称": "ふじえ歯科医院", "機関区分": 3, "都道府県コード": 32, "市区町村コード": 203, "所在地": "島根県出雲市大津新崎町５－７４", "緯度": 35.366984, "経度": 132.770676, "url": "https://www.iryou.teikyouseido.mhlw.go.jp/znk-web/juminkanja/S2430/initialize?prefCd=32&kikanCd=3325401040&kikanKbn=3", "url2": null, "内容": "ふじえ歯科医院【3:歯科】島根県出雲市大津新崎町５－７４" }, "geometry": { "type": "Point", "coordinates": [ 132.770676, 35.366984 ] } },
{ "type": "Feature", "properties": { "ID": 3233325401170, "正式名称": "医療法人社団藤成会ふじえ歯科・矯正歯科・クリニック", "機関区分": 3, "都道府県コード": 32, "市区町村コード": 203, "所在地": "島根県出雲市松寄下町７１３", "緯度": 35.361869, "経度": 132.720078, "url": "https://www.iryou.teikyouseido.mhlw.go.jp/znk-web/juminkanja/S2430/initialize?prefCd=32&kikanCd=3325401170&kikanKbn=3", "url2": null, "内容": "医療法人社団藤成会ふじえ歯科・矯正歯科・クリニック【3:歯科】島根県出雲市松寄下町７１３" }, "geometry": { "type": "Point", "coordinates": [ 132.720078, 35.361869 ] } },
{ "type": "Feature", "properties": { "ID": 3233325402180, "正式名称": "田中歯科医院", "機関区分": 3, "都道府県コード": 32, "市区町村コード": 203, "所在地": "島根県出雲市大津町６２６", "緯度": 35.369678, "経度": 132.774912, "url": "https://www.iryou.teikyouseido.mhlw.go.jp/znk-web/juminkanja/S2430/initialize?prefCd=32&kikanCd=3325402180&kikanKbn=3", "url2": null, "内容": "田中歯科医院【3:歯科】島根県出雲市大津町６２６" }, "geometry": { "type": "Point", "coordinates": [ 132.774912, 35.369678 ] } },
{ "type": "Feature", "properties": { "ID": 3233325402340, "正式名称": "医療法人　塩冶川田歯科医院", "機関区分": 3, "都道府県コード": 32, "市区町村コード": 203, "所在地": "島根県出雲市塩冶町７６６－５", "緯度": 35.353397, "経度": 132.749577, "url": "https://www.iryou.teikyouseido.mhlw.go.jp/znk-web/juminkanja/S2430/initialize?prefCd=32&kikanCd=3325402340&kikanKbn=3", "url2": null, "内容": "医療法人　塩冶川田歯科医院【3:歯科】島根県出雲市塩冶町７６６－５" }, "geometry": { "type": "Point", "coordinates": [ 132.749577, 35.353397 ] } },
{ "type": "Feature", "properties": { "ID": 3233325402470, "正式名称": "オガワ歯科医院", "機関区分": 3, "都道府県コード": 32, "市区町村コード": 203, "所在地": "島根県出雲市今市町８４２－４０", "緯度": 35.364449, "経度": 132.752098, "url": "https://www.iryou.teikyouseido.mhlw.go.jp/znk-web/juminkanja/S2430/initialize?prefCd=32&kikanCd=3325402470&kikanKbn=3", "url2": null, "内容": "オガワ歯科医院【3:歯科】島根県出雲市今市町８４２－４０" }, "geometry": { "type": "Point", "coordinates": [ 132.752098, 35.364449 ] } },
{ "type": "Feature", "properties": { "ID": 3233325402500, "正式名称": "歯科恒松医院", "機関区分": 3, "都道府県コード": 32, "市区町村コード": 203, "所在地": "島根県出雲市今市町北本町４－４－９", "緯度": 35.370006, "経度": 132.761303, "url": "https://www.iryou.teikyouseido.mhlw.go.jp/znk-web/juminkanja/S2430/initialize?prefCd=32&kikanCd=3325402500&kikanKbn=3", "url2": null, "内容": "歯科恒松医院【3:歯科】島根県出雲市今市町北本町４－４－９" }, "geometry": { "type": "Point", "coordinates": [ 132.761303, 35.370006 ] } },
{ "type": "Feature", "properties": { "ID": 3233325402890, "正式名称": "医療法人歯科恒松医院", "機関区分": 3, "都道府県コード": 32, "市区町村コード": 203, "所在地": "島根県出雲市平田町２２６０－３３", "緯度": 35.433939, "経度": 132.823697, "url": "https://www.iryou.teikyouseido.mhlw.go.jp/znk-web/juminkanja/S2430/initialize?prefCd=32&kikanCd=3325402890&kikanKbn=3", "url2": "https://www.tsunematsu-dental.net/", "内容": "医療法人歯科恒松医院【3:歯科】島根県出雲市平田町２２６０－３３" }, "geometry": { "type": "Point", "coordinates": [ 132.823697, 35.433939 ] } },
{ "type": "Feature", "properties": { "ID": 3233325403220, "正式名称": "原歯科医院", "機関区分": 3, "都道府県コード": 32, "市区町村コード": 203, "所在地": "島根県出雲市斐川町学頭６９３－２原歯科医院", "緯度": 35.393525, "経度": 132.865272, "url": "https://www.iryou.teikyouseido.mhlw.go.jp/znk-web/juminkanja/S2430/initialize?prefCd=32&kikanCd=3325403220&kikanKbn=3", "url2": null, "内容": "原歯科医院【3:歯科】島根県出雲市斐川町学頭６９３－２原歯科医院" }, "geometry": { "type": "Point", "coordinates": [ 132.865272, 35.393525 ] } },
{ "type": "Feature", "properties": { "ID": 3233325403350, "正式名称": "井原歯科医院", "機関区分": 3, "都道府県コード": 32, "市区町村コード": 203, "所在地": "島根県出雲市斐川町荘原２８５５－２", "緯度": 35.398528, "経度": 132.858439, "url": "https://www.iryou.teikyouseido.mhlw.go.jp/znk-web/juminkanja/S2430/initialize?prefCd=32&kikanCd=3325403350&kikanKbn=3", "url2": null, "内容": "井原歯科医院【3:歯科】島根県出雲市斐川町荘原２８５５－２" }, "geometry": { "type": "Point", "coordinates": [ 132.858439, 35.398528 ] } },
{ "type": "Feature", "properties": { "ID": 3233325403480, "正式名称": "医療法人円明会　直江歯科診療所", "機関区分": 3, "都道府県コード": 32, "市区町村コード": 203, "所在地": "島根県出雲市斐川町上直江９７８－２", "緯度": 35.384677, "経度": 132.807061, "url": "https://www.iryou.teikyouseido.mhlw.go.jp/znk-web/juminkanja/S2430/initialize?prefCd=32&kikanCd=3325403480&kikanKbn=3", "url2": null, "内容": "医療法人円明会　直江歯科診療所【3:歯科】島根県出雲市斐川町上直江９７８－２" }, "geometry": { "type": "Point", "coordinates": [ 132.807061, 35.384677 ] } },
{ "type": "Feature", "properties": { "ID": 3233325403930, "正式名称": "小池歯科医院", "機関区分": 3, "都道府県コード": 32, "市区町村コード": 203, "所在地": "島根県出雲市大社町杵築南８６４－１", "緯度": 35.394459, "経度": 132.686282, "url": "https://www.iryou.teikyouseido.mhlw.go.jp/znk-web/juminkanja/S2430/initialize?prefCd=32&kikanCd=3325403930&kikanKbn=3", "url2": null, "内容": "小池歯科医院【3:歯科】島根県出雲市大社町杵築南８６４－１" }, "geometry": { "type": "Point", "coordinates": [ 132.686282, 35.394459 ] } },
{ "type": "Feature", "properties": { "ID": 3233325404100, "正式名称": "高橋歯科医院", "機関区分": 3, "都道府県コード": 32, "市区町村コード": 203, "所在地": "島根県出雲市大社町杵築東３９９", "緯度": 35.397247, "経度": 132.683325, "url": "https://www.iryou.teikyouseido.mhlw.go.jp/znk-web/juminkanja/S2430/initialize?prefCd=32&kikanCd=3325404100&kikanKbn=3", "url2": null, "内容": "高橋歯科医院【3:歯科】島根県出雲市大社町杵築東３９９" }, "geometry": { "type": "Point", "coordinates": [ 132.683325, 35.397247 ] } },
{ "type": "Feature", "properties": { "ID": 3233325404780, "正式名称": "医療法人中澤歯科医院", "機関区分": 3, "都道府県コード": 32, "市区町村コード": 203, "所在地": "島根県出雲市大塚町７８２－４", "緯度": 35.377513, "経度": 132.752308, "url": "https://www.iryou.teikyouseido.mhlw.go.jp/znk-web/juminkanja/S2430/initialize?prefCd=32&kikanCd=3325404780&kikanKbn=3", "url2": null, "内容": "医療法人中澤歯科医院【3:歯科】島根県出雲市大塚町７８２－４" }, "geometry": { "type": "Point", "coordinates": [ 132.752308, 35.377513 ] } },
{ "type": "Feature", "properties": { "ID": 3233325404810, "正式名称": "郷原歯科医院", "機関区分": 3, "都道府県コード": 32, "市区町村コード": 203, "所在地": "島根県出雲市平田町５３４５－２", "緯度": 35.448894, "経度": 132.851034, "url": "https://www.iryou.teikyouseido.mhlw.go.jp/znk-web/juminkanja/S2430/initialize?prefCd=32&kikanCd=3325404810&kikanKbn=3", "url2": null, "内容": "郷原歯科医院【3:歯科】島根県出雲市平田町５３４５－２" }, "geometry": { "type": "Point", "coordinates": [ 132.851034, 35.448894 ] } },
{ "type": "Feature", "properties": { "ID": 3233325404940, "正式名称": "さいとう歯科医院", "機関区分": 3, "都道府県コード": 32, "市区町村コード": 203, "所在地": "島根県出雲市塩冶神前６丁目４−９", "緯度": 35.34707, "経度": 132.758368, "url": "https://www.iryou.teikyouseido.mhlw.go.jp/znk-web/juminkanja/S2430/initialize?prefCd=32&kikanCd=3325404940&kikanKbn=3", "url2": "https://www.saito-dc.info", "内容": "さいとう歯科医院【3:歯科】島根県出雲市塩冶神前６丁目４−９" }, "geometry": { "type": "Point", "coordinates": [ 132.758368, 35.34707 ] } },
{ "type": "Feature", "properties": { "ID": 3233325405240, "正式名称": "医療法人　手銭歯科医院", "機関区分": 3, "都道府県コード": 32, "市区町村コード": 203, "所在地": "島根県出雲市大社町北荒木３３４ー１", "緯度": 35.381781, "経度": 132.689007, "url": "https://www.iryou.teikyouseido.mhlw.go.jp/znk-web/juminkanja/S2430/initialize?prefCd=32&kikanCd=3325405240&kikanKbn=3", "url2": "https://www.tezen-dc.com", "内容": "医療法人　手銭歯科医院【3:歯科】島根県出雲市大社町北荒木３３４ー１" }, "geometry": { "type": "Point", "coordinates": [ 132.689007, 35.381781 ] } },
{ "type": "Feature", "properties": { "ID": 3233325405530, "正式名称": "島田歯科医院", "機関区分": 3, "都道府県コード": 32, "市区町村コード": 203, "所在地": "島根県出雲市平田町９０３−１３", "緯度": 35.43557, "経度": 132.82056, "url": "https://www.iryou.teikyouseido.mhlw.go.jp/znk-web/juminkanja/S2430/initialize?prefCd=32&kikanCd=3325405530&kikanKbn=3", "url2": null, "内容": "島田歯科医院【3:歯科】島根県出雲市平田町９０３−１３" }, "geometry": { "type": "Point", "coordinates": [ 132.82056, 35.43557 ] } },
{ "type": "Feature", "properties": { "ID": 3233325405820, "正式名称": "やの歯科医院", "機関区分": 3, "都道府県コード": 32, "市区町村コード": 203, "所在地": "島根県出雲市斐川町直江５３９８", "緯度": 35.391714, "経度": 132.82045, "url": "https://www.iryou.teikyouseido.mhlw.go.jp/znk-web/juminkanja/S2430/initialize?prefCd=32&kikanCd=3325405820&kikanKbn=3", "url2": "https://www.yanoshika.com", "内容": "やの歯科医院【3:歯科】島根県出雲市斐川町直江５３９８" }, "geometry": { "type": "Point", "coordinates": [ 132.82045, 35.391714 ] } },
{ "type": "Feature", "properties": { "ID": 3233325405950, "正式名称": "医療法人政信会ひかわ歯科医院", "機関区分": 3, "都道府県コード": 32, "市区町村コード": 203, "所在地": "島根県出雲市斐川町直江４７８０", "緯度": 35.391619, "経度": 132.822014, "url": "https://www.iryou.teikyouseido.mhlw.go.jp/znk-web/juminkanja/S2430/initialize?prefCd=32&kikanCd=3325405950&kikanKbn=3", "url2": null, "内容": "医療法人政信会ひかわ歯科医院【3:歯科】島根県出雲市斐川町直江４７８０" }, "geometry": { "type": "Point", "coordinates": [ 132.822014, 35.391619 ] } },
{ "type": "Feature", "properties": { "ID": 3233325406090, "正式名称": "山田歯科医院", "機関区分": 3, "都道府県コード": 32, "市区町村コード": 203, "所在地": "島根県出雲市斐川町荘原２２１５番地１", "緯度": 35.395653, "経度": 132.849294, "url": "https://www.iryou.teikyouseido.mhlw.go.jp/znk-web/juminkanja/S2430/initialize?prefCd=32&kikanCd=3325406090&kikanKbn=3", "url2": null, "内容": "山田歯科医院【3:歯科】島根県出雲市斐川町荘原２２１５番地１" }, "geometry": { "type": "Point", "coordinates": [ 132.849294, 35.395653 ] } },
{ "type": "Feature", "properties": { "ID": 3233325406120, "正式名称": "おおの歯科医院", "機関区分": 3, "都道府県コード": 32, "市区町村コード": 203, "所在地": "島根県出雲市多伎町多岐８７７ー６", "緯度": 35.28555, "経度": 132.627145, "url": "https://www.iryou.teikyouseido.mhlw.go.jp/znk-web/juminkanja/S2430/initialize?prefCd=32&kikanCd=3325406120&kikanKbn=3", "url2": null, "内容": "おおの歯科医院【3:歯科】島根県出雲市多伎町多岐８７７ー６" }, "geometry": { "type": "Point", "coordinates": [ 132.627145, 35.28555 ] } },
{ "type": "Feature", "properties": { "ID": 3233325406250, "正式名称": "医療法人かわと歯科　かわと歯科医院", "機関区分": 3, "都道府県コード": 32, "市区町村コード": 203, "所在地": "島根県出雲市稲岡町３３ー７", "緯度": 35.38767, "経度": 132.76796, "url": "https://www.iryou.teikyouseido.mhlw.go.jp/znk-web/juminkanja/S2430/initialize?prefCd=32&kikanCd=3325406250&kikanKbn=3", "url2": "https://www.kawato-dental-clinic.com", "内容": "医療法人かわと歯科　かわと歯科医院【3:歯科】島根県出雲市稲岡町３３ー７" }, "geometry": { "type": "Point", "coordinates": [ 132.76796, 35.38767 ] } },
{ "type": "Feature", "properties": { "ID": 3233325406380, "正式名称": "小田川歯科医院", "機関区分": 3, "都道府県コード": 32, "市区町村コード": 203, "所在地": "島根県出雲市大社町北荒木１１９５－４", "緯度": 35.38652, "経度": 132.695332, "url": "https://www.iryou.teikyouseido.mhlw.go.jp/znk-web/juminkanja/S2430/initialize?prefCd=32&kikanCd=3325406380&kikanKbn=3", "url2": null, "内容": "小田川歯科医院【3:歯科】島根県出雲市大社町北荒木１１９５－４" }, "geometry": { "type": "Point", "coordinates": [ 132.695332, 35.38652 ] } },
{ "type": "Feature", "properties": { "ID": 3233325406410, "正式名称": "かとう歯科クリニック", "機関区分": 3, "都道府県コード": 32, "市区町村コード": 203, "所在地": "島根県出雲市稲岡町１８－１", "緯度": 35.372076, "経度": 132.754913, "url": "https://www.iryou.teikyouseido.mhlw.go.jp/znk-web/juminkanja/S2430/initialize?prefCd=32&kikanCd=3325406410&kikanKbn=3", "url2": null, "内容": "かとう歯科クリニック【3:歯科】島根県出雲市稲岡町１８－１" }, "geometry": { "type": "Point", "coordinates": [ 132.754913, 35.372076 ] } },
{ "type": "Feature", "properties": { "ID": 3233325406540, "正式名称": "田原歯科医院", "機関区分": 3, "都道府県コード": 32, "市区町村コード": 203, "所在地": "島根県出雲市知井宮町１２８１番地２", "緯度": 35.332837, "経度": 132.7164, "url": "https://www.iryou.teikyouseido.mhlw.go.jp/znk-web/juminkanja/S2430/initialize?prefCd=32&kikanCd=3325406540&kikanKbn=3", "url2": "https://www.pinknohaisya.com", "内容": "田原歯科医院【3:歯科】島根県出雲市知井宮町１２８１番地２" }, "geometry": { "type": "Point", "coordinates": [ 132.7164, 35.332837 ] } },
{ "type": "Feature", "properties": { "ID": 3233325406830, "正式名称": "ママレイド歯科", "機関区分": 3, "都道府県コード": 32, "市区町村コード": 203, "所在地": "島根県出雲市白枝町１１９６－５", "緯度": 35.374782, "経度": 132.732753, "url": "https://www.iryou.teikyouseido.mhlw.go.jp/znk-web/juminkanja/S2430/initialize?prefCd=32&kikanCd=3325406830&kikanKbn=3", "url2": null, "内容": "ママレイド歯科【3:歯科】島根県出雲市白枝町１１９６－５" }, "geometry": { "type": "Point", "coordinates": [ 132.732753, 35.374782 ] } },
{ "type": "Feature", "properties": { "ID": 3233325407000, "正式名称": "けんこう歯科医院", "機関区分": 3, "都道府県コード": 32, "市区町村コード": 203, "所在地": "島根県出雲市佐田町八幡原１３０７－２", "緯度": 35.256884, "経度": 132.696336, "url": "https://www.iryou.teikyouseido.mhlw.go.jp/znk-web/juminkanja/S2430/initialize?prefCd=32&kikanCd=3325407000&kikanKbn=3", "url2": null, "内容": "けんこう歯科医院【3:歯科】島根県出雲市佐田町八幡原１３０７－２" }, "geometry": { "type": "Point", "coordinates": [ 132.696336, 35.256884 ] } },
{ "type": "Feature", "properties": { "ID": 3233325407130, "正式名称": "えのもと歯科", "機関区分": 3, "都道府県コード": 32, "市区町村コード": 203, "所在地": "島根県出雲市神門町１３８８－４", "緯度": 35.337277, "経度": 132.709114, "url": "https://www.iryou.teikyouseido.mhlw.go.jp/znk-web/juminkanja/S2430/initialize?prefCd=32&kikanCd=3325407130&kikanKbn=3", "url2": null, "内容": "えのもと歯科【3:歯科】島根県出雲市神門町１３８８－４" }, "geometry": { "type": "Point", "coordinates": [ 132.709114, 35.337277 ] } },
{ "type": "Feature", "properties": { "ID": 323332540726, "正式名称": "いとう歯科クリニック", "機関区分": 3, "都道府県コード": 32, "市区町村コード": 203, "所在地": "島根県出雲市塩冶町１０１１－３", "緯度": 35.355778, "経度": 132.758912, "url": "https://www.iryou.teikyouseido.mhlw.go.jp/znk-web/juminkanja/S2430/initialize?prefCd=32&kikanCd=332540726&kikanKbn=3", "url2": null, "内容": "いとう歯科クリニック【3:歯科】島根県出雲市塩冶町１０１１－３" }, "geometry": { "type": "Point", "coordinates": [ 132.758912, 35.355778 ] } },
{ "type": "Feature", "properties": { "ID": 3233325407390, "正式名称": "矢野歯科医院", "機関区分": 3, "都道府県コード": 32, "市区町村コード": 203, "所在地": "島根県出雲市高岡町５００－２", "緯度": 35.383753, "経度": 132.75475, "url": "https://www.iryou.teikyouseido.mhlw.go.jp/znk-web/juminkanja/S2430/initialize?prefCd=32&kikanCd=3325407390&kikanKbn=3", "url2": null, "内容": "矢野歯科医院【3:歯科】島根県出雲市高岡町５００－２" }, "geometry": { "type": "Point", "coordinates": [ 132.75475, 35.383753 ] } },
{ "type": "Feature", "properties": { "ID": 3233325407550, "正式名称": "たなか歯科医院", "機関区分": 3, "都道府県コード": 32, "市区町村コード": 203, "所在地": "島根県出雲市斐川町上直江３０８９", "緯度": 35.383206, "経度": 132.80884, "url": "https://www.iryou.teikyouseido.mhlw.go.jp/znk-web/juminkanja/S2430/initialize?prefCd=32&kikanCd=3325407550&kikanKbn=3", "url2": null, "内容": "たなか歯科医院【3:歯科】島根県出雲市斐川町上直江３０８９" }, "geometry": { "type": "Point", "coordinates": [ 132.80884, 35.383206 ] } },
{ "type": "Feature", "properties": { "ID": 3233325407680, "正式名称": "どうぜん歯科医院", "機関区分": 3, "都道府県コード": 32, "市区町村コード": 203, "所在地": "島根県出雲市平田町７７０５", "緯度": 35.441436, "経度": 132.832136, "url": "https://www.iryou.teikyouseido.mhlw.go.jp/znk-web/juminkanja/S2430/initialize?prefCd=32&kikanCd=3325407680&kikanKbn=3", "url2": null, "内容": "どうぜん歯科医院【3:歯科】島根県出雲市平田町７７０５" }, "geometry": { "type": "Point", "coordinates": [ 132.832136, 35.441436 ] } },
{ "type": "Feature", "properties": { "ID": 3233325407970, "正式名称": "なんば歯科医院", "機関区分": 3, "都道府県コード": 32, "市区町村コード": 203, "所在地": "島根県出雲市斐川町富村１９５９ー１", "緯度": 35.384476, "経度": 132.800798, "url": "https://www.iryou.teikyouseido.mhlw.go.jp/znk-web/juminkanja/S2430/initialize?prefCd=32&kikanCd=3325407970&kikanKbn=3", "url2": null, "内容": "なんば歯科医院【3:歯科】島根県出雲市斐川町富村１９５９ー１" }, "geometry": { "type": "Point", "coordinates": [ 132.800798, 35.384476 ] } },
{ "type": "Feature", "properties": { "ID": 3233325408010, "正式名称": "こう歯科医院", "機関区分": 3, "都道府県コード": 32, "市区町村コード": 203, "所在地": "島根県出雲市浜町３４０－１", "緯度": 35.377797, "経度": 132.719753, "url": "https://www.iryou.teikyouseido.mhlw.go.jp/znk-web/juminkanja/S2430/initialize?prefCd=32&kikanCd=3325408010&kikanKbn=3", "url2": null, "内容": "こう歯科医院【3:歯科】島根県出雲市浜町３４０－１" }, "geometry": { "type": "Point", "coordinates": [ 132.719753, 35.377797 ] } },
{ "type": "Feature", "properties": { "ID": 3233325408140, "正式名称": "医療法人和　いのうえ歯科", "機関区分": 3, "都道府県コード": 32, "市区町村コード": 203, "所在地": "島根県出雲市西平田町９２－１", "緯度": 35.432397, "経度": 132.815158, "url": "https://www.iryou.teikyouseido.mhlw.go.jp/znk-web/juminkanja/S2430/initialize?prefCd=32&kikanCd=3325408140&kikanKbn=3", "url2": null, "内容": "医療法人和　いのうえ歯科【3:歯科】島根県出雲市西平田町９２－１" }, "geometry": { "type": "Point", "coordinates": [ 132.815158, 35.432397 ] } },
{ "type": "Feature", "properties": { "ID": 3233325408270, "正式名称": "医療法人社団中村歯科医院", "機関区分": 3, "都道府県コード": 32, "市区町村コード": 203, "所在地": "島根県出雲市今市町北本町１－７－１５", "緯度": 35.369333, "経度": 132.755706, "url": "https://www.iryou.teikyouseido.mhlw.go.jp/znk-web/juminkanja/S2430/initialize?prefCd=32&kikanCd=3325408270&kikanKbn=3", "url2": "http://nakamura-sikaiin.com/", "内容": "医療法人社団中村歯科医院【3:歯科】島根県出雲市今市町北本町１－７－１５" }, "geometry": { "type": "Point", "coordinates": [ 132.755706, 35.369333 ] } },
{ "type": "Feature", "properties": { "ID": 3233325408690, "正式名称": "医療法人　岩崎医院　岩崎歯科医院", "機関区分": 3, "都道府県コード": 32, "市区町村コード": 203, "所在地": "島根県出雲市佐田町八幡原１８５番地１１", "緯度": 35.259494, "経度": 132.699677, "url": "https://www.iryou.teikyouseido.mhlw.go.jp/znk-web/juminkanja/S2430/initialize?prefCd=32&kikanCd=3325408690&kikanKbn=3", "url2": null, "内容": "医療法人　岩崎医院　岩崎歯科医院【3:歯科】島根県出雲市佐田町八幡原１８５番地１１" }, "geometry": { "type": "Point", "coordinates": [ 132.699677, 35.259494 ] } },
{ "type": "Feature", "properties": { "ID": 3233325408850, "正式名称": "医療法人あい歯科クリニック", "機関区分": 3, "都道府県コード": 32, "市区町村コード": 203, "所在地": "島根県出雲市矢野町１６０ー１", "緯度": 35.382862, "経度": 132.73886, "url": "https://www.iryou.teikyouseido.mhlw.go.jp/znk-web/juminkanja/S2430/initialize?prefCd=32&kikanCd=3325408850&kikanKbn=3", "url2": null, "内容": "医療法人あい歯科クリニック【3:歯科】島根県出雲市矢野町１６０ー１" }, "geometry": { "type": "Point", "coordinates": [ 132.73886, 35.382862 ] } },
{ "type": "Feature", "properties": { "ID": 3233325408980, "正式名称": "佐和歯科医院", "機関区分": 3, "都道府県コード": 32, "市区町村コード": 203, "所在地": "島根県出雲市大津町２０９８－９", "緯度": 35.365511, "経度": 132.765679, "url": "https://www.iryou.teikyouseido.mhlw.go.jp/znk-web/juminkanja/S2430/initialize?prefCd=32&kikanCd=3325408980&kikanKbn=3", "url2": null, "内容": "佐和歯科医院【3:歯科】島根県出雲市大津町２０９８－９" }, "geometry": { "type": "Point", "coordinates": [ 132.765679, 35.365511 ] } },
{ "type": "Feature", "properties": { "ID": 3233325409020, "正式名称": "医療法人社団　みやまつ歯科クリニック", "機関区分": 3, "都道府県コード": 32, "市区町村コード": 203, "所在地": "島根県出雲市斐川町併川１６３６－１６", "緯度": 35.374164, "経度": 132.791083, "url": "https://www.iryou.teikyouseido.mhlw.go.jp/znk-web/juminkanja/S2430/initialize?prefCd=32&kikanCd=3325409020&kikanKbn=3", "url2": "https://www.miyamatsu-dc.jp/", "内容": "医療法人社団　みやまつ歯科クリニック【3:歯科】島根県出雲市斐川町併川１６３６－１６" }, "geometry": { "type": "Point", "coordinates": [ 132.791083, 35.374164 ] } },
{ "type": "Feature", "properties": { "ID": 3233325409150, "正式名称": "ひらた歯科クリニック", "機関区分": 3, "都道府県コード": 32, "市区町村コード": 203, "所在地": "島根県出雲市白枝町５６０番地１", "緯度": 35.3644, "経度": 132.734742, "url": "https://www.iryou.teikyouseido.mhlw.go.jp/znk-web/juminkanja/S2430/initialize?prefCd=32&kikanCd=3325409150&kikanKbn=3", "url2": "https://www.hiratadc.jp/", "内容": "ひらた歯科クリニック【3:歯科】島根県出雲市白枝町５６０番地１" }, "geometry": { "type": "Point", "coordinates": [ 132.734742, 35.3644 ] } },
{ "type": "Feature", "properties": { "ID": 3233325409570, "正式名称": "はやし歯科クリニック", "機関区分": 3, "都道府県コード": 32, "市区町村コード": 203, "所在地": "島根県出雲市大津町１６５２", "緯度": 35.367166, "経度": 132.779828, "url": "https://www.iryou.teikyouseido.mhlw.go.jp/znk-web/juminkanja/S2430/initialize?prefCd=32&kikanCd=3325409570&kikanKbn=3", "url2": "https://www.izumo-hayashi-dental.jp/", "内容": "はやし歯科クリニック【3:歯科】島根県出雲市大津町１６５２" }, "geometry": { "type": "Point", "coordinates": [ 132.779828, 35.367166 ] } },
{ "type": "Feature", "properties": { "ID": 3233325409600, "正式名称": "ひで歯科医院", "機関区分": 3, "都道府県コード": 32, "市区町村コード": 203, "所在地": "島根県出雲市駅南町１－９－３", "緯度": 35.360942, "経度": 132.761006, "url": "https://www.iryou.teikyouseido.mhlw.go.jp/znk-web/juminkanja/S2430/initialize?prefCd=32&kikanCd=3325409600&kikanKbn=3", "url2": "https://www.hide-shika.jp/", "内容": "ひで歯科医院【3:歯科】島根県出雲市駅南町１－９－３" }, "geometry": { "type": "Point", "coordinates": [ 132.761006, 35.360942 ] } },
{ "type": "Feature", "properties": { "ID": 3233325409730, "正式名称": "クローバー歯科", "機関区分": 3, "都道府県コード": 32, "市区町村コード": 203, "所在地": "島根県出雲市渡橋町１０６６イオンモール出雲１階", "緯度": 35.368005, "経度": 132.738622, "url": "https://www.iryou.teikyouseido.mhlw.go.jp/znk-web/juminkanja/S2430/initialize?prefCd=32&kikanCd=3325409730&kikanKbn=3", "url2": null, "内容": "クローバー歯科【3:歯科】島根県出雲市渡橋町１０６６イオンモール出雲１階" }, "geometry": { "type": "Point", "coordinates": [ 132.738622, 35.368005 ] } },
{ "type": "Feature", "properties": { "ID": 3233325409860, "正式名称": "山本歯科医院", "機関区分": 3, "都道府県コード": 32, "市区町村コード": 203, "所在地": "島根県出雲市下古志町７００－５", "緯度": 35.341461, "経度": 132.737139, "url": "https://www.iryou.teikyouseido.mhlw.go.jp/znk-web/juminkanja/S2430/initialize?prefCd=32&kikanCd=3325409860&kikanKbn=3", "url2": null, "内容": "山本歯科医院【3:歯科】島根県出雲市下古志町７００－５" }, "geometry": { "type": "Point", "coordinates": [ 132.737139, 35.341461 ] } },
{ "type": "Feature", "properties": { "ID": 3233325409990, "正式名称": "いしだ矯正・こども歯科", "機関区分": 3, "都道府県コード": 32, "市区町村コード": 203, "所在地": "島根県出雲市姫原町１２９－１", "緯度": 35.372076, "経度": 132.754913, "url": "https://www.iryou.teikyouseido.mhlw.go.jp/znk-web/juminkanja/S2430/initialize?prefCd=32&kikanCd=3325409990&kikanKbn=3", "url2": null, "内容": "いしだ矯正・こども歯科【3:歯科】島根県出雲市姫原町１２９－１" }, "geometry": { "type": "Point", "coordinates": [ 132.754913, 35.372076 ] } },
{ "type": "Feature", "properties": { "ID": 3233325410130, "正式名称": "にこらい歯科クリニック出雲", "機関区分": 3, "都道府県コード": 32, "市区町村コード": 203, "所在地": "島根県出雲市塩冶善行町１２－２中村ビル", "緯度": 35.359286, "経度": 132.754814, "url": "https://www.iryou.teikyouseido.mhlw.go.jp/znk-web/juminkanja/S2430/initialize?prefCd=32&kikanCd=3325410130&kikanKbn=3", "url2": null, "内容": "にこらい歯科クリニック出雲【3:歯科】島根県出雲市塩冶善行町１２－２中村ビル" }, "geometry": { "type": "Point", "coordinates": [ 132.754814, 35.359286 ] } },
{ "type": "Feature", "properties": { "ID": 3233325410260, "正式名称": "こばやし歯科", "機関区分": 3, "都道府県コード": 32, "市区町村コード": 203, "所在地": "島根県出雲市中野美保南１－８－１７こばやし歯科", "緯度": 35.373877, "経度": 132.766625, "url": "https://www.iryou.teikyouseido.mhlw.go.jp/znk-web/juminkanja/S2430/initialize?prefCd=32&kikanCd=3325410260&kikanKbn=3", "url2": "https://www.haisha.expert/", "内容": "こばやし歯科【3:歯科】島根県出雲市中野美保南１－８－１７こばやし歯科" }, "geometry": { "type": "Point", "coordinates": [ 132.766625, 35.373877 ] } },
{ "type": "Feature", "properties": { "ID": 3233325410390, "正式名称": "医療法人　誠蓮会　いずも歯科クリニック", "機関区分": 3, "都道府県コード": 32, "市区町村コード": 203, "所在地": "島根県出雲市姫原２丁目８番地１１", "緯度": 35.373242, "経度": 132.758, "url": "https://www.iryou.teikyouseido.mhlw.go.jp/znk-web/juminkanja/S2430/initialize?prefCd=32&kikanCd=3325410390&kikanKbn=3", "url2": "https://www.izumo-dental.com", "内容": "医療法人　誠蓮会　いずも歯科クリニック【3:歯科】島根県出雲市姫原２丁目８番地１１" }, "geometry": { "type": "Point", "coordinates": [ 132.758, 35.373242 ] } },
{ "type": "Feature", "properties": { "ID": 3233325410420, "正式名称": "そうもと", "機関区分": 3, "都道府県コード": 32, "市区町村コード": 203, "所在地": "島根県出雲市平田町１６３０", "緯度": 35.428033, "経度": 132.812242, "url": "https://www.iryou.teikyouseido.mhlw.go.jp/znk-web/juminkanja/S2430/initialize?prefCd=32&kikanCd=3325410420&kikanKbn=3", "url2": null, "内容": "そうもと【3:歯科】島根県出雲市平田町１６３０" }, "geometry": { "type": "Point", "coordinates": [ 132.812242, 35.428033 ] } },
{ "type": "Feature", "properties": { "ID": 3233325410550, "正式名称": "医療法人信生会みしま歯科医院", "機関区分": 3, "都道府県コード": 32, "市区町村コード": 203, "所在地": "島根県出雲市小山町２３３－１", "緯度": 35.373895, "経度": 132.743149, "url": "https://www.iryou.teikyouseido.mhlw.go.jp/znk-web/juminkanja/S2430/initialize?prefCd=32&kikanCd=3325410550&kikanKbn=3", "url2": null, "内容": "医療法人信生会みしま歯科医院【3:歯科】島根県出雲市小山町２３３－１" }, "geometry": { "type": "Point", "coordinates": [ 132.743149, 35.373895 ] } },
{ "type": "Feature", "properties": { "ID": 3233325410680, "正式名称": "えんや歯科クリニック", "機関区分": 3, "都道府県コード": 32, "市区町村コード": 203, "所在地": "島根県出雲市塩冶有原町４丁目７８番地", "緯度": 35.357376, "経度": 132.74761, "url": "https://www.iryou.teikyouseido.mhlw.go.jp/znk-web/juminkanja/S2430/initialize?prefCd=32&kikanCd=3325410680&kikanKbn=3", "url2": "https://enya-dental.com/", "内容": "えんや歯科クリニック【3:歯科】島根県出雲市塩冶有原町４丁目７８番地" }, "geometry": { "type": "Point", "coordinates": [ 132.74761, 35.357376 ] } },
{ "type": "Feature", "properties": { "ID": 3233325410710, "正式名称": "医療法人政信会おやま歯科医院", "機関区分": 3, "都道府県コード": 32, "市区町村コード": 203, "所在地": "島根県出雲市小山町２３７－１２", "緯度": 35.374528, "経度": 132.743531, "url": "https://www.iryou.teikyouseido.mhlw.go.jp/znk-web/juminkanja/S2430/initialize?prefCd=32&kikanCd=3325410710&kikanKbn=3", "url2": null, "内容": "医療法人政信会おやま歯科医院【3:歯科】島根県出雲市小山町２３７－１２" }, "geometry": { "type": "Point", "coordinates": [ 132.743531, 35.374528 ] } },
{ "type": "Feature", "properties": { "ID": 3233325410840, "正式名称": "イーハデンタルクリニック倉塚歯科医院", "機関区分": 3, "都道府県コード": 32, "市区町村コード": 203, "所在地": "島根県出雲市塩冶町２０７５", "緯度": 35.355685, "経度": 132.750553, "url": "https://www.iryou.teikyouseido.mhlw.go.jp/znk-web/juminkanja/S2430/initialize?prefCd=32&kikanCd=3325410840&kikanKbn=3", "url2": null, "内容": "イーハデンタルクリニック倉塚歯科医院【3:歯科】島根県出雲市塩冶町２０７５" }, "geometry": { "type": "Point", "coordinates": [ 132.750553, 35.355685 ] } },
{ "type": "Feature", "properties": { "ID": 3233325410970, "正式名称": "医療法人ひの歯科クリニック", "機関区分": 3, "都道府県コード": 32, "市区町村コード": 203, "所在地": "島根県出雲市大津新崎町１丁目４６ー６", "緯度": 35.369703, "経度": 132.766499, "url": "https://www.iryou.teikyouseido.mhlw.go.jp/znk-web/juminkanja/S2430/initialize?prefCd=32&kikanCd=3325410970&kikanKbn=3", "url2": "hinodc.com", "内容": "医療法人ひの歯科クリニック【3:歯科】島根県出雲市大津新崎町１丁目４６ー６" }, "geometry": { "type": "Point", "coordinates": [ 132.766499, 35.369703 ] } },
{ "type": "Feature", "properties": { "ID": 3233325411140, "正式名称": "しまだ歯科矯正歯科", "機関区分": 3, "都道府県コード": 32, "市区町村コード": 203, "所在地": "島根県出雲市平田町２２６０ー２０", "緯度": 35.43557, "経度": 132.82056, "url": "https://www.iryou.teikyouseido.mhlw.go.jp/znk-web/juminkanja/S2430/initialize?prefCd=32&kikanCd=3325411140&kikanKbn=3", "url2": "https://shimadashika.com/", "内容": "しまだ歯科矯正歯科【3:歯科】島根県出雲市平田町２２６０ー２０" }, "geometry": { "type": "Point", "coordinates": [ 132.82056, 35.43557 ] } },
{ "type": "Feature", "properties": { "ID": 3233325500770, "正式名称": "楫野歯科医院", "機関区分": 3, "都道府県コード": 32, "市区町村コード": 205, "所在地": "島根県大田市大田町大田ロ３３５乙", "緯度": 35.190565, "経度": 132.512021, "url": "https://www.iryou.teikyouseido.mhlw.go.jp/znk-web/juminkanja/S2430/initialize?prefCd=32&kikanCd=3325500770&kikanKbn=3", "url2": null, "内容": "楫野歯科医院【3:歯科】島根県大田市大田町大田ロ３３５乙" }, "geometry": { "type": "Point", "coordinates": [ 132.512021, 35.190565 ] } },
{ "type": "Feature", "properties": { "ID": 3233325500930, "正式名称": "西村歯科医院", "機関区分": 3, "都道府県コード": 32, "市区町村コード": 205, "所在地": "島根県大田市波根町１３４１－１", "緯度": 35.241369, "経度": 132.526869, "url": "https://www.iryou.teikyouseido.mhlw.go.jp/znk-web/juminkanja/S2430/initialize?prefCd=32&kikanCd=3325500930&kikanKbn=3", "url2": null, "内容": "西村歯科医院【3:歯科】島根県大田市波根町１３４１－１" }, "geometry": { "type": "Point", "coordinates": [ 132.526869, 35.241369 ] } },
{ "type": "Feature", "properties": { "ID": 3233325502080, "正式名称": "医療法人　泉慈会　泉歯科医院", "機関区分": 3, "都道府県コード": 32, "市区町村コード": 205, "所在地": "島根県大田市仁摩町仁万５２４－１", "緯度": 35.149536, "経度": 132.404667, "url": "https://www.iryou.teikyouseido.mhlw.go.jp/znk-web/juminkanja/S2430/initialize?prefCd=32&kikanCd=3325502080&kikanKbn=3", "url2": null, "内容": "医療法人　泉慈会　泉歯科医院【3:歯科】島根県大田市仁摩町仁万５２４－１" }, "geometry": { "type": "Point", "coordinates": [ 132.404667, 35.149536 ] } },
{ "type": "Feature", "properties": { "ID": 3233325502400, "正式名称": "医療法人おごし歯科医院", "機関区分": 3, "都道府県コード": 32, "市区町村コード": 205, "所在地": "島根県大田市久手町刺鹿７０８－４", "緯度": 35.218666, "経度": 132.51605, "url": "https://www.iryou.teikyouseido.mhlw.go.jp/znk-web/juminkanja/S2430/initialize?prefCd=32&kikanCd=3325502400&kikanKbn=3", "url2": null, "内容": "医療法人おごし歯科医院【3:歯科】島根県大田市久手町刺鹿７０８－４" }, "geometry": { "type": "Point", "coordinates": [ 132.51605, 35.218666 ] } },
{ "type": "Feature", "properties": { "ID": 3233325600120, "正式名称": "原田歯科医院", "機関区分": 3, "都道府県コード": 32, "市区町村コード": 441, "所在地": "島根県邑智郡川本町川本５２７－５", "緯度": 34.992742, "経度": 132.494603, "url": "https://www.iryou.teikyouseido.mhlw.go.jp/znk-web/juminkanja/S2430/initialize?prefCd=32&kikanCd=3325600120&kikanKbn=3", "url2": null, "内容": "原田歯科医院【3:歯科】島根県邑智郡川本町川本５２７－５" }, "geometry": { "type": "Point", "coordinates": [ 132.494603, 34.992742 ] } },
{ "type": "Feature", "properties": { "ID": 3233325600250, "正式名称": "槇平歯科医院", "機関区分": 3, "都道府県コード": 32, "市区町村コード": 441, "所在地": "島根県邑智郡川本町川本　５５９—２５", "緯度": 34.993653, "経度": 132.493433, "url": "https://www.iryou.teikyouseido.mhlw.go.jp/znk-web/juminkanja/S2430/initialize?prefCd=32&kikanCd=3325600250&kikanKbn=3", "url2": null, "内容": "槇平歯科医院【3:歯科】島根県邑智郡川本町川本　５５９—２５" }, "geometry": { "type": "Point", "coordinates": [ 132.493433, 34.993653 ] } },
{ "type": "Feature", "properties": { "ID": 3233325601390, "正式名称": "岸歯科医院", "機関区分": 3, "都道府県コード": 32, "市区町村コード": 449, "所在地": "島根県邑智郡邑南町矢上２８－１岸歯科医院", "緯度": 34.889893, "経度": 132.444274, "url": "https://www.iryou.teikyouseido.mhlw.go.jp/znk-web/juminkanja/S2430/initialize?prefCd=32&kikanCd=3325601390&kikanKbn=3", "url2": null, "内容": "岸歯科医院【3:歯科】島根県邑智郡邑南町矢上２８－１岸歯科医院" }, "geometry": { "type": "Point", "coordinates": [ 132.444274, 34.889893 ] } },
{ "type": "Feature", "properties": { "ID": 3233325601680, "正式名称": "医療法人社団やまぼうし　富永歯科医院", "機関区分": 3, "都道府県コード": 32, "市区町村コード": 449, "所在地": "島根県邑智郡邑南町山田９７－３", "緯度": 34.860052, "経度": 132.541501, "url": "https://www.iryou.teikyouseido.mhlw.go.jp/znk-web/juminkanja/S2430/initialize?prefCd=32&kikanCd=3325601680&kikanKbn=3", "url2": null, "内容": "医療法人社団やまぼうし　富永歯科医院【3:歯科】島根県邑智郡邑南町山田９７－３" }, "geometry": { "type": "Point", "coordinates": [ 132.541501, 34.860052 ] } },
{ "type": "Feature", "properties": { "ID": 3233325601840, "正式名称": "ひらた歯科医院", "機関区分": 3, "都道府県コード": 32, "市区町村コード": 448, "所在地": "島根県邑智郡美郷町粕渕２５４番地", "緯度": 35.074462, "経度": 132.590148, "url": "https://www.iryou.teikyouseido.mhlw.go.jp/znk-web/juminkanja/S2430/initialize?prefCd=32&kikanCd=3325601840&kikanKbn=3", "url2": null, "内容": "ひらた歯科医院【3:歯科】島根県邑智郡美郷町粕渕２５４番地" }, "geometry": { "type": "Point", "coordinates": [ 132.590148, 35.074462 ] } },
{ "type": "Feature", "properties": { "ID": 3233325700150, "正式名称": "石橋歯科医院", "機関区分": 3, "都道府県コード": 32, "市区町村コード": 202, "所在地": "島根県浜田市京町２７", "緯度": 34.895579, "経度": 132.073638, "url": "https://www.iryou.teikyouseido.mhlw.go.jp/znk-web/juminkanja/S2430/initialize?prefCd=32&kikanCd=3325700150&kikanKbn=3", "url2": null, "内容": "石橋歯科医院【3:歯科】島根県浜田市京町２７" }, "geometry": { "type": "Point", "coordinates": [ 132.073638, 34.895579 ] } },
{ "type": "Feature", "properties": { "ID": 3233325702200, "正式名称": "一般社団法人　島根県歯科医師会　西部口腔保健センター", "機関区分": 3, "都道府県コード": 32, "市区町村コード": 202, "所在地": "島根県浜田市久代町１－８", "緯度": 34.955251, "経度": 132.134632, "url": "https://www.iryou.teikyouseido.mhlw.go.jp/znk-web/juminkanja/S2430/initialize?prefCd=32&kikanCd=3325702200&kikanKbn=3", "url2": "http://www.shimane-da.or.jp/", "内容": "一般社団法人　島根県歯科医師会　西部口腔保健センター【3:歯科】島根県浜田市久代町１－８" }, "geometry": { "type": "Point", "coordinates": [ 132.134632, 34.955251 ] } },
{ "type": "Feature", "properties": { "ID": 3233325704800, "正式名称": "遠藤歯科医院", "機関区分": 3, "都道府県コード": 32, "市区町村コード": 202, "所在地": "島根県浜田市長沢町５５４－４", "緯度": 34.908467, "経度": 132.097136, "url": "https://www.iryou.teikyouseido.mhlw.go.jp/znk-web/juminkanja/S2430/initialize?prefCd=32&kikanCd=3325704800&kikanKbn=3", "url2": null, "内容": "遠藤歯科医院【3:歯科】島根県浜田市長沢町５５４－４" }, "geometry": { "type": "Point", "coordinates": [ 132.097136, 34.908467 ] } },
{ "type": "Feature", "properties": { "ID": 3233325705100, "正式名称": "大山歯科医院", "機関区分": 3, "都道府県コード": 32, "市区町村コード": 202, "所在地": "島根県浜田市旭町今市３８４－１１", "緯度": 34.858533, "経度": 132.261726, "url": "https://www.iryou.teikyouseido.mhlw.go.jp/znk-web/juminkanja/S2430/initialize?prefCd=32&kikanCd=3325705100&kikanKbn=3", "url2": null, "内容": "大山歯科医院【3:歯科】島根県浜田市旭町今市３８４－１１" }, "geometry": { "type": "Point", "coordinates": [ 132.261726, 34.858533 ] } },
{ "type": "Feature", "properties": { "ID": 3233325705230, "正式名称": "菅田歯科医院", "機関区分": 3, "都道府県コード": 32, "市区町村コード": 207, "所在地": "島根県江津市都野津町２３６５番地１菅田歯科医院", "緯度": 34.987514, "経度": 132.187586, "url": "https://www.iryou.teikyouseido.mhlw.go.jp/znk-web/juminkanja/S2430/initialize?prefCd=32&kikanCd=3325705230&kikanKbn=3", "url2": null, "内容": "菅田歯科医院【3:歯科】島根県江津市都野津町２３６５番地１菅田歯科医院" }, "geometry": { "type": "Point", "coordinates": [ 132.187586, 34.987514 ] } },
{ "type": "Feature", "properties": { "ID": 3233325705360, "正式名称": "田中歯科金城医院", "機関区分": 3, "都道府県コード": 32, "市区町村コード": 202, "所在地": "島根県浜田市金城町下来原１５４１番地６", "緯度": 34.860191, "経度": 132.160619, "url": "https://www.iryou.teikyouseido.mhlw.go.jp/znk-web/juminkanja/S2430/initialize?prefCd=32&kikanCd=3325705360&kikanKbn=3", "url2": null, "内容": "田中歯科金城医院【3:歯科】島根県浜田市金城町下来原１５４１番地６" }, "geometry": { "type": "Point", "coordinates": [ 132.160619, 34.860191 ] } },
{ "type": "Feature", "properties": { "ID": 3233325705490, "正式名称": "佐々木歯科医院", "機関区分": 3, "都道府県コード": 32, "市区町村コード": 207, "所在地": "島根県江津市和木町６０６－２４佐々木歯科医院", "緯度": 35.00215, "経度": 132.202275, "url": "https://www.iryou.teikyouseido.mhlw.go.jp/znk-web/juminkanja/S2430/initialize?prefCd=32&kikanCd=3325705490&kikanKbn=3", "url2": null, "内容": "佐々木歯科医院【3:歯科】島根県江津市和木町６０６－２４佐々木歯科医院" }, "geometry": { "type": "Point", "coordinates": [ 132.202275, 35.00215 ] } },
{ "type": "Feature", "properties": { "ID": 3233325705780, "正式名称": "長野歯科医院", "機関区分": 3, "都道府県コード": 32, "市区町村コード": 202, "所在地": "島根県浜田市熱田町７９６ー４", "緯度": 34.871668, "経度": 132.057557, "url": "https://www.iryou.teikyouseido.mhlw.go.jp/znk-web/juminkanja/S2430/initialize?prefCd=32&kikanCd=3325705780&kikanKbn=3", "url2": null, "内容": "長野歯科医院【3:歯科】島根県浜田市熱田町７９６ー４" }, "geometry": { "type": "Point", "coordinates": [ 132.057557, 34.871668 ] } },
{ "type": "Feature", "properties": { "ID": 3233325705810, "正式名称": "小松原歯科医院", "機関区分": 3, "都道府県コード": 32, "市区町村コード": 202, "所在地": "島根県浜田市長沢町３１１２－３", "緯度": 34.911392, "経度": 132.099672, "url": "https://www.iryou.teikyouseido.mhlw.go.jp/znk-web/juminkanja/S2430/initialize?prefCd=32&kikanCd=3325705810&kikanKbn=3", "url2": null, "内容": "小松原歯科医院【3:歯科】島根県浜田市長沢町３１１２－３" }, "geometry": { "type": "Point", "coordinates": [ 132.099672, 34.911392 ] } },
{ "type": "Feature", "properties": { "ID": 3233325706080, "正式名称": "平下歯科医院", "機関区分": 3, "都道府県コード": 32, "市区町村コード": 207, "所在地": "島根県江津市江津町８０９ー６平下歯科医院", "緯度": 35.014204, "経度": 132.226859, "url": "https://www.iryou.teikyouseido.mhlw.go.jp/znk-web/juminkanja/S2430/initialize?prefCd=32&kikanCd=3325706080&kikanKbn=3", "url2": null, "内容": "平下歯科医院【3:歯科】島根県江津市江津町８０９ー６平下歯科医院" }, "geometry": { "type": "Point", "coordinates": [ 132.226859, 35.014204 ] } },
{ "type": "Feature", "properties": { "ID": 3233325706110, "正式名称": "青笹歯科医院", "機関区分": 3, "都道府県コード": 32, "市区町村コード": 202, "所在地": "島根県浜田市朝日町７番地１２青笹歯科医院", "緯度": 34.898683, "経度": 132.083731, "url": "https://www.iryou.teikyouseido.mhlw.go.jp/znk-web/juminkanja/S2430/initialize?prefCd=32&kikanCd=3325706110&kikanKbn=3", "url2": null, "内容": "青笹歯科医院【3:歯科】島根県浜田市朝日町７番地１２青笹歯科医院" }, "geometry": { "type": "Point", "coordinates": [ 132.083731, 34.898683 ] } },
{ "type": "Feature", "properties": { "ID": 3233325706240, "正式名称": "ながうら歯科", "機関区分": 3, "都道府県コード": 32, "市区町村コード": 202, "所在地": "島根県浜田市片庭町９０－１", "緯度": 34.897561, "経度": 132.0725, "url": "https://www.iryou.teikyouseido.mhlw.go.jp/znk-web/juminkanja/S2430/initialize?prefCd=32&kikanCd=3325706240&kikanKbn=3", "url2": null, "内容": "ながうら歯科【3:歯科】島根県浜田市片庭町９０－１" }, "geometry": { "type": "Point", "coordinates": [ 132.0725, 34.897561 ] } },
{ "type": "Feature", "properties": { "ID": 3233325706370, "正式名称": "杉本歯科医院", "機関区分": 3, "都道府県コード": 32, "市区町村コード": 202, "所在地": "島根県浜田市国分町２３０４杉本歯科医院", "緯度": 34.938915, "経度": 132.115722, "url": "https://www.iryou.teikyouseido.mhlw.go.jp/znk-web/juminkanja/S2430/initialize?prefCd=32&kikanCd=3325706370&kikanKbn=3", "url2": null, "内容": "杉本歯科医院【3:歯科】島根県浜田市国分町２３０４杉本歯科医院" }, "geometry": { "type": "Point", "coordinates": [ 132.115722, 34.938915 ] } },
{ "type": "Feature", "properties": { "ID": 3233325706530, "正式名称": "医療法人こんどう歯科医院", "機関区分": 3, "都道府県コード": 32, "市区町村コード": 202, "所在地": "島根県浜田市治和町イ８９－７", "緯度": 34.857171, "経度": 132.021415, "url": "https://www.iryou.teikyouseido.mhlw.go.jp/znk-web/juminkanja/S2430/initialize?prefCd=32&kikanCd=3325706530&kikanKbn=3", "url2": null, "内容": "医療法人こんどう歯科医院【3:歯科】島根県浜田市治和町イ８９－７" }, "geometry": { "type": "Point", "coordinates": [ 132.021415, 34.857171 ] } },
{ "type": "Feature", "properties": { "ID": 3233325706660, "正式名称": "ふじい歯科クリニック", "機関区分": 3, "都道府県コード": 32, "市区町村コード": 207, "所在地": "島根県江津市敬川町　１１８１－１６", "緯度": 34.975192, "経度": 132.170706, "url": "https://www.iryou.teikyouseido.mhlw.go.jp/znk-web/juminkanja/S2430/initialize?prefCd=32&kikanCd=3325706660&kikanKbn=3", "url2": null, "内容": "ふじい歯科クリニック【3:歯科】島根県江津市敬川町　１１８１－１６" }, "geometry": { "type": "Point", "coordinates": [ 132.170706, 34.975192 ] } },
{ "type": "Feature", "properties": { "ID": 3233325706790, "正式名称": "医療法人社団ななづきオフィス　かずあきデンタルクリニック", "機関区分": 3, "都道府県コード": 32, "市区町村コード": 202, "所在地": "島根県浜田市長沢町１１８－８", "緯度": 34.908063, "経度": 132.098523, "url": "https://www.iryou.teikyouseido.mhlw.go.jp/znk-web/juminkanja/S2430/initialize?prefCd=32&kikanCd=3325706790&kikanKbn=3", "url2": null, "内容": "医療法人社団ななづきオフィス　かずあきデンタルクリニック【3:歯科】島根県浜田市長沢町１１８－８" }, "geometry": { "type": "Point", "coordinates": [ 132.098523, 34.908063 ] } },
{ "type": "Feature", "properties": { "ID": 3233325706950, "正式名称": "西島歯科医院", "機関区分": 3, "都道府県コード": 32, "市区町村コード": 202, "所在地": "島根県浜田市京町３６－２西島歯科医院", "緯度": 34.895542, "経度": 132.073122, "url": "https://www.iryou.teikyouseido.mhlw.go.jp/znk-web/juminkanja/S2430/initialize?prefCd=32&kikanCd=3325706950&kikanKbn=3", "url2": null, "内容": "西島歯科医院【3:歯科】島根県浜田市京町３６－２西島歯科医院" }, "geometry": { "type": "Point", "coordinates": [ 132.073122, 34.895542 ] } },
{ "type": "Feature", "properties": { "ID": 3233325707090, "正式名称": "医療法人口福会　パール歯科", "機関区分": 3, "都道府県コード": 32, "市区町村コード": 202, "所在地": "島根県浜田市黒川町４２２９－３", "緯度": 34.900158, "経度": 132.088753, "url": "https://www.iryou.teikyouseido.mhlw.go.jp/znk-web/juminkanja/S2430/initialize?prefCd=32&kikanCd=3325707090&kikanKbn=3", "url2": null, "内容": "医療法人口福会　パール歯科【3:歯科】島根県浜田市黒川町４２２９－３" }, "geometry": { "type": "Point", "coordinates": [ 132.088753, 34.900158 ] } },
{ "type": "Feature", "properties": { "ID": 3233325707250, "正式名称": "医療法人社団竹田歯科医院", "機関区分": 3, "都道府県コード": 32, "市区町村コード": 202, "所在地": "島根県浜田市周布町イ４３４−１", "緯度": 34.862686, "経度": 132.0252, "url": "https://www.iryou.teikyouseido.mhlw.go.jp/znk-web/juminkanja/S2430/initialize?prefCd=32&kikanCd=3325707250&kikanKbn=3", "url2": null, "内容": "医療法人社団竹田歯科医院【3:歯科】島根県浜田市周布町イ４３４−１" }, "geometry": { "type": "Point", "coordinates": [ 132.0252, 34.862686 ] } },
{ "type": "Feature", "properties": { "ID": 3233325707380, "正式名称": "山根歯科医院", "機関区分": 3, "都道府県コード": 32, "市区町村コード": 202, "所在地": "島根県浜田市三隅町三隅１３２５ー１", "緯度": 34.777092, "経度": 131.96465, "url": "https://www.iryou.teikyouseido.mhlw.go.jp/znk-web/juminkanja/S2430/initialize?prefCd=32&kikanCd=3325707380&kikanKbn=3", "url2": null, "内容": "山根歯科医院【3:歯科】島根県浜田市三隅町三隅１３２５ー１" }, "geometry": { "type": "Point", "coordinates": [ 131.96465, 34.777092 ] } },
{ "type": "Feature", "properties": { "ID": 3233325707540, "正式名称": "みやもと歯科医院", "機関区分": 3, "都道府県コード": 32, "市区町村コード": 202, "所在地": "島根県浜田市新町１－５", "緯度": 34.89765, "経度": 132.079211, "url": "https://www.iryou.teikyouseido.mhlw.go.jp/znk-web/juminkanja/S2430/initialize?prefCd=32&kikanCd=3325707540&kikanKbn=3", "url2": "miyamotoshika.net", "内容": "みやもと歯科医院【3:歯科】島根県浜田市新町１－５" }, "geometry": { "type": "Point", "coordinates": [ 132.079211, 34.89765 ] } },
{ "type": "Feature", "properties": { "ID": 3233325707830, "正式名称": "ますたに歯科クリニック", "機関区分": 3, "都道府県コード": 32, "市区町村コード": 202, "所在地": "島根県浜田市港町２６７－３", "緯度": 34.902903, "経度": 132.071014, "url": "https://www.iryou.teikyouseido.mhlw.go.jp/znk-web/juminkanja/S2430/initialize?prefCd=32&kikanCd=3325707830&kikanKbn=3", "url2": null, "内容": "ますたに歯科クリニック【3:歯科】島根県浜田市港町２６７－３" }, "geometry": { "type": "Point", "coordinates": [ 132.071014, 34.902903 ] } },
{ "type": "Feature", "properties": { "ID": 3233325707960, "正式名称": "永井歯科医院", "機関区分": 3, "都道府県コード": 32, "市区町村コード": 207, "所在地": "島根県江津市嘉久志町イ１２９９－１", "緯度": 35.008586, "経度": 132.216026, "url": "https://www.iryou.teikyouseido.mhlw.go.jp/znk-web/juminkanja/S2430/initialize?prefCd=32&kikanCd=3325707960&kikanKbn=3", "url2": null, "内容": "永井歯科医院【3:歯科】島根県江津市嘉久志町イ１２９９－１" }, "geometry": { "type": "Point", "coordinates": [ 132.216026, 35.008586 ] } },
{ "type": "Feature", "properties": { "ID": 3233325708000, "正式名称": "多田歯科医院", "機関区分": 3, "都道府県コード": 32, "市区町村コード": 207, "所在地": "島根県江津市都野津町２２８３－４", "緯度": 34.986967, "経度": 132.189347, "url": "https://www.iryou.teikyouseido.mhlw.go.jp/znk-web/juminkanja/S2430/initialize?prefCd=32&kikanCd=3325708000&kikanKbn=3", "url2": null, "内容": "多田歯科医院【3:歯科】島根県江津市都野津町２２８３－４" }, "geometry": { "type": "Point", "coordinates": [ 132.189347, 34.986967 ] } },
{ "type": "Feature", "properties": { "ID": 3233325800890, "正式名称": "医療法人　良歯会　椋歯科医院", "機関区分": 3, "都道府県コード": 32, "市区町村コード": 204, "所在地": "島根県益田市駅前町５－１１", "緯度": 34.676278, "経度": 131.842961, "url": "https://www.iryou.teikyouseido.mhlw.go.jp/znk-web/juminkanja/S2430/initialize?prefCd=32&kikanCd=3325800890&kikanKbn=3", "url2": null, "内容": "医療法人　良歯会　椋歯科医院【3:歯科】島根県益田市駅前町５－１１" }, "geometry": { "type": "Point", "coordinates": [ 131.842961, 34.676278 ] } },
{ "type": "Feature", "properties": { "ID": 3233325800920, "正式名称": "医療法人　歯徳会　伊東歯科医院", "機関区分": 3, "都道府県コード": 32, "市区町村コード": 204, "所在地": "島根県益田市有明町１－２１", "緯度": 34.67397, "経度": 131.846765, "url": "https://www.iryou.teikyouseido.mhlw.go.jp/znk-web/juminkanja/S2430/initialize?prefCd=32&kikanCd=3325800920&kikanKbn=3", "url2": null, "内容": "医療法人　歯徳会　伊東歯科医院【3:歯科】島根県益田市有明町１－２１" }, "geometry": { "type": "Point", "coordinates": [ 131.846765, 34.67397 ] } },
{ "type": "Feature", "properties": { "ID": 3233325801060, "正式名称": "医療法人河広会　河野歯科", "機関区分": 3, "都道府県コード": 32, "市区町村コード": 204, "所在地": "島根県益田市幸町１－３", "緯度": 34.672669, "経度": 131.851717, "url": "https://www.iryou.teikyouseido.mhlw.go.jp/znk-web/juminkanja/S2430/initialize?prefCd=32&kikanCd=3325801060&kikanKbn=3", "url2": null, "内容": "医療法人河広会　河野歯科【3:歯科】島根県益田市幸町１－３" }, "geometry": { "type": "Point", "coordinates": [ 131.851717, 34.672669 ] } },
{ "type": "Feature", "properties": { "ID": 3233325802100, "正式名称": "財間歯科医院", "機関区分": 3, "都道府県コード": 32, "市区町村コード": 501, "所在地": "島根県鹿足郡津和野町後田ロ１２０", "緯度": 34.467666, "経度": 131.774682, "url": "https://www.iryou.teikyouseido.mhlw.go.jp/znk-web/juminkanja/S2430/initialize?prefCd=32&kikanCd=3325802100&kikanKbn=3", "url2": "https://dental.practice.jp/zaima/", "内容": "財間歯科医院【3:歯科】島根県鹿足郡津和野町後田ロ１２０" }, "geometry": { "type": "Point", "coordinates": [ 131.774682, 34.467666 ] } },
{ "type": "Feature", "properties": { "ID": 3233325802810, "正式名称": "大田歯科医院", "機関区分": 3, "都道府県コード": 32, "市区町村コード": 204, "所在地": "島根県益田市あけぼの西町１２－１", "緯度": 34.681502, "経度": 131.838206, "url": "https://www.iryou.teikyouseido.mhlw.go.jp/znk-web/juminkanja/S2430/initialize?prefCd=32&kikanCd=3325802810&kikanKbn=3", "url2": "https://ohatashika.simdif.com/", "内容": "大田歯科医院【3:歯科】島根県益田市あけぼの西町１２－１" }, "geometry": { "type": "Point", "coordinates": [ 131.838206, 34.681502 ] } },
{ "type": "Feature", "properties": { "ID": 3233325803080, "正式名称": "大庭歯科医院", "機関区分": 3, "都道府県コード": 32, "市区町村コード": 204, "所在地": "島根県益田市須子町２０－３８", "緯度": 34.675171, "経度": 131.828209, "url": "https://www.iryou.teikyouseido.mhlw.go.jp/znk-web/juminkanja/S2430/initialize?prefCd=32&kikanCd=3325803080&kikanKbn=3", "url2": null, "内容": "大庭歯科医院【3:歯科】島根県益田市須子町２０－３８" }, "geometry": { "type": "Point", "coordinates": [ 131.828209, 34.675171 ] } },
{ "type": "Feature", "properties": { "ID": 3233325803110, "正式名称": "中島歯科医院", "機関区分": 3, "都道府県コード": 32, "市区町村コード": 204, "所在地": "島根県益田市高津五丁目１４番２４号", "緯度": 34.688868, "経度": 131.822577, "url": "https://www.iryou.teikyouseido.mhlw.go.jp/znk-web/juminkanja/S2430/initialize?prefCd=32&kikanCd=3325803110&kikanKbn=3", "url2": null, "内容": "中島歯科医院【3:歯科】島根県益田市高津五丁目１４番２４号" }, "geometry": { "type": "Point", "coordinates": [ 131.822577, 34.688868 ] } },
{ "type": "Feature", "properties": { "ID": 3233325803240, "正式名称": "安村歯科医院", "機関区分": 3, "都道府県コード": 32, "市区町村コード": 204, "所在地": "島根県益田市下本郷町１７７番地２", "緯度": 34.688194, "経度": 131.85054, "url": "https://www.iryou.teikyouseido.mhlw.go.jp/znk-web/juminkanja/S2430/initialize?prefCd=32&kikanCd=3325803240&kikanKbn=3", "url2": null, "内容": "安村歯科医院【3:歯科】島根県益田市下本郷町１７７番地２" }, "geometry": { "type": "Point", "coordinates": [ 131.85054, 34.688194 ] } },
{ "type": "Feature", "properties": { "ID": 3233325803400, "正式名称": "万葉歯科医院", "機関区分": 3, "都道府県コード": 32, "市区町村コード": 204, "所在地": "島根県益田市高津一丁目３７－２４万葉歯科医院", "緯度": 34.681081, "経度": 131.821867, "url": "https://www.iryou.teikyouseido.mhlw.go.jp/znk-web/juminkanja/S2430/initialize?prefCd=32&kikanCd=3325803400&kikanKbn=3", "url2": null, "内容": "万葉歯科医院【3:歯科】島根県益田市高津一丁目３７－２４万葉歯科医院" }, "geometry": { "type": "Point", "coordinates": [ 131.821867, 34.681081 ] } },
{ "type": "Feature", "properties": { "ID": 3233325803530, "正式名称": "ことぶき歯科医院", "機関区分": 3, "都道府県コード": 32, "市区町村コード": 204, "所在地": "島根県益田市幸町４番７１号", "緯度": 34.673929, "経度": 131.854624, "url": "https://www.iryou.teikyouseido.mhlw.go.jp/znk-web/juminkanja/S2430/initialize?prefCd=32&kikanCd=3325803530&kikanKbn=3", "url2": "https://www.iwami.or.jp/kotobuki/kotobuki_dental_office/HOME.html", "内容": "ことぶき歯科医院【3:歯科】島根県益田市幸町４番７１号" }, "geometry": { "type": "Point", "coordinates": [ 131.854624, 34.673929 ] } },
{ "type": "Feature", "properties": { "ID": 3233325803660, "正式名称": "大同歯科医院", "機関区分": 3, "都道府県コード": 32, "市区町村コード": 204, "所在地": "島根県益田市幸町３－３７", "緯度": 34.673569, "経度": 131.852878, "url": "https://www.iryou.teikyouseido.mhlw.go.jp/znk-web/juminkanja/S2430/initialize?prefCd=32&kikanCd=3325803660&kikanKbn=3", "url2": null, "内容": "大同歯科医院【3:歯科】島根県益田市幸町３－３７" }, "geometry": { "type": "Point", "coordinates": [ 131.852878, 34.673569 ] } },
{ "type": "Feature", "properties": { "ID": 3233325803790, "正式名称": "こうの歯科医院", "機関区分": 3, "都道府県コード": 32, "市区町村コード": 505, "所在地": "島根県鹿足郡吉賀町七日市４７８－１", "緯度": 34.387461, "経度": 131.888861, "url": "https://www.iryou.teikyouseido.mhlw.go.jp/znk-web/juminkanja/S2430/initialize?prefCd=32&kikanCd=3325803790&kikanKbn=3", "url2": null, "内容": "こうの歯科医院【3:歯科】島根県鹿足郡吉賀町七日市４７８－１" }, "geometry": { "type": "Point", "coordinates": [ 131.888861, 34.387461 ] } },
{ "type": "Feature", "properties": { "ID": 3233325803820, "正式名称": "医療法人　しらがみ歯科", "機関区分": 3, "都道府県コード": 32, "市区町村コード": 204, "所在地": "島根県益田市久城町９１１－２", "緯度": 34.704858, "経度": 131.848489, "url": "https://www.iryou.teikyouseido.mhlw.go.jp/znk-web/juminkanja/S2430/initialize?prefCd=32&kikanCd=3325803820&kikanKbn=3", "url2": "http://shiragami-dent.or.jp/", "内容": "医療法人　しらがみ歯科【3:歯科】島根県益田市久城町９１１－２" }, "geometry": { "type": "Point", "coordinates": [ 131.848489, 34.704858 ] } },
{ "type": "Feature", "properties": { "ID": 3233325803950, "正式名称": "医療法人如水会　おがさわら歯科", "機関区分": 3, "都道府県コード": 32, "市区町村コード": 505, "所在地": "島根県鹿足郡吉賀町六日市４１１－３", "緯度": 34.351987, "経度": 131.936835, "url": "https://www.iryou.teikyouseido.mhlw.go.jp/znk-web/juminkanja/S2430/initialize?prefCd=32&kikanCd=3325803950&kikanKbn=3", "url2": null, "内容": "医療法人如水会　おがさわら歯科【3:歯科】島根県鹿足郡吉賀町六日市４１１－３" }, "geometry": { "type": "Point", "coordinates": [ 131.936835, 34.351987 ] } },
{ "type": "Feature", "properties": { "ID": 3233325804090, "正式名称": "みゆき歯科", "機関区分": 3, "都道府県コード": 32, "市区町村コード": 204, "所在地": "島根県益田市染羽町４－３５", "緯度": 34.679871, "経度": 131.864248, "url": "https://www.iryou.teikyouseido.mhlw.go.jp/znk-web/juminkanja/S2430/initialize?prefCd=32&kikanCd=3325804090&kikanKbn=3", "url2": null, "内容": "みゆき歯科【3:歯科】島根県益田市染羽町４－３５" }, "geometry": { "type": "Point", "coordinates": [ 131.864248, 34.679871 ] } },
{ "type": "Feature", "properties": { "ID": 3233325804120, "正式名称": "医療法人里山会澄川歯科医院", "機関区分": 3, "都道府県コード": 32, "市区町村コード": 204, "所在地": "島根県益田市美都町仙道９１１ー１", "緯度": 34.678406, "経度": 131.93752, "url": "https://www.iryou.teikyouseido.mhlw.go.jp/znk-web/juminkanja/S2430/initialize?prefCd=32&kikanCd=3325804120&kikanKbn=3", "url2": null, "内容": "医療法人里山会澄川歯科医院【3:歯科】島根県益田市美都町仙道９１１ー１" }, "geometry": { "type": "Point", "coordinates": [ 131.93752, 34.678406 ] } },
{ "type": "Feature", "properties": { "ID": 3233325804250, "正式名称": "美都歯科診療所", "機関区分": 3, "都道府県コード": 32, "市区町村コード": 204, "所在地": "島根県益田市美都町都茂１１６５－１", "緯度": 34.668585, "経度": 131.985581, "url": "https://www.iryou.teikyouseido.mhlw.go.jp/znk-web/juminkanja/S2430/initialize?prefCd=32&kikanCd=3325804250&kikanKbn=3", "url2": null, "内容": "美都歯科診療所【3:歯科】島根県益田市美都町都茂１１６５－１" }, "geometry": { "type": "Point", "coordinates": [ 131.985581, 34.668585 ] } },
{ "type": "Feature", "properties": { "ID": 3233325804540, "正式名称": "医療法人　良歯会　歯科　緑ヶ丘クリニック", "機関区分": 3, "都道府県コード": 32, "市区町村コード": 204, "所在地": "島根県益田市高津６丁目１６番地３０", "緯度": 34.689572, "経度": 131.812113, "url": "https://www.iryou.teikyouseido.mhlw.go.jp/znk-web/juminkanja/S2430/initialize?prefCd=32&kikanCd=3325804540&kikanKbn=3", "url2": null, "内容": "医療法人　良歯会　歯科　緑ヶ丘クリニック【3:歯科】島根県益田市高津６丁目１６番地３０" }, "geometry": { "type": "Point", "coordinates": [ 131.812113, 34.689572 ] } },
{ "type": "Feature", "properties": { "ID": 3233325805000, "正式名称": "こころ歯科", "機関区分": 3, "都道府県コード": 32, "市区町村コード": 204, "所在地": "島根県益田市遠田町３２６－１", "緯度": 34.721128, "経度": 131.862026, "url": "https://www.iryou.teikyouseido.mhlw.go.jp/znk-web/juminkanja/S2430/initialize?prefCd=32&kikanCd=3325805000&kikanKbn=3", "url2": "https://cocoroshika.jimdofree.com/", "内容": "こころ歯科【3:歯科】島根県益田市遠田町３２６－１" }, "geometry": { "type": "Point", "coordinates": [ 131.862026, 34.721128 ] } },
{ "type": "Feature", "properties": { "ID": 3233325805130, "正式名称": "医療法人里山会匹見歯科診療所", "機関区分": 3, "都道府県コード": 32, "市区町村コード": 204, "所在地": "島根県益田市匹見町匹見イ１１６６", "緯度": 34.556054, "経度": 132.068285, "url": "https://www.iryou.teikyouseido.mhlw.go.jp/znk-web/juminkanja/S2430/initialize?prefCd=32&kikanCd=3325805130&kikanKbn=3", "url2": null, "内容": "医療法人里山会匹見歯科診療所【3:歯科】島根県益田市匹見町匹見イ１１６６" }, "geometry": { "type": "Point", "coordinates": [ 132.068285, 34.556054 ] } },
{ "type": "Feature", "properties": { "ID": 3233325805260, "正式名称": "医療法人社団樹会　Ｄｅｎｔａｌ　Ｃｌｉｎｉｃ　樹", "機関区分": 3, "都道府県コード": 32, "市区町村コード": 204, "所在地": "島根県益田市乙吉町イ９６－５ビジネスコート乙吉３Ｆ", "緯度": 34.685031, "経度": 131.845139, "url": "https://www.iryou.teikyouseido.mhlw.go.jp/znk-web/juminkanja/S2430/initialize?prefCd=32&kikanCd=3325805260&kikanKbn=3", "url2": null, "内容": "医療法人社団樹会　Ｄｅｎｔａｌ　Ｃｌｉｎｉｃ　樹【3:歯科】島根県益田市乙吉町イ９６－５ビジネスコート乙吉３Ｆ" }, "geometry": { "type": "Point", "coordinates": [ 131.845139, 34.685031 ] } },
{ "type": "Feature", "properties": { "ID": 3233325805390, "正式名称": "さいとうファミリー歯科", "機関区分": 3, "都道府県コード": 32, "市区町村コード": 204, "所在地": "島根県益田市横田町４２６ー６", "緯度": 34.624874, "経度": 131.8068, "url": "https://www.iryou.teikyouseido.mhlw.go.jp/znk-web/juminkanja/S2430/initialize?prefCd=32&kikanCd=3325805390&kikanKbn=3", "url2": "http://g.co/kgs/Wks7aGd", "内容": "さいとうファミリー歯科【3:歯科】島根県益田市横田町４２６ー６" }, "geometry": { "type": "Point", "coordinates": [ 131.8068, 34.624874 ] } },
{ "type": "Feature", "properties": { "ID": 3233325805420, "正式名称": "医療法人蒼葉会かもしま歯科", "機関区分": 3, "都道府県コード": 32, "市区町村コード": 204, "所在地": "島根県益田市かもしま西町２－１２", "緯度": 34.693547, "経度": 131.832567, "url": "https://www.iryou.teikyouseido.mhlw.go.jp/znk-web/juminkanja/S2430/initialize?prefCd=32&kikanCd=3325805420&kikanKbn=3", "url2": null, "内容": "医療法人蒼葉会かもしま歯科【3:歯科】島根県益田市かもしま西町２－１２" }, "geometry": { "type": "Point", "coordinates": [ 131.832567, 34.693547 ] } },
{ "type": "Feature", "properties": { "ID": 3233325805550, "正式名称": "おむら歯科医院", "機関区分": 3, "都道府県コード": 32, "市区町村コード": 204, "所在地": "島根県益田市駅前町３１ー２４", "緯度": 34.677242, "経度": 131.83867, "url": "https://www.iryou.teikyouseido.mhlw.go.jp/znk-web/juminkanja/S2430/initialize?prefCd=32&kikanCd=3325805550&kikanKbn=3", "url2": "https://www.omura-dc.com/", "内容": "おむら歯科医院【3:歯科】島根県益田市駅前町３１ー２４" }, "geometry": { "type": "Point", "coordinates": [ 131.83867, 34.677242 ] } },
{ "type": "Feature", "properties": { "ID": 3233325805680, "正式名称": "永田歯科医院", "機関区分": 3, "都道府県コード": 32, "市区町村コード": 501, "所在地": "島根県鹿足郡津和野町枕瀬１８９－１８", "緯度": 34.542581, "経度": 131.836518, "url": "https://www.iryou.teikyouseido.mhlw.go.jp/znk-web/juminkanja/S2430/initialize?prefCd=32&kikanCd=3325805680&kikanKbn=3", "url2": "http://tsuwano-nagatashika.jp", "内容": "永田歯科医院【3:歯科】島根県鹿足郡津和野町枕瀬１８９－１８" }, "geometry": { "type": "Point", "coordinates": [ 131.836518, 34.542581 ] } },
{ "type": "Feature", "properties": { "ID": 3233325805710, "正式名称": "さいとう歯科医院", "機関区分": 3, "都道府県コード": 32, "市区町村コード": 204, "所在地": "島根県益田市駅前町２２ー４", "緯度": 34.676971, "経度": 131.837023, "url": "https://www.iryou.teikyouseido.mhlw.go.jp/znk-web/juminkanja/S2430/initialize?prefCd=32&kikanCd=3325805710&kikanKbn=3", "url2": "https://www.saito-shika.org/", "内容": "さいとう歯科医院【3:歯科】島根県益田市駅前町２２ー４" }, "geometry": { "type": "Point", "coordinates": [ 131.837023, 34.676971 ] } },
{ "type": "Feature", "properties": { "ID": 3233325900400, "正式名称": "隠岐の島町国民健康保険五箇歯科診療所", "機関区分": 3, "都道府県コード": 32, "市区町村コード": 528, "所在地": "島根県隠岐郡隠岐の島町郡５８４番地１", "緯度": 36.284232, "経度": 133.250152, "url": "https://www.iryou.teikyouseido.mhlw.go.jp/znk-web/juminkanja/S2430/initialize?prefCd=32&kikanCd=3325900400&kikanKbn=3", "url2": "https://okikouiki.jp/clinic/", "内容": "隠岐の島町国民健康保険五箇歯科診療所【3:歯科】島根県隠岐郡隠岐の島町郡５８４番地１" }, "geometry": { "type": "Point", "coordinates": [ 133.250152, 36.284232 ] } },
{ "type": "Feature", "properties": { "ID": 3233325900660, "正式名称": "酒井歯科医院", "機関区分": 3, "都道府県コード": 32, "市区町村コード": 528, "所在地": "島根県隠岐郡隠岐の島町西町吉田の三１６ー１１", "緯度": 36.207674, "経度": 133.326355, "url": "https://www.iryou.teikyouseido.mhlw.go.jp/znk-web/juminkanja/S2430/initialize?prefCd=32&kikanCd=3325900660&kikanKbn=3", "url2": null, "内容": "酒井歯科医院【3:歯科】島根県隠岐郡隠岐の島町西町吉田の三１６ー１１" }, "geometry": { "type": "Point", "coordinates": [ 133.326355, 36.207674 ] } },
{ "type": "Feature", "properties": { "ID": 3233325900820, "正式名称": "隠岐の島町国民健康保険中村歯科診療所", "機関区分": 3, "都道府県コード": 32, "市区町村コード": 528, "所在地": "島根県隠岐郡隠岐の島町中村８番地１", "緯度": 36.321672, "経度": 133.304436, "url": "https://www.iryou.teikyouseido.mhlw.go.jp/znk-web/juminkanja/S2430/initialize?prefCd=32&kikanCd=3325900820&kikanKbn=3", "url2": null, "内容": "隠岐の島町国民健康保険中村歯科診療所【3:歯科】島根県隠岐郡隠岐の島町中村８番地１" }, "geometry": { "type": "Point", "coordinates": [ 133.304436, 36.321672 ] } },
{ "type": "Feature", "properties": { "ID": 3233325901120, "正式名称": "隠岐の島町国民健康保険都万歯科診療所", "機関区分": 3, "都道府県コード": 32, "市区町村コード": 528, "所在地": "島根県隠岐郡隠岐の島町都万１７７３ー１", "緯度": 36.197933, "経度": 133.22598, "url": "https://www.iryou.teikyouseido.mhlw.go.jp/znk-web/juminkanja/S2430/initialize?prefCd=32&kikanCd=3325901120&kikanKbn=3", "url2": null, "内容": "隠岐の島町国民健康保険都万歯科診療所【3:歯科】島根県隠岐郡隠岐の島町都万１７７３ー１" }, "geometry": { "type": "Point", "coordinates": [ 133.22598, 36.197933 ] } },
{ "type": "Feature", "properties": { "ID": 3233326000600, "正式名称": "国民健康保険知夫村歯科診療所", "機関区分": 3, "都道府県コード": 32, "市区町村コード": 527, "所在地": "島根県隠岐郡知夫村１１０６－３", "緯度": 36.013783, "経度": 133.04112, "url": "https://www.iryou.teikyouseido.mhlw.go.jp/znk-web/juminkanja/S2430/initialize?prefCd=32&kikanCd=3326000600&kikanKbn=3", "url2": null, "内容": "国民健康保険知夫村歯科診療所【3:歯科】島根県隠岐郡知夫村１１０６－３" }, "geometry": { "type": "Point", "coordinates": [ 133.04112, 36.013783 ] } },
{ "type": "Feature", "properties": { "ID": 3233326000860, "正式名称": "海士町国民健康保険海士歯科診療所", "機関区分": 3, "都道府県コード": 32, "市区町村コード": 525, "所在地": "島根県隠岐郡海士町海士１４６６", "緯度": 36.09596, "経度": 133.094794, "url": "https://www.iryou.teikyouseido.mhlw.go.jp/znk-web/juminkanja/S2430/initialize?prefCd=32&kikanCd=3326000860&kikanKbn=3", "url2": "http://www.town.ama.shimane.jp/", "内容": "海士町国民健康保険海士歯科診療所【3:歯科】島根県隠岐郡海士町海士１４６６" }, "geometry": { "type": "Point", "coordinates": [ 133.094794, 36.09596 ] } },
{ "type": "Feature", "properties": { "ID": 3233326100180, "正式名称": "前田歯科医院", "機関区分": 3, "都道府県コード": 32, "市区町村コード": 205, "所在地": "島根県大田市温泉津町小浜イ１０－９", "緯度": 35.092131, "経度": 132.348895, "url": "https://www.iryou.teikyouseido.mhlw.go.jp/znk-web/juminkanja/S2430/initialize?prefCd=32&kikanCd=3326100180&kikanKbn=3", "url2": "https://www.maeda-shika-iin.com/", "内容": "前田歯科医院【3:歯科】島根県大田市温泉津町小浜イ１０－９" }, "geometry": { "type": "Point", "coordinates": [ 132.348895, 35.092131 ] } },
{ "type": "Feature", "properties": { "ID": 3233326100630, "正式名称": "桜江歯科医院", "機関区分": 3, "都道府県コード": 32, "市区町村コード": 207, "所在地": "島根県江津市桜江町川戸１０２－５", "緯度": 34.957924, "経度": 132.33504, "url": "https://www.iryou.teikyouseido.mhlw.go.jp/znk-web/juminkanja/S2430/initialize?prefCd=32&kikanCd=3326100630&kikanKbn=3", "url2": null, "内容": "桜江歯科医院【3:歯科】島根県江津市桜江町川戸１０２－５" }, "geometry": { "type": "Point", "coordinates": [ 132.33504, 34.957924 ] } },
{ "type": "Feature", "properties": { "ID": 3233326100760, "正式名称": "もりわき歯科クリニック", "機関区分": 3, "都道府県コード": 32, "市区町村コード": 205, "所在地": "島根県大田市大田町大田イ２４４番地２", "緯度": 35.200621, "経度": 132.49755, "url": "https://www.iryou.teikyouseido.mhlw.go.jp/znk-web/juminkanja/S2430/initialize?prefCd=32&kikanCd=3326100760&kikanKbn=3", "url2": null, "内容": "もりわき歯科クリニック【3:歯科】島根県大田市大田町大田イ２４４番地２" }, "geometry": { "type": "Point", "coordinates": [ 132.49755, 35.200621 ] } },
{ "type": "Feature", "properties": { "ID": 3233326100890, "正式名称": "医療法人　大浜屋会　デンタル・アート・クリニック", "機関区分": 3, "都道府県コード": 32, "市区町村コード": 205, "所在地": "島根県大田市大田町大田ロ９７９−１", "緯度": 35.197803, "経度": 132.50294, "url": "https://www.iryou.teikyouseido.mhlw.go.jp/znk-web/juminkanja/S2430/initialize?prefCd=32&kikanCd=3326100890&kikanKbn=3", "url2": null, "内容": "医療法人　大浜屋会　デンタル・アート・クリニック【3:歯科】島根県大田市大田町大田ロ９７９−１" }, "geometry": { "type": "Point", "coordinates": [ 132.50294, 35.197803 ] } },
{ "type": "Feature", "properties": { "ID": 3233326100920, "正式名称": "あおば歯科医院", "機関区分": 3, "都道府県コード": 32, "市区町村コード": 205, "所在地": "島根県大田市大田町吉永柳ケ坪１５５１−１", "緯度": 35.18054, "経度": 132.50078, "url": "https://www.iryou.teikyouseido.mhlw.go.jp/znk-web/juminkanja/S2430/initialize?prefCd=32&kikanCd=3326100920&kikanKbn=3", "url2": null, "内容": "あおば歯科医院【3:歯科】島根県大田市大田町吉永柳ケ坪１５５１−１" }, "geometry": { "type": "Point", "coordinates": [ 132.50078, 35.18054 ] } },
{ "type": "Feature", "properties": { "ID": 3233326101060, "正式名称": "医療法人中村歯科クリニック", "機関区分": 3, "都道府県コード": 32, "市区町村コード": 205, "所在地": "島根県大田市長久町長久イ２８１－１", "緯度": 35.19978, "経度": 132.49117, "url": "https://www.iryou.teikyouseido.mhlw.go.jp/znk-web/juminkanja/S2430/initialize?prefCd=32&kikanCd=3326101060&kikanKbn=3", "url2": null, "内容": "医療法人中村歯科クリニック【3:歯科】島根県大田市長久町長久イ２８１－１" }, "geometry": { "type": "Point", "coordinates": [ 132.49117, 35.19978 ] } },
{ "type": "Feature", "properties": { "ID": 3233326101190, "正式名称": "景山デンタルクリニック", "機関区分": 3, "都道府県コード": 32, "市区町村コード": 205, "所在地": "島根県大田市大田町大田イ６３６ー１", "緯度": 35.197803, "経度": 132.50294, "url": "https://www.iryou.teikyouseido.mhlw.go.jp/znk-web/juminkanja/S2430/initialize?prefCd=32&kikanCd=3326101190&kikanKbn=3", "url2": null, "内容": "景山デンタルクリニック【3:歯科】島根県大田市大田町大田イ６３６ー１" }, "geometry": { "type": "Point", "coordinates": [ 132.50294, 35.197803 ] } },
{ "type": "Feature", "properties": { "ID": 3233326101220, "正式名称": "大庭歯科医院", "機関区分": 3, "都道府県コード": 32, "市区町村コード": 205, "所在地": "島根県大田市祖式町１０８２－１", "緯度": 35.065424, "経度": 132.451795, "url": "https://www.iryou.teikyouseido.mhlw.go.jp/znk-web/juminkanja/S2430/initialize?prefCd=32&kikanCd=3326101220&kikanKbn=3", "url2": null, "内容": "大庭歯科医院【3:歯科】島根県大田市祖式町１０８２－１" }, "geometry": { "type": "Point", "coordinates": [ 132.451795, 35.065424 ] } },
{ "type": "Feature", "properties": { "ID": 3233326101480, "正式名称": "藤本歯科医院", "機関区分": 3, "都道府県コード": 32, "市区町村コード": 449, "所在地": "島根県邑智郡邑南町矢上９９３番地７藤本歯科医院", "緯度": 34.892941, "経度": 132.437981, "url": "https://www.iryou.teikyouseido.mhlw.go.jp/znk-web/juminkanja/S2430/initialize?prefCd=32&kikanCd=3326101480&kikanKbn=3", "url2": "https://fdc-ohnan.com", "内容": "藤本歯科医院【3:歯科】島根県邑智郡邑南町矢上９９３番地７藤本歯科医院" }, "geometry": { "type": "Point", "coordinates": [ 132.437981, 34.892941 ] } },
{ "type": "Feature", "properties": { "ID": 3233326200530, "正式名称": "にしのしま歯科", "機関区分": 3, "都道府県コード": 32, "市区町村コード": 526, "所在地": "島根県隠岐郡西ノ島町浦郷５４４−１５", "緯度": 36.092868, "経度": 132.994545, "url": "https://www.iryou.teikyouseido.mhlw.go.jp/znk-web/juminkanja/S2430/initialize?prefCd=32&kikanCd=3326200530&kikanKbn=3", "url2": null, "内容": "にしのしま歯科【3:歯科】島根県隠岐郡西ノ島町浦郷５４４−１５" }, "geometry": { "type": "Point", "coordinates": [ 132.994545, 36.092868 ] } },
{ "type": "Feature", "properties": { "ID": 3233326200660, "正式名称": "隠岐の島町国民健康保険西郷歯科診療所", "機関区分": 3, "都道府県コード": 32, "市区町村コード": 528, "所在地": "島根県隠岐郡隠岐の島町西町八尾の一１番地７", "緯度": 36.203532, "経度": 133.333803, "url": "https://www.iryou.teikyouseido.mhlw.go.jp/znk-web/juminkanja/S2430/initialize?prefCd=32&kikanCd=3326200660&kikanKbn=3", "url2": null, "内容": "隠岐の島町国民健康保険西郷歯科診療所【3:歯科】島根県隠岐郡隠岐の島町西町八尾の一１番地７" }, "geometry": { "type": "Point", "coordinates": [ 133.333803, 36.203532 ] } }
]
}
